0,1,2,3,4,5,MOSS-7B-A800-FlashAttnSparse-0-LongFormer7-Full_correct,MOSS-7B-A800-FlashAttnSparse-0-LongFormer7-Full_choiceA_probs,MOSS-7B-A800-FlashAttnSparse-0-LongFormer7-Full_choiceB_probs,MOSS-7B-A800-FlashAttnSparse-0-LongFormer7-Full_choiceC_probs,MOSS-7B-A800-FlashAttnSparse-0-LongFormer7-Full_choiceD_probs
An important source of information on the credit rating of retail businesses is,the Retail Merchants Association,the local chamber of commerce,"Dun & Bradstreet, Inc.",the United States Retail Credit Association,C,True,0.010393912,0.067776814,0.85190094,0.06992829
"In preparation for a writing unit on short stories, a teacher presents students with several examples of short stories and works with them to identify defining characteristics of the genre. Which of the following best describes this instructional strategy?",Conferencing,Discipline-based inquiry,Self-Regulated Strategy Development,Introduction-Body-Conclusion strategy,B,True,0.14810589,0.35528755,0.23667252,0.25993395
Paper will burn at approximately what temperature in Fahrenheit?,986 degrees,2125 degrees,3985 degrees,451 degrees,D,False,0.13903084,0.40229905,0.22217064,0.2364994
The Apple iMac computer is available in all of the following colors except which?,Tangerine,Strawberry,Kiwi,Grape,C,False,0.13595068,0.2969436,0.18582256,0.38128313
What were the first names of the early American explorers Lewisand Clark?,Morgan and Mason,Meriwether and William,Cabot and Joseph,Meredith and George,B,True,0.22219935,0.7285636,0.026537929,0.022699092
"A teacher provides support for small, flexible groups of beginning readers. As students read a text or a book that is unfamiliar to them, the teacher works with the students to teach them how to use a variety of reading strategies. Which of the following reading approaches is described?",Direct instruction,Literature circle,Guided reading,Read-aloud,C,False,0.08863493,0.373167,0.35055795,0.18764016
What is varicella?,a fancy pasta,a type of opera,the chicken pox virus,ancient Roman poetry,C,True,0.005330913,0.033692405,0.9543423,0.0066344277
Which of the following materials has a resistance that is LEAST affected by temperature changes?,Copper,Carbon,Germanium,Silicon,A,False,0.22273318,0.29507354,0.2298035,0.25238976
A second-year college student is usually called a what?,sophomore,senior,freshman,junior,A,False,0.3743943,0.38627887,0.22009507,0.019231692
In the film 'The Talented Mr Ripley' who plays Mr Ripley?,Jude Law,Matt Damon,Dustin Hoffman,Ben Affleck,B,True,0.28159633,0.46427387,0.121113084,0.13301669
A hard-edge painting is most likely to be characterized by,"an even, solid paint application",blurry color mixed on the painting's surface,scratchy brush marks clearly separated,translucent multiple layers of paint,A,False,0.11382364,0.31922626,0.18188965,0.3850604
Who was president of the United States when Bill Clinton was born?,Herbert Hoover,Harry S Truman,Franklin Roosevelt,Dwight Eisenhower,B,True,0.07271145,0.44541162,0.36925918,0.112617694
Which of the following lists includes minerals only?,"Granite, gabbro, diorite, quartz, feldspar","Gold, quartz, topaz, diamond, corundum","Gneiss, schist, phyllite, chlorite, mica","Coal, chert, limestone, dolomite, halite",B,True,0.23941392,0.3947268,0.15457724,0.21128204
Which of the following is a likely outcome of the development and use of genetically modified plants?,Reduced cost of plant seeds,New plant varieties being patented,Increased genetic diversity within a planted field,Less oversight and fewer regulations than for unmodified crops,B,True,0.13234697,0.35975635,0.16993687,0.33795983
"A teacher reads aloud Where the Wild Things Are, a picture storybook in which a boy named Max encounters wild monsters that are vividly portrayed. The teacher then shows the students picture cards depicting scenes from the beginning, middle, and end of the story. Which of the following concepts of literary structure is the teacher helping students understand?",Plot sequence,Point of view,Character development,Setting,A,False,0.2547518,0.47593898,0.1241561,0.1451532
"Which movie popularized the phrase ""You talkin' to me?""",Ghost Busters,Taxi Driver,Joker,Groundhog Day,B,True,0.17786737,0.72580993,0.032902155,0.063420564
Which of the following most likely indicates the presence of water in the hydraulic system in a piece of farm machinery?,"A grayish, milky fluid",Excessive fluid use,Excessive thinning of the fluid,A noisy relief valve,A,True,0.364586,0.34249684,0.16691963,0.12599756
What animal represents the year 2000 on the Chinese calendar?,dragon,rabbit,tiger,monkey,A,False,0.25537935,0.5577998,0.14103387,0.045786995
Which of the following is part of a farm combine?,Beater,Conditioner,Seed plate,Furrow opener,A,False,0.21433632,0.37617195,0.21433632,0.19515544
According to legend in what country are you most likely to meet a leprechaun?,Ireland,Poland,Greenland,Scotland,A,True,0.677755,0.17680296,0.04470279,0.100739285
During which of the following processes within the hydrologic cycle do water molecules absorb energy?,Formation of ice from water,Formation of a cloud from water vapor,Runoff along the land surface,Evaporation from the ocean surface,D,False,0.09088597,0.574417,0.15950984,0.17518729
What French city is home to a famous international film festival each spring?,Cannes,Marseille,Dijon,Lyon,A,True,0.6721656,0.19869176,0.10307993,0.026062688
What do you call three consecutive strikes in bowling?,yahtzee,mulligan,turkey,ace,C,False,0.3116166,0.33171415,0.16166456,0.19500469
Which of the boys on the TV show 'My Three Sons' is adopted?,Mike,Ernie,Chip,Robbie,B,True,0.2251064,0.395074,0.1547132,0.2251064
Which of these horror films spawned the most sequels?,Scream',Jaws',Halloween',Friday the 13th',D,False,0.13375376,0.43856168,0.20716186,0.22052266
What is the name of the female character played by comedian Flip Wilson on his 1970s TV show?,Miss Jackie,Elizabeth Sanford,Geraldine Jones,Gladys Knight,C,True,0.14754197,0.30273646,0.45446128,0.095260255
What kind of animal is a peregrine?,moose,cat,bird,fish,C,True,0.007200851,0.057531014,0.9285036,0.006764574
What part of the human body does a gastroenterologist examine?,Brain,Skeleton,Stomach,Nose,C,True,0.003147148,0.019582214,0.9734745,0.0037961851
A piece of paper that appears blue in sunlight is illuminated solely by a red light that is passed through a green filter. What color does the paper appear under this illumination?,Blue,Green,Red,Black,D,False,0.28534666,0.45598266,0.18423365,0.07443713
Meat should be kept frozen at what temperature in degrees Fahrenheit?,0 degrees or below,between 10 and 20 degrees,between 20 and 30 degrees,just below 32 degrees,A,True,0.45001262,0.23346348,0.12893078,0.18759316
What kind of animal is cartoon character Tennessee Tuxedo?,cat,skunk,walrus,penguin,D,False,0.23196188,0.46131128,0.1863866,0.12034024
What US president is mentioned by name in the opening theme song of TV's 'All in the Family'?,Calvin Coolidge,Harry Truman,Herbert Hoover,Richard Nixon,C,False,0.1542457,0.44632474,0.12012667,0.2793029
What is the heaviest confirmed noble gas?,Xenon,Argon,Radon,Krypton,C,False,0.3512659,0.41067147,0.14642942,0.09163319
How many moles of HCl must be added to sufficient water to form 3 liters of a 2 M HCI solution?,1 mol,2 mol,3 mol,6 mol,D,False,0.1747536,0.538279,0.15911497,0.12785247
Who led the 1831 slave insurrection in SouthamptonVirginia?,John Brown,Dred Scott,Nat Turner,Harriet Tubman,C,True,0.008989126,0.055065077,0.91691583,0.01902998
For what purpose would you use an awl?,to shoot ducks,to polish floors,to make holes,to weigh fruit,C,True,0.05264491,0.1476463,0.7043811,0.095327616
Which of these bones is located in the wrist?,Patella,Humerus,Carpals,Coccyx,C,True,0.07185182,0.3121101,0.45411748,0.16192058
What do you call a young cow?,mare,lamb,kid,calf,D,False,0.11492421,0.36522835,0.37682196,0.14302549
Which of these is an Italian Design firm?,Escada,Fendi,Ghost,Mainbocher,B,True,0.17379545,0.51885736,0.14408149,0.1632657
Operant conditioning would be most useful for,determining whether a toddler is securely attached,increasing on-task behavior in the classroom,measuring a dependent variable,preventing anterograde amnesia,B,True,0.20436351,0.33693847,0.2543345,0.20436351
Which of these countries was not a member of the Axis alliance during World War II?,Germany,Italy,Spain,Japan,C,False,0.097346246,0.2730143,0.2564732,0.3731663
The demand for labor is called derived demand because it is,dependent on the demand for the final product that the labor is used to produce,inversely related to the wage rate,dependent on the availability of capital goods,directly related to the marginal utility of working,A,False,0.26353782,0.44829294,0.082925856,0.20524345
Which of the following actions is most important before removing the blade from a gas-powered lawn mower?,Adjusting the wheels to their highest level,Removing the spark plug,Emptying the gas tank,Removing the air filter,B,False,0.20654505,0.28231362,0.21986605,0.2912752
Which of the following is a force that is most responsible for causing a fixed-wing aircraft to move forward?,Lift,Drag,Thrust,Weight,C,False,0.24177213,0.43779275,0.25736508,0.06307003
Which of the following heavenly bodies have never had a spacecraft landed on it?,Venus,Mars,The Moon,Jupiter,D,False,0.21830243,0.37134495,0.19876663,0.21158598
The labor force primarily consists of all,employed workers under the age of 16,persons classified as unemployed or employed,persons who are employed as full-time workers,"unemployed, employed, and discouraged workers",B,False,0.08347638,0.24921443,0.1559544,0.5113548
Which of the following is an example of persuasive speech?,A campaign manager's introduction of a mayoral candidate,A professor's lecture on the structure of the heart,A company president's yearly sales report,A tour guide's discussion of an art museum installation,A,False,0.2641676,0.372536,0.17597355,0.18732287
What is the name of the POW camp where 'Hogan's Heroes' are held?,Stalag 13,Alcatraz 17,Devil's Island,Leavenworth,A,True,0.56775606,0.33376655,0.059841048,0.038636286
Which value is the most reasonable estimate of the volume of air an adult breathes in one day?,100 liters,"1,000 liters","10,000 liters","100,000 liters",C,False,0.14014696,0.33619508,0.261829,0.261829
What is a Dutch oven?,a toaster oven,a microwave,a kettle pot,a sauna,C,True,0.11018536,0.29029977,0.54235137,0.05716341
What does it mean to work 'probono'?,work overtime,work without pay,work as your own boss,not work at all,B,True,0.05317411,0.68957233,0.07736787,0.1798857
What is the largest animal ever to live on Earth?,blue whale,giant squid,woolly mammoth,Tyrannosaurus,A,False,0.24186035,0.37460062,0.29173926,0.091799825
Which of these is not a Hindudeity?,Shiva,Vishnu,Sanskrit,Brahma,C,False,0.13814124,0.35275602,0.20737456,0.30172822
What kind of angle is formed where two perpendicular lines meet?,obtuse,acute,right,invisible,C,False,0.22565532,0.57623106,0.16509297,0.03302067
The nineteenth-century photographic process used to create a daguerreotype was notable for its,quick exposure time,ability to capture sharp detail,capacity to be reproduced multiple times,use of paper negatives,B,False,0.07361878,0.18799213,0.39797935,0.34040976
A business teacher has students analyze a scenario in which a few firms in the gas industry produce a homogeneous product and dominate the market. This situation would primarily produce a market structure representative of,an oligopoly,a pure monopoly,monopolistic competition,pure competition,A,False,0.22246161,0.37841997,0.26833993,0.13077845
In traditional English puppet shows who is married to the character Punch?,Debbie,Victoria,Judy,Barbara,C,False,0.22896376,0.46980312,0.16235963,0.13887353
In what sport do athletes compete for the Walker Cup?,cricket,tennis,squash,golf,D,False,0.17084068,0.69713664,0.040578216,0.091444425
A pita is a type of what?,Fresh Fruit,flat bread,French tart,fried bean dip,B,True,0.018271733,0.9669098,0.010741398,0.004076975
What is the oldest permanent European settlement in the United States?,St Augustine Florida,Plymouth Massachusetts,Newport News Virginia,Charlotte North Carolina,B,True,0.29508436,0.62469363,0.04386038,0.03636153
"As seen from Earth, the Moon goes through a series of phases due to changes in which of the following?",The amount of the Moon's surface that is in Earth's shadow,The amount of the illuminated side of the Moon that can be seen from Earth,The part of the Moon that faces Earth as the Moon rotates on its axis,The tilt of the Moon on its axis,B,False,0.16372064,0.31557977,0.38066188,0.14003769
In which of the following fields did Islamic civilization most influence Europeans at the time of the Crusades?,Music,Theology,Mathematics,Law,C,False,0.15531757,0.3725875,0.33924478,0.13285017
Which of the following is not a flavor of Ben & Jerry's Ice Cream?,Wavy Gravy,Bovinity Divinity,Cutie Patootie,Chubby Hubby,C,False,0.14807129,0.32341743,0.25187775,0.2766336
Which of the following terms refers to the use of distortion to create the illusion of an object extending into space?,Cantilevering,Contrapposto,Sfumato,Foreshortening,D,True,0.09847686,0.27618518,0.259452,0.3658859
How much energy do Americans waste each year by throwing out the unused ice in their drinks?,6*10^8 J,6*10^11 J,6*10^14 J,6*10^17 J,C,False,0.11860345,0.46908575,0.22861414,0.18369661
Who wrote 'A Tale of Two Cities'?,Charles Dickens,Nathaniel Hawthorne,Washington Irving,Mark Twain,A,True,0.7960342,0.15192579,0.027238792,0.024801204
What is your astrological sign if you were born on Halloween?,Scorpio,Capricorn,Libra,Cancer,A,False,0.23969589,0.42067936,0.14090994,0.19871485
In an adult human how long is the large intestine?,one foot,five feet,twelve feet,twenty feet,B,True,0.06606337,0.45857063,0.27813715,0.19722877
The purpose of an amicus curiae brief is to,influence the outcome of a Supreme Court case,explain the reasoning of a Supreme Court decision,request a writ of habeas corpus from the Supreme Court,order a party to comply with a Supreme Court decision,A,False,0.33570436,0.39247817,0.06820248,0.203615
What are the names of the two primary M&M's spokes-candies?,Peanut and Plain,Red and Yellow,Mort and Marty,They don't have names,B,True,0.12183054,0.7699927,0.055778086,0.052398663
The accumulation of stress along the boundaries of lithospheric plates results in which of the following?,Earthquakes,Magnetic reversals,Hurricanes,Increased deposition of deep-sea sediments,A,True,0.56688756,0.26777872,0.06985425,0.09547944
In bowling how many pins must you knock down to get a strike?,zero,8,10,12,C,False,0.15966538,0.5572869,0.15475298,0.12829474
Which of the following geometric shapes is most commonly used to give strength to the structure of truss bridges?,Circle,Triangle,Hexagon,Rectangle,B,True,0.11978107,0.418077,0.418077,0.04406499
What kind of item is a ginsu?,radio,knife,toothbrush,martial arts weapon,B,True,0.09190865,0.8451762,0.028030554,0.034884587
Which of these words is a synonym for 'perambulate'?,kiss,shout,stroll,heal,C,True,0.055831444,0.1258181,0.68016624,0.13818416
"After a visit to a rescue squad, Ms. Espinosa asks her 3-year-old students to help her write a thank-you letter to the rescue squad employees. She records the students' responses on a large sheet of chart paper as the students share their ideas. While writing, Ms. Espinosa focuses the students' attention on several early literacy skills. Which of the following is the most appropriate focus for 3-year-old students?",Paraphrasing ideas,Spelling words correctly,Expressing speech in print,Capitalizing proper nouns,C,False,0.18135858,0.29900974,0.2557566,0.26387516
What's the third letter of the Greek alphabet?,delta,gamma,phi,theta,B,False,0.10751763,0.28773212,0.5210155,0.08373482
"A well on the side of a hill penetrates the water table at an elevation of 550 feet above sea level. If someone plans to drill on the top of the hill, where would the water table most likely be found?",The water table would be found at sea level.,The water table would be found at an elevation lower than 550 feet above sea level but above sea level.,The water table would be found at an elevation higher than 550 feet above sea level but many feet below the land surface.,"The water table would intersect with the land surface at the top of the hill, forming a spring.",C,False,0.10177606,0.28543803,0.18429264,0.42849323
Before he went into coaching Phil Jackson played for which of the following NBA teams?,Boston Celtics,Los Angeles Lakers,New York Knicks,Philadelphia 76ers,C,False,0.09744582,0.67640805,0.088725425,0.13742064
Old-fashioned steam engines were powered by coal transferred from the tender to the engine by human stokers using a shovel. What is the maximum power such an engine could attain?,6*10^3 W,6*10^5 W,6*10^7 W,6*10^11 W,B,True,0.15531345,0.4636803,0.19942641,0.18157981
People are supposed to drive on the left-hand side of the road in which country?,France,Italy,England,Germany,C,False,0.20483343,0.32732287,0.29803085,0.16981287
In the famous ballet 'The Nutcracker' who does the hero defeat?,Sugar Plum Fairy,Rat King,Snow Queen,Marzipan,B,True,0.26945874,0.45836478,0.14880925,0.12336721
An airplane's black box is usually what color?,black,white,orange,purple,C,False,0.40044275,0.42626908,0.08935086,0.08393736
Which of these sentences is written in the subjunctive?,I am not your man,I wish I were your man,Wherefore art your man?,Your man is where?,D,False,0.20827368,0.4409154,0.17814593,0.17266496
Which of the following terms refers to the process of using thick applications of paint?,Scumbling,Alla prima,Impasto,Frottage,C,False,0.1709965,0.3619996,0.3296044,0.13739955
What was Richard Nixon's middle name?,Michael,Milhous,Mortimer,Matthew,B,True,0.07789056,0.8374024,0.04169181,0.043015253
In what country did Pokemon originate?,France,Hungary,Japan,Canada,C,True,0.016658416,0.06904722,0.8954179,0.01887646
What important food crop is grown in fields called paddies?,wheat,rye,corn,rice,D,True,0.0052209613,0.011052775,0.019398225,0.96432805
A triad on a color wheel can be described as,three analogous colors,three colors equally spaced apart,three colors of equal value,a complementary set,B,False,0.067479596,0.24300338,0.23552695,0.45399007
Which of these famous baseball figures was once acquitted at court-martial for insubordination?,Abner Doubleday,Ty Cobb,Jackie Robinson,Billy Martin,C,False,0.25297526,0.4439854,0.1633331,0.1397062
Which of the following best describes an effect of the green revolution in the 1960s?,Increased varieties of each crop planted,Increased use of fertilizers,Decreased use of mechanization,Decreased use of pesticides,B,True,0.24840525,0.42255157,0.14153706,0.18750612
In what forest did Robin Hood live?,Black Forest,Petrified Forest,Nottingham Forest,Sherwood Forest,D,True,0.06793114,0.18465596,0.30444622,0.44296664
If a piece of music is in 'common time' how many quarter notes are there per measure?,one,four,five,ten,B,True,0.24058047,0.5093089,0.11724956,0.13286117
Which of these countries does not participate in NAFTA?,United States,Canada,Mexico,Guatemala,D,True,0.13675587,0.2806048,0.18692309,0.3957162
President Abraham Lincoln's Emancipation Proclamation declared free only those slaves who,were living in the areas still in rebellion,were serving in the Union armies,were living in the border states,had escaped to Northern states,A,False,0.24534193,0.33534265,0.17397347,0.24534193
Which of the following terms refers to Archaic Greek statues whose poses‚Äîrigidly frontal with clenched fists‚Äîrecall the stance of ancient Egyptian statues?,Caryatids,Telamones,Discoboloi,Kouroi,D,False,0.25973508,0.32324553,0.24399853,0.17302087
In 1978 who became the youngest jockey ever to win horse racing's triple crown?,Jerry Bailey,Steve Cauthen,Willie Shoemaker,Pasquale Devito,B,True,0.17930403,0.34561756,0.23753925,0.23753925
What does the Latin phrase 'e pluribus unum' mean?,What a crazy life,In God we trust,from many one,for the greater good,C,True,0.019042538,0.070751615,0.88929176,0.020914137
In the United States what is the first day of spring?,21-Feb,21-Mar,21-Apr,21-May,B,True,0.18822289,0.5278841,0.11778687,0.1661061
Which of the following is an example of a concurrent power?,The printing and coining of money,The power to declare war,The process of naturalization,The levying of taxes,D,False,0.27161673,0.38304096,0.17536893,0.1699734
Which of these animals shares its name with a luxury car?,yak,gazelle,sloth,jaguar,D,False,0.20704581,0.45222962,0.13367882,0.20704581
Who were the Know-Nothings?,a '60's comedy troupe,computer designers,a political party,a spy ring,C,True,0.007742862,0.03159571,0.9526727,0.007988647
Which of the following poses the greatest safety risk while being heated in a school laboratory?,A mixture of iron and sulfur,Mercury(II) oxide,Sodium chloride,Copper(II) sulfate hydrate,B,True,0.25561997,0.4084795,0.1368235,0.19907701
Who is the star of the TV show 'Everybody Loves Raymond'?,Ray Liotta,Ray Romano,Ray Parker Jr,Sugar Ray Leonard,B,True,0.1295716,0.70045745,0.08631329,0.08365771
In what sport do you find 'steel cage' matches?,boxing,fencing,pro wrestling,college basketball,C,True,0.01651403,0.11826884,0.79569054,0.069526665
Which of the following best helps explain why volcanoes tend to form along subduction zones?,Rock material carried deep below Earth's surface results in material melting and rising to the surface.,"Two plates pull away from each other, and magma oozes out.",The friction resulting from the collision of two continents causes rock to melt.,There is a row of hot spots at these boundaries.,A,False,0.2359546,0.4408212,0.114995085,0.20822918
How many sides does a rhombus have?,4,6,8,10,A,False,0.2047247,0.52278286,0.19232108,0.080171354
Which of the following degrees can be awarded by the local chapter of the FFA? I. Greenhand FFA Degree II. Chapter FFA Degree III. State FFA Degree IV. American FFA Degree,I only,II only,I and II only,"I , II , III , and IV",C,False,0.10741034,0.25766402,0.18271115,0.45221445
From whom does the Lutheran Church get its name?,Martin Luther King Jr,Martin Luther,Luther Vandross,Lex Luthor,B,True,0.20289296,0.7538388,0.026613764,0.01665447
What is the only metal that is a liquid at normal atmospheric pressure and temperature?,lead,antimony,uranium,mercury,D,False,0.3553547,0.2855355,0.14357628,0.21553352
"Which of the following has provided the most information about the structure of Earth's core, mantle, and lower crust?",Measurement of the intensity and fluctuations of Earth's magnetic field,Examination of flowing lava,Collection of samples from deep boreholes drilled into Earth,Studies of the speeds and travel paths of seismic waves passing through Earth,D,True,0.114067584,0.23405148,0.30052805,0.3513529
"When the production of a good generates negative externalities, the private market will",overproduce the good relative to the socially optimal level of output,underproduce the good relative to the socially optimal level of output,compensate the third parties harmed by the negative externality,charge lower than the market equilibrium price to compensate for the externality,A,False,0.13638647,0.44719398,0.14518262,0.27123687
Some observers argue that a limitation of the official unemployment rate is that it understates the true unemployment level because it fails to include which of the following?,New entrants to the labor market,People who are laid off and are looking for new jobs,Discouraged people who have given up looking for jobs,Full-time students looking for part-time jobs,C,False,0.13586013,0.346931,0.2787669,0.23844197
Which fast food chain used the advertising slogan 'Where's the beef?',Wendy's,Kentucky Fried Chicken,Burger King,McDonald's,A,False,0.07727771,0.36867136,0.1853796,0.36867136
What city is known as 'the rubber capital of the world'?,Omaha Nebraska,Rockford Illinois,Grand Rapids Michigan,Akron Ohio,D,True,0.043610763,0.114899054,0.4010371,0.44045308
What was the first American college to become coeducational?,Oberlin College,Dartmouth College,Grinnell College,Antioch College,A,False,0.36931908,0.40561765,0.093378484,0.13168477
What color is Uncle Sam's goatee?,brown,black,white,dishwater blond,C,False,0.15131426,0.46608075,0.18831365,0.19429137
According to a famous line from the existentialist play 'No Exit' what is hell?,oneself,other people,little made,large hued in green and blue,B,True,0.24729419,0.4206616,0.14537677,0.18666746
"A passage from Zora Neale Hurston's Their Eyes Were Watching God is as follows. The people all saw her come because it was sundown. The sun was gone, but he had left his footprints in the sky. It was the time for sitting on porches beside the road. It was the time to hear things and talk. These sitters had been tongueless, earless, eyeless conveniences all day long. Mules and other brutes had occupied their skins. But now, the sun and the bossman were gone, so the skins felt powerful and human. They became lords of sounds and lesser things. They passed nations through their mouths. They sat in judgment. Zora Neale Hurston is associated with which of the following literary movements?",New England Puritanism,Transcendentalism,Naturalism,Harlem Renaissance,D,False,0.05918211,0.5274844,0.21312296,0.20021051
What is the 7-Eleven company's trademarked name for its super-large sodas?,Big Slurp,Big Gulp,Big Drink,Big Sip,B,True,0.12068999,0.6524439,0.11697674,0.10988948
The sport of judo comes from what Asian country?,Japan,Vietnam,Laos,Philippines,A,True,0.8094853,0.17506348,0.008447737,0.00700342
The demand for which of the following products is likely to be the most elastic?,Water,Bread,Salt,Pork,D,False,0.27956182,0.40676004,0.1543887,0.15928951
What country is the rock group U2 from?,England,Ireland,Belgium,Germany,B,True,0.003725928,0.98578763,0.00097196636,0.009514491
Elephant tusks are made of what material?,Coral,Ivory,Bone,Calcium,B,True,0.05905007,0.8952792,0.02461573,0.02105495
What city did the Beatles originally call home?,London,Leeds,Liverpool,Manchester,C,True,0.069303915,0.17152883,0.74508727,0.014079943
Which of these is not one of the three branches of the US government?,Judicial,Executive,Parliamentary,Legislative,C,False,0.1429117,0.28421387,0.25081787,0.3220565
In British currency how many pence make a pound?,10,100,500,1000,B,True,0.1987147,0.6120844,0.08283661,0.10636432
How are actors Charlie Sheen and Emilio Estevez related?,They're cousins,They're brothers,They're father and son,They're uncle and nephew,B,True,0.13673446,0.5080301,0.21850105,0.13673446
Which of the following requires the use of at least two needles?,macrame,braiding,crocheting,hand knitting,D,False,0.16090983,0.34064612,0.24922204,0.24922204
In 1909 Frederick Cook claimed to be the first explorer to reach what location?,Mount Everest,Bermuda Triangle,Atlantis,North Pole,D,False,0.36293933,0.35177284,0.2067966,0.07849114
A clothes dryer that is set to run for 30 minutes is an example of which of the following control systems?,Open loop,Closed loop,Negative feedback,Positive feedback,A,False,0.09809181,0.36445528,0.34237406,0.19507886
How many stars are on the American flag?,13,48,50,51,C,False,0.16827306,0.31437546,0.31437546,0.20297606
Who was the English king at the time of the American Revolution?,Charles I,James I,Edward III,George III,D,False,0.19755328,0.4182203,0.08766374,0.2965626
Which of these animals lays eggs?,cow,gerbil,frog,elephant,C,True,0.14434195,0.28705823,0.3152718,0.253328
"An enterprise analysis shows an average return of $151 for each $100 of feed fed to hogs last year and a return of $130 for each $100 of feed fed to hogs this year. Assuming that feed costs are stable and there are no major death losses, which of the following is the most likely explanation for the difference in returns?",Lower feed efficiency,Poor record keeping,Lower market prices,Lower purchase prices,C,False,0.19657837,0.35595742,0.24464573,0.20281844
"If tickets to a baseball game generally cost between $10 and $30, a season has about 150 games, and each game is attended by 50,000-75,000 people, which of the following is a good estimate for ticket sales revenue for the 150 games combined?","$20,000,000","$200,000,000","$2,000,000,000","$20,000,000,000",B,True,0.15713018,0.3653386,0.20175914,0.27577204
Which of these is not a breed of cat?,Persian,Turkish Angora,Bichon Frise,Maine Coon,C,False,0.16075349,0.3856276,0.23389496,0.219724
Approximately how many movies are watched in homes in the United States in one year?,"200,000,000","2,000,000,000","20,000,000,000","200,000,000,000",C,False,0.15226737,0.40117106,0.19551516,0.25104645
Which of these is not found in a Snickers candy bar?,almonds,chocolate,nougat,caramel,A,False,0.23827629,0.33602342,0.17986038,0.24584
In the children's game what color is 'Rover'?,Green,black,red,blue,C,False,0.22985242,0.4865976,0.18469162,0.0988583
Which of the following breakfast cereals is shaped like the letter O?,Life Corn,Chex,Cheerios,Raisin Bran,C,False,0.15554881,0.39720783,0.28166252,0.16558085
"Normally, S-P arrival intervals from a minimum of how many seismic stations are required to uniquely locate the epicenter of an earthquake?",1,2,3,4,C,False,0.1668925,0.48291942,0.18329555,0.1668925
Which character on the TV show 'Friends' is a chef?,Joey,Monica,Ross,Rachel,B,False,0.18248796,0.31042248,0.16615719,0.3409324
"If the tax rate for a single person with $25,000 in taxable income is 24 percent, and the tax rate for a single person with $20,000 in taxable income is 20 percent, the tax rate over this income range is",regressive,progressive,proportional,revenue-neutral,B,True,0.1958001,0.56656635,0.12252857,0.115104936
The aesthetic philosophy that claims that the value of a work of art is determined by museums and galleries is known as,capitalism,conceptualism,structuralism,institutionalism,D,False,0.18191469,0.4944954,0.14167531,0.18191469
What is your hallux?,earlobe,tongue,eyelid,big toe,D,True,0.019921951,0.04087719,0.008840312,0.93036056
What metal device is used by police to immobilize the wheels of repeat parking offenders?,Brooklyn clamp,Denver boot,LoJack,The Club,B,True,0.113637485,0.49361873,0.19943999,0.19330387
What disease is sometimes referred to as the 'royaldisease'?,rickets,measles,hemophilia,tuberculosis,C,False,0.22261754,0.51760125,0.15785947,0.10192173
Which of the following statements accurately describes a JPEG compressed digital photograph?,The JPEG format is used only for color photos.,A JPEG compression alters the proportions of the original image by rearranging data.,A JPEG compression sharpens the details in an image.,The JPEG format compresses file size by selectively discarding data.,D,True,0.1263697,0.29381838,0.17820984,0.4016021
What do herpetologists study?,Herpes,Blood,Insects,Reptiles and amphibians,D,True,0.0028579056,0.025873365,0.030249031,0.9410197
Which of these is a virus?,Staphylococcus,Leukemia,Scoliosis,Chicken pox,D,True,0.19236723,0.32722768,0.10960754,0.37079754
What new token was recently added to the Monopoly board game?,piggybank,sack of money,globe,telephone,B,True,0.29714236,0.43233958,0.116362624,0.15415542
What is considered the proper way to address a duke?,Your Majesty',Your Eminence',Your Excellency',Your Grace',D,False,0.20488042,0.42038733,0.16985184,0.20488042
Which of the following is about the Watergate scandal?,All the King's Men',All the Pretty Horses',All the President's Men',All the Right Moves',C,False,0.16500995,0.37185565,0.33857843,0.12455604
What causes the disease toxoplasmosis?,a bacterium,a protozoan,a virus,a prion,B,True,0.05224536,0.92607117,0.0154436985,0.0062398184
Which of these rock guitarists designed a colorful line of men's neckties?,Eric Clapton,Jerry Garcia,Jeff Beck,Keith Richards,B,True,0.11758592,0.3736873,0.2266528,0.28207397
In mobster lingo if you 'sing like a canary' what are you doing?,impersonating Sinatra,talking to the cops,killing an enemy,betting on horses,B,True,0.031480577,0.8642575,0.04725794,0.057003964
Where did Lewis and Clark begin their famous expedition in 1804?,Seattle,St Louis,New Orleans,Washington DC,B,True,0.13426842,0.82249373,0.025625575,0.017612183
According to a popular slogan what state should people not 'mess with'?,New York,Texas,Montana,Rhode Island,B,True,0.2029624,0.4868815,0.13104238,0.1791137
Each year in pro baseball the player voted as the best fielder at his position wins what?,a brand new car,the Gold Glove,the Silver Bat,the Brass Baseball,B,True,0.34523517,0.5516842,0.046722498,0.056358088
"Of the following objectives, which is most appropriate for a technology education program that has a goal of enabling students to develop creative technical solutions to present and future societal problems?","Design and construct a threedimensional model of a low-income, multifamily dwelling unit",Describe several construction careers that are related to home building,Categorize the components of a technical system,Identify the major tools and equipment used in highway construction,A,False,0.27252093,0.3088067,0.17053926,0.24813315
Who was the first US president to resign from that office?,Martin Van Buren,Andrew Jackson,Andrew Johnson,Richard Nixon,D,False,0.20673168,0.3408429,0.14208446,0.310341
How much kale would be needed to provide enough calories for a person for an entire year?,2*10^3 kg/yr,2*10^4 kg/yr,2*10^5 kg/yr,2*10^6 kg/yr,A,False,0.12575023,0.38733798,0.22069854,0.26621324
How long has the average United States citizen spent as president?,1 seconds,10 seconds,1 minute,10 minutes,B,False,0.108617656,0.2773649,0.3451862,0.26883128
What is the proletariat?,the homeless,the royalty,the upper class,the working class,D,True,0.013396982,0.08206647,0.33488238,0.56965417
According to the proverb necessity is the mother of what?,Invention,Luck,Problems,Procrastination,A,False,0.26715887,0.3222551,0.28438914,0.1261969
What rank entitles a general in the US Army to wear three stars?,brigadier general,corporal general,lieutenant general,major general,C,True,0.10465943,0.20173633,0.53150445,0.1620997
What is another way of writing-'six feet'?,6',6,6'',6#,A,False,0.1617443,0.4982075,0.1832803,0.15676793
"In construction, the plates are horizontal structures at the top and bottom of a wall. Which of the following are the vertical structures?",Rafters,Studs,Headers,Joists,B,True,0.116003625,0.36865878,0.17966995,0.33566764
What part of the world was once known as Cathay?,China,India,Iran,Indonesia,A,True,0.39234868,0.39234868,0.13559209,0.07971047
What is a shaddock?,a fish the offspring of a male shad and a female haddock,"a crystal such as quartz, that sticks out from a mineral vein",a plant that is a member of the nightshade family,a grapefruit,D,False,0.092894204,0.20289959,0.56904596,0.13516025
How many innings are there in a regular Major League Baseball game?,seven,eight,nine,ten,C,False,0.25430527,0.49018624,0.14949836,0.10601021
"Which of the following statements is correct about a trophic structure in which a leaf-eating grasshopper is eaten by a frog, which in turn is eaten by a snake?",The frog is a herbivore.,The snake is a secondary consumer.,The grasshopper is a primary consumer.,The snakes outnumber the grasshoppers in the community.,C,False,0.16051967,0.33982015,0.19976994,0.29989022
"People who believe their political views are important, that government will respect these views, and that their views can influence political affairs are said to have a strong sense of",political partisanship,political alienation,political allegiance,political efficacy,D,False,0.25773913,0.36347044,0.17169127,0.20709921
What was the average life expectancy of white males born in the U.S. just before the Civil War?,40 years,50 years,60 years,70 years,A,False,0.20909627,0.39064324,0.21573369,0.1845268
"What does the Yiddish word""'meshuga' mean?",crazy,sacred,stingy,sweet,A,True,0.49720263,0.19470735,0.15645175,0.15163824
What is the last letter of the Greek alphabet?,omicron,omega,upsilon,zeta,B,True,0.1115037,0.6937993,0.077842124,0.11685487
An elementary school student is able to follow fast and slow songs by playing appropriate rhythm patterns on the drum. Which of the following attributes of music does the student understand?,Dynamics,Pitch,Tempo,Harmony,C,True,0.09452888,0.23396122,0.39798146,0.2735284
When FDR carried states in the presidential election of 1932 how many states did he not carry?,six,seven,eight,ten,A,False,0.27815536,0.40471363,0.15361197,0.16351908
Which of these is a member of the cucumber family?,green pepper,watermelon,potato,green bean,B,True,0.21973285,0.3737782,0.20006905,0.20641993
"I became what I am today at the age of twelve, on a frigid overcast day in the winter of 1975. I remember the precise moment, crouching behind a crumbling mud wall, peeking into the alley near the frozen creek. That was a long time ago, but it's wrong what they say about the past, I've learned, about how you can bury it. Because the past claws its way out. Looking back now, I realize I have been peeking into that deserted alley for the last twenty-six years. The excerpt is an example of which of the following types of writing?",Informative,Persuasive,Descriptive,Narrative,D,False,0.22580636,0.3497357,0.21885902,0.20559901
Which of the following defenses may NOT be used to legally avoid payment on a negotiable instrument?,Breach of contract,Diminished economic resources,Fraud in the inducement,Mental incapacity,B,True,0.12501556,0.32937214,0.22637394,0.31923842
"Simple accompaniments, light texture and smooth melodies are qualities of",galant style,partitas,Sturm und Drang,serenade,A,True,0.35438353,0.3329125,0.13450882,0.17819522
Which of the following is true about a monopoly?,It competes with many firms selling the same product in the market.,It has to lower its price on all units to sell more output.,Its marginal revenue increases as output sold increases.,It sets a price below average variable cost to drive its competitors out of the market.,B,False,0.103359126,0.24031717,0.19310026,0.46322346
Which of these names has never belonged to a Pope?,Leo,Lando,Linus,Lawrence,D,False,0.22189644,0.3228574,0.19582292,0.25942323
Which of the following best helps explain why some localities have normally large tidal ranges (up to 60 feet) and others have one- to two-foot tidal ranges?,The position of the Sun is different at different localities.,The Coriolis effect and rotation of Earth tend to enhance tidal flow in the higher latitudes.,Ocean floor topography and the shape of the coastline serve to amplify tidal flow at specific localities.,Trade winds push the water into large tidal bulges near rocky shorelines.,C,False,0.12855378,0.37198266,0.31817362,0.18128987
"Which of these is typically not ""used as a spice?",Dill,Thyme,Hemlock,Marjoram,C,False,0.1793118,0.3566041,0.2031869,0.26089713
Who is the patron saint of animals?,St Isidore of Seville,St Anthony of Padua,St Francis of Assisi,St Joan of Arc,C,True,0.10418331,0.24223346,0.59953356,0.054049592
The dissolved salts in Earth's oceans are principally derived from,marine biological activity,atmospheric deposition,the weathering of continental rocks,the eruptions of undersea hot-spot volcanoes,C,True,0.05296426,0.24490425,0.4720653,0.23006625
What is the baseball term for a batter who substitutes for another batter?,Switchhitter,Shadow hitter,Clip hitter,Pinch hitter,D,False,0.17564675,0.42135465,0.11340607,0.28959253
In 1960 Nazi official Adolph Eichmann was finally captured in what country?,Brazil,East Germany,Argentina,Paraguay,C,False,0.052230008,0.44420323,0.40445164,0.09911514
What is the square root of 81 squared?,9,27,81,729,C,True,0.14456853,0.31576666,0.38088733,0.15877746
Which of the following has provided evidence that the Sun's atmosphere contains sodium atoms?,Absorption lines in the solar spectrum are consistent with the presence of sodium.,Stars with the same spectral class as the Sun are made mostly of sodium.,Solar samples returned to Earth by the Voyager spacecraft contained sodium.,The Sun gives off energy produced by the nuclear fusion of sodium in its core,A,False,0.17938274,0.30514035,0.23764354,0.27783346
What letters are on the '3' button of a touch-tone telephone?,ABC,DEF,GHI,WXY,B,True,0.15318885,0.40359887,0.25256574,0.1906466
"To best encourage student engagement in the classroom, a teacher should select texts based on which of the following?",The instructional objectives,The culture of the local community,The instructional reading level of the class,Topics that are interesting for the students,D,True,0.10354529,0.24075003,0.2059244,0.44978026
When born a Dalmatian puppy is always?,Black,black with white spots,white,white with black spots,C,False,0.13078314,0.6437372,0.12675937,0.0987203
Which of these countries is not in Europe?,Italy,Spain,Greece,Israel,D,True,0.07889397,0.25868332,0.11479004,0.54763263
What famous radio personality was also the voice of Shaggy on the cartoon 'Scooby-Doo'?,Rush Limbaugh,Casey Kasem,Larry King,Howard Stern,B,True,0.14380014,0.73027736,0.08721919,0.03870328
Many scientists think that some of the dinosaurs did not go extinct but rather evolved into what kind of creature?,amphibians,reptiles,birds,mammals,C,False,0.1100317,0.40881735,0.38404837,0.09710263
What are fans of the TV show 'Mystery Science Theater 3000' known as?,Mysterians,MiSTies,Bot Brigade,Gizmonics,B,True,0.19654687,0.605407,0.105203964,0.09284218
What automobile company makes the Sonata?,Toyota,Honda,Subaru,Hyundai,D,True,0.09981004,0.34837127,0.1923889,0.35942978
Force equals mass times what?,Velocity,Distance,Acceleration,Weight,C,True,0.038693234,0.09282024,0.8272978,0.04118873
To create a tapestry one must traditionally engage in what activity?,Weaving,Sculpting,Baking,Singing,A,True,0.67934513,0.26603538,0.021837514,0.03278199
What element do organic compounds contain?,Carbon,Oxygen,Hydrogen,Nitrogen,A,False,0.3113514,0.68005395,0.0073222825,0.001272422
What is the technical term for someone who studies fish?,entomologist,ichthyologist,marinologist,herpetologist,B,True,0.103958525,0.79253924,0.07371764,0.029784616
A person uses a remote control to change the volume level on a television. The signal that travels from the remote to the television is most likely encoded in a,visible light pulse,radio wave signal,series of infrared pulses,series of intense infrared beams,C,False,0.09633082,0.60882956,0.18568254,0.10915712
When it comes to measuring horses how long is a 'hand'?,four inches,seven inches,ten inches,two feet,A,False,0.16870852,0.60754275,0.14888476,0.074863955
What is the (approximate) value of lemon juice on the pH scale?,14,2,7,0,B,True,0.11987878,0.47412977,0.27015102,0.13584046
Which of the following best describes the situation after the price is raised on a product that has an inelastic demand?,The quantity demanded will not change.,The quantity demanded will increase.,Total revenue will decrease.,Total revenue will not change.,A,False,0.17056866,0.55927306,0.14140637,0.12875198
Which of the following statements reflects the Confucian worldview that figured prominently in classical Chinese culture?,Having faith in God will be rewarded in the afterlife.,Life's ultimate goal is to escape the suffering inherent in the endless cycle of death and reincarnation.,A life of quiet contemplation and isolation from worldly temptations will result in self-perfection.,Observing rules of proper behavior toward others will ensure social and political harmony.,D,False,0.15475932,0.44781092,0.1987149,0.1987149
Which of these Democrats lost to Ronald Reagan in the 1984 presidential elections?,Michael Dukakis,Walter Mondale,Gary Hart,Jimmy Carter,B,True,0.28979754,0.49296227,0.10015136,0.1170888
Real gross domestic product (GDP) is defined as the ratio of nominal GDP to the,money supply,unemployment rate,government's budget deficit,GDP deflator,D,True,0.07126665,0.121228665,0.06488902,0.7426156
Which of these is another name for a golf course?,Pitch,Links,Steps,Suite,B,True,0.17125389,0.7210058,0.040676363,0.06706399
"When Corporation X pays out $300,000 in salaries, which of the following is the impact on assets and liabilities?","Salary expense is increased by $300,000; cash is increased by $300,000","Salary expense is increased by $300,000; cash is decreased by $300,000","Salary expense is decreased by $300,000; cash is increased by $300,000","Salary expense is decreased by $300,000; cash is decreased by $300,000",B,True,0.24385087,0.44155687,0.13052396,0.18406829
Who was not one of the Cartwright sons on the TV series 'Bonanza'?,Adam,Little Joe,Hoss,Ben,D,True,0.15037861,0.34964073,0.09120923,0.40877143
How long is a single term in the US Senate?,two years,four years,six years,eight years,C,False,0.13456516,0.62222296,0.14779091,0.09542099
On what body part should you wear a babushka?,head,hands,foot,legs,A,False,0.32796207,0.3383727,0.1284318,0.20523342
A kindergarten teacher has students determine the following. ‚Ä¢ How many students are absent that day ‚Ä¢ If there are enough snack cups for each student to have one during snack time ‚Ä¢ How many balls are taken outside during recess and how many are brought back inside after recess. Which of the following concepts is most closely aligned with the determinations the teacher is having the students make?,Classifying,Counting,Patterning,Ordering,B,True,0.196007,0.36618927,0.20864837,0.2291554
"Grammar may be taught in two main ways‚Äî by experience with discourse that entails the varieties of word forms and sentence construction, or by analyzing dummy sentences and diagramming parts. Plentiful discursive experience is what really teaches grammar, for it exercises judgment and provides language intake, whereas formal grammar study has been proved irrelevant. Politics more than pedagogy retards the changing of the curriculum to fit this truth. The author of the passage above argues that",using language in a wide variety of situations improves grammar,good judgment can be improved by studying the rules of formal grammar,analyzing and diagramming provide exercise in logical thinking,formal study of grammar improves writing ability,A,False,0.23779218,0.36829972,0.16343202,0.23047608
Who was the mother of the Greek god Zeus?,Gaia,Phoebe,Rhea,Hera,C,False,0.25441805,0.38192675,0.30688676,0.056768343
Which of these evangelists is a cousin of rocker Jerry Lee Lewis?,Billy Graham,Oral Roberts,Jerry Falwell,Jimmy Swaggart,D,False,0.26257905,0.43291965,0.18046775,0.12403356
Which of the following prescribes standards for wages and overtime pay that affect most private and public employment?,The Employee Retirement Income Security Act,The American Recovery and Reinvestment Act,The Fair Labor Standards Act,The Federal Employees' Compensation Act,C,True,0.03856828,0.11514362,0.7508307,0.09545742
What organelle is primarily responsible for photosynthesis?,Nucleus,Chloroplast,Mitochondria,Golgi Apparatus,B,True,0.0077567166,0.9694066,0.019500384,0.0033361223
In what city is TV's 'The Mary Tyler Moore Show' set?,Dallas,Chicago,New York,Minneapolis,D,False,0.10106108,0.7015029,0.11099388,0.08644212
What Greek poet wrote 'The Iliad' and 'The Odyssey'?,Sophocles,Plato,Homer,Socrates,C,True,0.011508059,0.04016707,0.9432182,0.0051066703
What is Delta Burke's character's job on the sitcom 'Designing Women'?,fashion designer,graphic designer,interior designer,website designer,C,False,0.34312147,0.36525092,0.18365969,0.107967965
Which of the following activities will best help a teacher collect data that will inform instruction to meet the individual needs of students?,Concentric circles,K-W-L chart,Book pass,Reciprocal teaching,B,True,0.09370344,0.4612245,0.12807742,0.31699467
On average what length of time passes between high tides?,3 hours 25 minutes,6 hours 25 minutes,12 hours 25 minutes,24 hours 25 minutes,C,False,0.20905213,0.41574982,0.17881177,0.19638631
An increase in the real interest rate in the United States relative to its trading partners will most likely result in which of the following?,An increase in United States imports,An increase in United States exports,A decrease in the demand for the United States dollar,A decrease in the United States trade deficit,A,False,0.20056815,0.481138,0.1467388,0.17155503
The legal basis for the escalation of United States involvement in the Vietnam War was the,declaration of war by Congress,passage of the Gulf of Tonkin Resolution by Congress,United Nations resolution condemning the North Vietnamese invasion of South Vietnam,mutual defense provisions of the North Atlantic Treaty Organization (NATO),B,True,0.07180013,0.79642755,0.074079305,0.05769302
What professional sports team plays its home games in the Alamodome?,New York Jets,Detroit Tigers,Boston Bruins,San Antonio Spurs,D,True,0.0026752045,0.02384384,0.021042116,0.95243883
What is the name of Howard Stern's female on-air sidekick?,Allison Norris,Jackie Reeses,Jackie Martling,Robin Quivers,D,True,0.119883575,0.35790622,0.09049287,0.43171734
In what decade did Israel become an independent state?,1920s,1940s,1950s,1960s,B,True,0.08580627,0.38455704,0.28134796,0.24828869
In cooking the term 'au gratin' is sometimes used to describe a dish with what topping?,cheese,fruit,gravy,whipped cream,A,True,0.5754972,0.19888653,0.15012743,0.075488806
Which of the following is the most effective way to evaluate the development of a student's drafting skills throughout the school year?,Baseline assessment,Portfolio assessment,Short-answer unit assessment,Teacher-created assessment,B,True,0.19518393,0.49841964,0.111212455,0.19518393
In the sci-fi movie 'Fantastic Voyage' where do the voyagers travel?,through outer space,through a human body,to the ocean floor,to the center of the earth,B,True,0.031824168,0.90142417,0.044879265,0.021872409
What would be the most likely thing one would do with the compound MgSO4 7H2O?,power a car,blow up a building,soak ones feet,fertilize a lawn,C,True,0.07496426,0.20377399,0.5043455,0.2169163
Who originally proposed the idea of daylight-saving time?,Benjamin Franklin,Henry David Thoreau,Galileo,Albert Einstein,A,False,0.3511618,0.47998124,0.07134284,0.09751411
If you ask for 'gai' at a Thai restaurant what will you get?,shrimp,chicken,beef,pork,B,True,0.25358334,0.47375605,0.123586655,0.14907394
On a set of jumper cables what color designates the negative connector?,black,red,orange,blue,A,False,0.16678074,0.7474594,0.040871378,0.044888426
Which of these is a commonly-known investment account?,CNN,EMC,IRA,IRS,C,True,0.18724087,0.16523948,0.43534803,0.21217169
If you are 'riding fakie' inside a 'half pipe' what are you probably doing?,skiing,biking,snowboarding,surfing,C,True,0.066076905,0.38024634,0.4047701,0.1489066
Which of these people was not alive in the 20th century?,Mark Twain,Thomas Edison,Sigmund Freud,Ulysses S Grant,D,True,0.12781154,0.27057704,0.25418362,0.3474278
What color is cartoon character Marge Simpson's hair?,yellow,purple,blue,brown,C,False,0.23334588,0.47879466,0.18749867,0.10036081
Which of these is not a fabric?,Velveteen,Celotex,Seersucker,Tencel,B,True,0.19253552,0.3711219,0.21817131,0.21817131
How is 4:00 pm expressed in military time?,1600,4,400,4:00,A,False,0.26547825,0.3743843,0.09465918,0.26547825
Which of the following is most likely to cause a rise in the average temperature of Earth's atmosphere in the future?,Atomic warfare,CO2 from fossil fuels,Dust clouds from volcanoes,Depletion of Earth's ozone layer,B,True,0.07466374,0.686595,0.1230997,0.11564147
Which of the following activities is likely to have the greatest impact on biodiversity?,Copper mining in Chile,Soil erosion on the slopes of the Rocky Mountains,Large-scale deforestation of the Amazon or Congo basin tropical forests,Increased use of ethanol fuels in the United States,C,True,0.11949687,0.27783853,0.32482615,0.27783853
Whom did Billie Jean King defeat in the famous 'Battle of the Sexes' tennis match?,Jimmy Connors,Pete Sampras,John McEnroe,Bobby Riggs,D,False,0.17054968,0.5420058,0.094186485,0.1932581
Which of the following structures is most susceptible to damage by acid precipitation?,A monument made of granite,A roof made of slate,A tombstone made of marble,A statue made of gabbro,C,False,0.33334658,0.29417732,0.22910553,0.14337058
Who is an archenemy of the cartoon superhero Underdog?,OverCat,Muttley,Mr Whoopie,Dick Dastardly,A,False,0.14308266,0.5659029,0.10146079,0.18955372
Mohair is made from the fleece of what animal?,camel,llama,goat,mole,C,False,0.11611451,0.43141773,0.4181444,0.034323383
"The Burgess Shale is a rock formation in Canada that has a large number of fossils from the Cambrian period preserved in exquisite detail. Many primitive members of modern phyla, including arthropods, mollusks, and chordates, can be found among the fossils exposed in this region. Based on these fossils, it can be concluded that most of the modern groups of animal life first appeared roughly",3 billion years ago,540 million years ago,65 million years ago,"200,000 years ago",B,True,0.15326001,0.6061551,0.15326001,0.087324925
The Strauss family of composers popularized what dance?,waltz,tango,fox-trot,square dance,A,True,0.6842443,0.25171942,0.0330184,0.031017916
What was Ludwig Van Beethoven's final symphony?,Ninth,Tenth,Eleventh,Twelfth,A,True,0.333088,0.333088,0.11876619,0.21505779
A portrait that comically exaggerates a person's physical traits is called a what?,Landscape,Caricature,Still life,Impressionism,B,True,0.0152720325,0.97483987,0.008174529,0.0017134745
The government establishes a price floor in a market for a good in order to,eliminate a surplus in the market,eliminate a shortage in the market,help buyers of the good,help sellers of the good,D,False,0.2569902,0.51108605,0.121393576,0.11053011
A student is standing in front of the class delivering a presentation. Some students in the back of the room note that they are having trouble hearing what the presenter is saying. Which of the following suggestions to the presenter would best address this problem?,Engage your audience by making eye contact with people in the back of the room,Entertain your audience with exaggerated body language,Emphasize your main points by reading them directly from a paper,Project your voice by relaxing the rib cage and maintaining good posture,D,True,0.081729956,0.21532975,0.20228358,0.50065666
"A passage from Zora Neale Hurston's Their Eyes Were Watching God is as follows. The people all saw her come because it was sundown. The sun was gone, but he had left his footprints in the sky. It was the time for sitting on porches beside the road. It was the time to hear things and talk. These sitters had been tongueless, earless, eyeless conveniences all day long. Mules and other brutes had occupied their skins. But now, the sun and the bossman were gone, so the skins felt powerful and human. They became lords of sounds and lesser things. They passed nations through their mouths. They sat in judgment. The description of the sun in the second sentence contains which of the following literary devices?",Foreshadowing,Irony,Flashback,Personification,D,False,0.15537022,0.37271377,0.18164618,0.2902698
Which of these is not one of the 3 methods of heat transfer?,Conduction,Radiation,Convection,Induction,D,False,0.13939299,0.35595247,0.19052763,0.31412694
Which of these is not an ingredient in Yorkshire pudding?,eggs,milk,chocolate,meat drippings,C,False,0.13599026,0.23132725,0.3064588,0.3262237
"Anna feels that she is confusing ""who"" and ""whom"" in her narrative. She wants to correct her error. Which of the following reference materials will best help Anna accomplish such a task?",A dictionary,A thesaurus,A glossary,A grammar guide,D,False,0.2609338,0.32473734,0.15339506,0.2609338
Where was the chicken First domesticated?,France,India,Peru,Zaire,B,True,0.2463512,0.43235978,0.23877177,0.08251731
Which of the following is not in Nevada?,Liberace Museum,Pikes Peak,Lake Mead,Hoover Dam,B,True,0.15891646,0.35812375,0.20405278,0.27890706
What famous folksinger founded the Institute for the Study of Non-Violence in 1965?,Bob Dylan,Woody Guthrie,Joan Baez,Peter Yarrow,C,False,0.1614016,0.7010966,0.061261136,0.07624072
Phoebe Dione and Helene are moons of what planet?,Jupiter,Saturn,Neptune,Pluto,B,True,0.16040778,0.4226182,0.17617348,0.2408006
Which of these companies is not an online stock brokerage?,E*Trade,EDigital,Datek Online,DLJ Direct,B,False,0.1365758,0.31754827,0.21824752,0.32762834
Which of these is not the name of one of rock musician Frank Zappa's children?,Dweezil,Ahmet,Moon Unit,Lumpy Gravy,D,False,0.14228661,0.35216275,0.2135975,0.29195315
How much does Peanuts character Lucy charge for her psychiatric advice?,5 cents,10 cents,75 cents,$125,A,False,0.19628198,0.42871928,0.19628198,0.17871678
Which of the following is the most reasonable action to take for an artist whose work requires the use of a specific hazardous product?,Finding a nontoxic product to use and adapting the art-making process as necessary,Reading the product's label and proceeding according to the label directions,Making sure no children are present when using the product,Checking with a qualified toxicologist before using the material,B,False,0.28559253,0.26003498,0.13075379,0.32361874
What children's storybook character believes that the sky is falling?,Chicken Little,Curious George,Jack Sprat,Tom Thumb,A,True,0.6879898,0.21648557,0.07719032,0.018334307
Pop icon Tiny Tim was famous for playing what musical instrument?,ukulele,kazoo,accordion,fiddle,A,True,0.6775726,0.23416284,0.047573067,0.040691398
Which of the following is the highest level taxonomic rank?,Domain,Class,Phylum,Kingdom,A,False,0.17523304,0.27140623,0.20486817,0.3484925
When daylight-saving time arrives in the spring how do most Americans turn their clocks?,one hour forward,one hour backward,two hours forward,two hours backward,A,True,0.4898443,0.41898602,0.047008928,0.044160806
Which of these fashion designers was born in the United States?,Laura Ashley,Helmut Lang,Donna Karan,Christian Dior,C,False,0.10683978,0.3290897,0.29963958,0.264431
Who was on the $500 bill?,Calvin Coolidge,Andrew Jackson,Aaron Burr,William McKinley,D,False,0.2895728,0.5581662,0.06666345,0.08559756
For a man and woman on a date 'dutch treat' means what?,The man pays,The woman pays,The Dutch pay,Each pays their own way,D,False,0.19249323,0.631161,0.09092736,0.08541835
What city's residents are known as 'Knickerbockers'?,Boston,Philadelphia,New York City,London,C,True,0.07087208,0.17541009,0.7157827,0.037935093
Which of these college football programs has produced the most Heisman Trophy winners?,Notre Dame,USC,Oklahoma,Michigan,A,False,0.12774713,0.29702097,0.33656886,0.23866306
What does a pH level measure?,acidity,density,wavelength,humidity,A,True,0.76092184,0.21130036,0.009882649,0.017895168
If a hertz is equal to one cylce per second how many cycles per second does a megahertz equal?,-328716,1000,1000000,1000000000,C,True,0.05681963,0.23185953,0.39440638,0.31691444
"Every day was a happy day, and every night was peaceful. The sentence above can best be classified as",simple,compound,complex,compound-complex,B,True,0.18457656,0.35578063,0.22264184,0.23700099
Which of these holidays is not attached to a specific date?,Independence Day,New Year's Day,Thanksgiving,Christmas,C,False,0.12608881,0.40070945,0.21448432,0.25871748
Where is the Louvre museum?,Paris,Lyon,Geneva,Vichy,A,True,0.8880781,0.08793164,0.006675437,0.017314766
Which of the following guidance systems is principally a materials-handling device?,Escalator,Conveyor,Highway,Railroad,B,True,0.071862854,0.6017003,0.27547845,0.050958395
"A preschool teacher is teaching students about a color wheel, which is an organization of hues around a circle. Red, yellow, and blue are examples of which of the following kinds of colors on the color wheel?",Complementary,Primary,Secondary,Tertiary,B,True,0.21406174,0.5135074,0.14259586,0.12983501
A second-grade teacher has each student select a card at random that is marked with a three-digit number. Students then model their numbers with base ten blocks on a place value mat. Which of the following whole number concepts does the lesson best reinforce?,Comparing quantities,Describing quantities,Ordering quantities,Decomposing quantities,D,False,0.18731305,0.34994683,0.18155003,0.2811902
Which brand of cat food claims it's so tasty that 'cats ask for it by name'?,Fancy Feast,Cat Chow,Meow Mix,9-Lives,C,False,0.29496607,0.33424035,0.20272702,0.1680666
In the phrase 'Y2K' what does 'K' stand for?,millennium,computer code,catastrophe,thousand,D,False,0.0859386,0.81536275,0.06287403,0.03582454
What is the approximate speed of light?,165 miles per hour,122000 miles per hour,186000 miles per second,293000 miles per second,C,True,0.018563738,0.1654568,0.6342607,0.18171874
Which of these people was buried in the Valley of the Kings?,Louis XIV,Elvis Presley,Julius Caesar,King Tut,D,True,0.07364732,0.27363297,0.12527831,0.5274414
After Prince Charles who is next in line to be the king of England?,Prince William,Prince Andrew,Prince Edward,Fresh Prince,A,False,0.16913015,0.5209575,0.21048588,0.099426486
The disco band ABBA comes from what country?,Norway,Sweden,Switzerland,The Netherlands,B,True,0.021887355,0.96021676,0.0018828452,0.01601313
When it's noon in New York during daylight-saving time what time is it in Honolulu?,6:00 AM,6:30 AM,7:00 AM,8:00 AM,A,False,0.1977637,0.3811995,0.21051838,0.21051838
"The total retail market value of all the goods and services produced in a nation, usually stated in annual terms, is the",ratio of profit to sales,current ratio,gross domestic product,trade surplus,C,True,0.013860341,0.051497415,0.8847292,0.049913004
What is the world‚Äôs most venomous fish?,Scorpion fish,Lion fish,Stonefish,Toadfish,C,True,0.17617346,0.24080059,0.42261818,0.16040777
What force causes an ice cream cone to fly off of a spinning merry-go-round?,centrifugal,Vehicular,Gravitational,Torsal,A,False,0.34530112,0.4433754,0.1631087,0.048214838
Which of these words is spelled correctly?,decieve,foriegn,hygiene,wierd,C,False,0.19261336,0.37127197,0.1809435,0.25517124
The term 'chili con carne' refers to chili with what?,beans,meat,cheese,chili peppers,B,True,0.16771626,0.77551216,0.03407363,0.02269793
At what age can someone first attend an R-rated movie without an accompanying adult?,15,17,18,21,B,True,0.16892226,0.346606,0.25358236,0.23088937
On TV's 'Seinfeld' what type of doctor did Mr Costanza go to when he sat on 'fusilli Jerry'?,ophthalmologist,cardiologist,neurologist,proctologist,D,False,0.23235847,0.4078018,0.20505562,0.15478411
In the comic strip 'Peanuts' what is Schroeder known for doing?,Dancing,playing football,playing the piano,Flying an imaginary plane,C,True,0.04420767,0.13197972,0.75949085,0.06432178
How is the Arabic numeral for '2' written?,2,II,I,ii,A,False,0.19209854,0.47544846,0.12796521,0.20448785
What country gave us the fashionable headgear called the beret?,Switzerland,China,Mexico,France,D,True,0.005959393,0.013429699,0.0092300875,0.97138083
How many spikes are on the Statue of Liberty's crown?,five,seven,nine,thirteen,B,True,0.23435324,0.5281232,0.15130983,0.086213745
In a game with no wild cards what is the highest possible poker hand?,straight flush,royal flush,full house,four of a kind,B,True,0.2153185,0.4558293,0.12657923,0.20227303
Moderate and frequent irrigation is normally most appropriate for a corn crop growing in a,dispersed alluvial fan soil,"heavy-textured soil, such as silty clay","light-textured soil, such as loamy sand",region of low humidity,C,False,0.1883104,0.38638785,0.27399004,0.15131165
What is the capital of North Dakota?,Bismarck,Fargo,Sioux Falls,Pierre,A,False,0.40623695,0.43243697,0.048518084,0.11280793
A fiscal policy to combat a recession would call for,an increase in taxes,an increase in government spending,a decrease in the reserve requirement,a decrease in the discount rate,B,True,0.12180114,0.6793522,0.10097669,0.09786997
An electric fence installed to keep both mature cattle and sheep in a field should have a wire placed at which of the following heights? I. 6 inches II. 18 inches III. 40 inches IV. 60 inches,I only,II only,II and III only,III and IV only,C,False,0.1699059,0.4075831,0.17529932,0.24721164
How much chicken excrement is produced in the United States every year?,4*10^10 kg,4*10^12 kg,4*10^14 kg,4*10^16 kg,A,False,0.1319145,0.49012178,0.18602924,0.19193444
According to the American Kennel Club what is the most popular breed Of dog in the US as of 1999?,Poodle,Beagle,German shepherd,Labrador retriever,D,True,0.15211275,0.30251235,0.15694134,0.38843355
What singer appeared in the 1992 baseball film 'A League of Their Own'?,Brandy,Madonna,Garth Brooks,Whitney Houston,B,True,0.18529229,0.50367665,0.08752588,0.22350515
How is the word 'ambulance' normally written on the front of American ambulances?,in French,in reverse,in braille,in gibberish,B,True,0.18794152,0.49515995,0.11048512,0.20641337
What is the colored part of the eye called?,iris,pupil,retina,cochlea,A,True,0.88343084,0.09024814,0.011120753,0.015200267
If you work as a 'dolly grip' what business are you in?,sheep farming,film production,construction,moving,B,True,0.0055674636,0.9660248,0.011786319,0.016621375
Who was the longest reigning monarch in French history?,Louis XIII,Louis XIV,Louis XV,Louis XVI,B,True,0.22775666,0.46732634,0.121909365,0.18300761
The principles of xeriscaping are best exemplified by a homeowner who,installs an in-ground sprinkler system that operates on a timer,lowers the cutting height on the lawn mower to reduce the surface area in contact with the cutting blade,increases the use of fertilizer on the turfgrass to promote growth,replaces nonnative ornamentals with native shrubs that do not require irrigation,D,True,0.11276027,0.25410917,0.12777412,0.50535643
What was the revenue for flat screen televisions sold in Australia in the past 12 months (as of 2013)?,$120 million annual Revenue,$1.2 billion annual Revenue,$12 billion annual Revenue,$120 billion annual Revenue,B,True,0.18425584,0.53316194,0.13908361,0.14349858
What native empire controlled Large areas of South African Territory during the 19th century?,Hutu,Zulu,Aztec,Masai,B,True,0.056182317,0.9067367,0.024930753,0.012150277
How many keys are on a Standard piano?,20,54,88,100,C,False,0.18085958,0.44763178,0.24720575,0.12430285
The most important consideration in designing successful messages to be transmitted through graphic communications is knowledge and understanding of,current technologies,the capabilities of the designer,the limitations of the printer,the nature of the audience,D,True,0.088796765,0.20010659,0.20010659,0.5109901
Which one of these world leaders was assassinated?,Indira Gandhi,Ferdinand Marcos,Golda Meir,Neville Chamberlain,A,False,0.22712572,0.32029858,0.14213164,0.31044403
Which of these candy bars was named for a baseball player?,Baby Ruth,Clark Bar,Reggie Bar,Butterfinger,C,False,0.40474543,0.43084925,0.10233567,0.06206972
The common term for someone who has difficulty seeing objects in the distance is what?,farsighted,nearsighted,hindsighted,hypermetropic,B,True,0.18975572,0.77432185,0.014632391,0.021290002
Where did jazz great Sun Ra claim he was born?,Atlantis,Mount Olympus,Saturn,in a saxophone,C,False,0.1491706,0.3157942,0.2966612,0.23837397
By what name is Bob Keeshan better known?,Bozo the Clown,Pee Wee Herman,Captain Kangaroo,Buffalo Bob,C,False,0.4561483,0.40254945,0.1050113,0.036290932
Where would you typically find a bailiff?,grocery store,courtroom,football stadium,doctor's office,B,True,0.040194266,0.8329506,0.05848231,0.06837275
Girls of what religious community traditionally wear bonnets?,Amish,Sikh,Roman Catholic,Christian,A,True,0.31704086,0.30728653,0.239315,0.13635758
What New Age musician released a 1998 album titled 'King of the Pan3Flute'?,Zamfir,Yanni,Vangelis,Kenny G,A,False,0.11391136,0.3400765,0.3194723,0.22653979
Which of these is a fish?,sea horse,sea cow,sea snake,sea lion,A,False,0.28933227,0.39547032,0.12839042,0.18680695
How many airplanes are in the air worldwide right now (as of 2014)?,"5,000","20,000","80,000","320,000",B,True,0.13155082,0.45915744,0.22377546,0.18551637
Reindeer herding as an economic activity of the Sami in Norway is an example of which of the following types of diffusion?,Stimulus,Hierarchical,Relocation,Contagious,A,False,0.16716748,0.5149121,0.18359756,0.13432287
"When cool air flows from a high mountain region to a region of lower elevation, the air will",increase in moisture content,"condense, forming large amounts of dew",undergo adiabatic warming,undergo adiabatic cooling,C,False,0.11974126,0.30577004,0.28724438,0.28724438
In Greek mythology what is the name of Zeus' father?,Apollo,Cronus,Prometheus,Hercules,B,True,0.107650146,0.7019671,0.14261328,0.04776946
What disease does a carcinogen cause?,cancer,influenza,emphysema,heart disease,A,True,0.8280721,0.06385406,0.092907116,0.015166669
Who sang lead vocals for the band Big Brother and the Holding Company?,Grace Slick,Janis Joplin,Mama Cass,Karen Carpenter,B,True,0.14533845,0.836365,0.009291176,0.0090053165
Which Pope immediately preceded John Paul II?,John XXIII,Paul VI,John Paul I,Hank II,C,False,0.13080563,0.8012816,0.049648214,0.018264558
Which of these is not a spice?,dill,aniseed,cucumber,cayenne,C,False,0.17597546,0.33920157,0.21226692,0.27255613
Which of the following protocols is used to transport HTML pages from Web servers to Web browsers?,BOOTP,HTTP,SNMP,SMTP,B,True,0.17382355,0.7318245,0.028375916,0.06597599
What is the correct spelling of New Mexico's largest city?,Albuqerque,Albuquerque,Albequerque,Santa Fe,B,True,0.1865983,0.57476324,0.106320515,0.13231802
Which of the following best defines federalism?,A government in which the political leader is also the religious leader,The concentration of government power in the hands of a small group of people,The division of national power into different branches of government,The division of a country's power into national and subnational units,D,False,0.033543807,0.24785708,0.49292266,0.22567643
What sport is known as 'The Sport of Kings'?,polo,archery,yachting,horse racing,D,True,0.34457132,0.22247197,0.054519106,0.37843758
Which of the following is matched with its correct function?,Ovule ..... production of pollen,Vascular cambium ..... formation of apical meristem,Xylem ..... transport of sugars,Guard cell ..... regulation of transpiration rate,D,True,0.17368738,0.2954522,0.1631642,0.3676962
Which of the following protocols is usually associated with hyperinflation?,A rapid decrease in total spending,A rapid increase in money supply,A slow increase in exports,A slow increase in labor productivity,B,True,0.11317577,0.78559554,0.05690835,0.044320267
In which century was the greatest number of chemical elements discovered?,17th,18th,19th,20th,C,False,0.10093527,0.41187894,0.32077163,0.16641414
"The term ""Cold War"" refers to the",race between the United States and the Soviet Union to claim ownership of Antarctica,contest between the United States and the European Union for economic domination in the West,struggle between the United States and the Soviet Union to gain political hegemony in world affairs,competition between the Soviet Union and China for the resources of the Pacific Rim,C,True,0.02135917,0.05454255,0.88027215,0.04382617
Which of the following articles of clothing has a hood?,Parka,kilt,lederhosen,sarong,A,False,0.26428902,0.36124024,0.1553675,0.21910328
Which of these measurements is equal to one square foot?,50 square inches,77 square inches,100 square inches,144 square inches,D,False,0.13365178,0.45213816,0.21357493,0.20063509
Which of the following is a disorder in ruminants that is characterized by an excessive accumulation of gas in the rumen?,Agalactia,Bloat,Bovine pleuropneumonia,Grass tetany,B,True,0.20386769,0.6086365,0.0849847,0.102511115
"_Whenever the mood strikes her_, Angela takes a short walk around the block. In the sentence above, the underlined portion can best be described as",an adjective clause,a relative clause,a subordinate clause,an independent clause,C,False,0.22879422,0.3543634,0.21493228,0.2019102
"What term is used to describe a""group of geese?",gaggle,gang,gander,grist,A,True,0.523982,0.32789958,0.08553771,0.06258073
If you dial '411' on a telephone who are you calling?,the police,the White House,directory assistance,Moviefone,C,True,0.062232055,0.18007442,0.6484729,0.10922066
Which of these are not legumes?,beans,peas,radishes,peanuts,C,False,0.158713,0.31563848,0.23825642,0.2873921
"In 1989 scientists from Norway discovered that there are far more viruses in oceans lakes, and streams than previously believed. How many viruses did they find that a milliliter of natural water might contain?",up to 250,up to 25000,up to 2500000,up to 250000000,D,False,0.20922695,0.5019094,0.15793279,0.13093089
Which company holds an annual self-named 'Bake-Off'?,Betty Crocker,Duncan Hines,Pillsbury,Keebler,C,False,0.14474687,0.4746067,0.23130482,0.14934161
Which of the following fiscal policy actions is most expansionary?,Increasing both government spending and taxes,Increasing government spending and decreasing taxes,Decreasing government spending and increasing taxes,Decreasing both government spending and taxes,B,True,0.36941656,0.45974633,0.09340314,0.077433914
Which of the following steps should be taken first to effectively present new information to coworkers?,Analyzing the audience,Determining the objective,Creating three to five key messages,Choosing a communication tool,B,True,0.25175688,0.30367678,0.2153391,0.22922726
What is the name of the character Played by Woody Allen in the 1967 James Bond film 'Casino Royale'?,Dr Evil,Q,Little Jimmy Bond,M,C,False,0.25888172,0.44037268,0.11134365,0.18940194
Which of the following is generally the first step taken in a large-scale commercial construction venture?,Filing applications for building permits and variances,Ordering the materials needed for the building foundation,Drafting a contract that spells out the details of the building plan,Holding a discussion between the developer and the designer/contractor about the scope of the construction,D,False,0.2009504,0.3313112,0.15650032,0.31123808
How many eyes does a Giraffe have?,one,two,three,four,B,True,0.18528606,0.6075296,0.14888152,0.058302842
What pro wrestler grapples with Sylvester Stallone in the movie-'Rocky III'?,Dolph Lundgren,Hulk Hogan,Andre the Giant,The Iron Sheik,B,True,0.18385051,0.6028226,0.15725568,0.05607124
Which of the following activities will be most effective in introducing kindergartners to the concept of how plants transport water?,Demonstrating that a celery stalk can be peeled lengthwise but not crosswise,Placing celery stalks in water colored with a dye and observing the results,Collecting rainwater in a rain gauge and comparing the amount of rainfall to a plant's growth rate,"Planting bean seeds in paper cups, placing them on the windowsill, and watering them daily",B,False,0.14899962,0.3154322,0.21012315,0.3254451
What is the function of mitochondria in the cell?,To generate energy,To process waste,To kill viruses or other antigens,To repair damage,A,True,0.8271913,0.13932174,0.01074334,0.02274365
Which of these is not one of the four basic forces in nature?,electromagnetic,gravitational,nuclear,centrifugal,D,False,0.16596483,0.34053773,0.21986769,0.27362975
Which of these is a slang term for 'police'?,fuzz,shrinks,bean counters,aardvarks,A,True,0.47253954,0.35669157,0.096002236,0.07476661
What is the name of the fruit that is half tangerine and half grapefruit?,graperine,tangefruit,tangelo,kumquat,C,True,0.12793557,0.28830728,0.4194846,0.16427252
What are the Smothers Brothers'(first names?,Frank and Bill,Tom and Dick,Dave and George,Ed and Pete,B,True,0.3531954,0.43955877,0.0813102,0.1259357
Which of the following great apes (the Hominidae) is NOT native to Africa?,Gorilla,Human,Chimpanzee,Orangutan,D,False,0.12866494,0.39631593,0.17586413,0.29915497
In the movie 'Star Wars' what kind of creature is Chewbacca?,Woolie,Woobie,Wookiee,Klingon,C,True,0.030952528,0.07425125,0.8497606,0.04503566
In the film 'Easy Rider' what emblem is on the back of Peter Fonda's leather jacket?,peace symbol,American flag,two white doves,Harley-Davidson logo,B,True,0.20625089,0.3734721,0.19375478,0.22652228
What are the tallest trees on Earth?,Coast Redwood,Coast Douglas Fir,Giant Sequoia,Sitka Spruce,A,False,0.22154748,0.22858016,0.45458594,0.09528639
Which of these painting tools has bristles on it?,Easel,Knife,Brush,Palette,C,True,0.027297305,0.12233804,0.82306737,0.027297305
Astronaut John Glenn served as a pilot in what branch of the military?,Army,Air Force,Marines,Navy,C,False,0.14359488,0.7762666,0.032040346,0.04809826
On the TV show 'CHiPs' what was Officer Frank Poncherello's-nickname?,Franky,Ponch,Chipper,Hot Dog,B,True,0.13406959,0.7715172,0.050887078,0.043526024
Which of the following criteria is the most important when assessing reading comprehension?,Ability to spell inventively,Ability to decode new words,Ability to identify the main idea,Ability to recognize rhyming patterns,C,True,0.12713219,0.19084804,0.51877874,0.16324097
Which of these games is not played with cards?,baccarat,rummy,craps,solitaire,C,False,0.19781275,0.3581926,0.19781275,0.24618194
In American football how many points is a touchdown worth?,two,three,six,seven,C,False,0.17194726,0.6591412,0.107601844,0.061309684
What is the most likely impact of an increase in interest rates?,Investment levels diminish,Employment increases,The value of the U.S. dollar increases,Mortgage rates decline,A,False,0.23733385,0.3453187,0.28627926,0.1310682
Whose profile can you see on the front of dimes that are currently in circulation?,George Washington,Thomas Jefferson,Benjamin Franklin,Franklin Roosevelt,D,False,0.32917595,0.3730052,0.1875588,0.11026013
Who is considered the owner of a 'publicly held' company?,the CEO,the stockholders,the president,the government,B,True,0.06815498,0.80475205,0.049863245,0.07722971
Which of the following candies is traditionally fruit flavored?,M&M's,Skittles,Reese's Pieces,Junior Mints,B,True,0.21254143,0.36154518,0.2262492,0.19966422
In 1926 the Harlem Globetrotters basketball team was formed in what city?,Boston,Philadelphia,Chicago,New York City,C,False,0.10847472,0.2769999,0.15782979,0.45669562
Which of the following steps in the design of a dog house would be earliest?,Acquiring all the tools necessary for the building,Purchasing all the materials for building the structure,"Identifying the color, shape, and style of the exterior surface",Accessing the measurements of the dog and all the interior materials,D,False,0.21247092,0.33952755,0.19959794,0.24840367
What was the name of the 1999 art exhibit that sparked a national debate about censorship?,Sticks & Stones',Pulsation',Black & White',Sensation',D,False,0.34163934,0.425177,0.10750158,0.12568209
What was the title of Beethoven's only completed opera?,Faust',The Silence',Immortal Beloved',Fidelio',D,False,0.23164085,0.370161,0.15920427,0.23899391
What is the name of the StarKist tuna mascot?,Charlie,Sam,Al,Morris,A,False,0.2857124,0.40291902,0.21566702,0.09570166
Which of the following groups was converted to Christianity in the tenth century C.E. by missionaries from the Byzantine Empire?,Franks,Visigoths,Russians,Anglo-Saxons,C,False,0.30350795,0.3661005,0.17293362,0.15745786
Which of these words is an adverb?,hurried,fast,speedy,quickly,D,True,0.13337818,0.3514047,0.12927456,0.38594255
On which part of a car would you find the 'caliper'?,battery,engine,radiator,brakes,D,True,0.012397186,0.12520716,0.14187829,0.7205174
Which of these plants is the national emblem of Scotland?,ivy,thistle,rose,linden,B,True,0.108931564,0.8304518,0.03220011,0.028416498
How much does it cost to air condition all American automobiles for a year (as of 2018)?,$10m,$100m,$1 billion,$10 billion,C,False,0.13381517,0.36374733,0.30155712,0.20088036
What fictional character claims to be 'smarter than the average bear'?,Paddington Bear,Fozzie Bear,Smokey Bear,Yogi Bear,D,False,0.18436934,0.41548273,0.14814493,0.252003
If you are truly afraid of the dark what do you suffer from?,hypnophobia,cryptophobia,hadephobia,nyctophobia,D,False,0.24767971,0.3718113,0.15499401,0.22551496
Which of the following is a way in which Congress can influence the federal bureaucracy?,Increasing or decreasing departmental salaries,Appropriating funds,Appointing agency heads,Dismissing cabinet secretaries,B,True,0.21807839,0.4474678,0.16461422,0.16983962
What country was once ruled by shoguns?,China,Japan,North Korea,Taiwan,B,True,0.00828789,0.98835844,0.0015331055,0.0018206078
On what continent can you find tigers in the wild?,Africa,Asia,Europe,South America,B,True,0.048539046,0.9449373,0.0030075284,0.0035161567
"The construction of a transportation network that included roads, canals, and steamboats that took shape in the United States in the early decades of the nineteenth century had which of the following effects in the years before the Civil War?",It decreased the need for immigrant labor.,It stimulated the development of a market revolution.,It weakened the plantation system in the southern states.,It transformed the United States into an international military power.,B,True,0.17688297,0.4516865,0.15129603,0.22013442
What is the more common name for the disease 'pertussis'?,whooping cough,tennis elbow,black lung,German measles,A,True,0.70025736,0.22034575,0.031743817,0.047653113
The primary purpose of a Supervised Agricultural Experience ( SAE ) program is to,provide a basis for students to apply for and win proficiency awards,provide students with an income to be used to learn money management skills,"give students a chance to earn enough money to qualify for local, state, and national FFA degrees",allow students to apply skills learned in the classroom and learn new skills in a specialized area,D,True,0.08765858,0.20381229,0.31567067,0.39285848
An early-nineteenth-century railroad steam engine is an excellent example of which of the following power systems?,Internal combustion engine,External combustion engine,Rotary engine,Reaction engine,B,True,0.18462439,0.7302036,0.04524415,0.039927825
With which of the following statements would both Thomas Hobbes and John Locke most probably have agreed?,Government authority is created as the result of a social contract.,Government must enforce religious law to prevent moral decay.,Government must enforce the majority's will regardless of the wishes of the minority.,Government must bend to the will of the educated minority.,A,False,0.16786157,0.2946062,0.25199005,0.28554213
In the classic song 'Take Me Out to the Ballgame' for whom do we 'root root root'?,the umpire,the home team,the bat boy,Mighty Casey,B,True,0.26474255,0.56046,0.083304934,0.09149258
Who was Charlie McCarthy?,a US senator,a Chicago gangster,a famous baseball pitcher,a wooden dummy,D,True,0.08642473,0.25801656,0.091998644,0.56356
How many states were in the Confederate States of America?,11,13,16,22,A,False,0.14147618,0.6749451,0.110181764,0.07339688
Who were the Chicago Seven?,war protesters,bluegrass musicians,bank robbers,mobsters,A,False,0.30658635,0.4748502,0.082516596,0.13604687
Which dwarf planet is closest to the Sun?,Pluto,Eris,Ceres,Makemake,C,False,0.32326534,0.40231022,0.20229429,0.07213025
What company makes perfumes called 'Beautiful' and 'Pleasures'?,Estee Lauder,Ralph Lauren,Elizabeth Arden,Calvin Klein,A,False,0.21032293,0.41827708,0.1915012,0.17989874
What nationality was Karl Marx?,Russian,German,Danish,English,B,True,0.12612508,0.8224388,0.015300707,0.03613544
In America what is the main ingredient in pepperoni?,Fish,pepper,wheat,meat,D,False,0.119938046,0.40574518,0.116247945,0.35806885
A student in the process of solving a fabrication problem in the manufacturing laboratory asks the teacher what assembly procedures should be used. The teacher's best response would be to,give an opinion as to the best assembly procedure for the particular problem,suggest two or three possible assembly procedures and have the student select one,place the responsibility completely on the student for making the judgment,use leading questions to help the student review and analyze the relative merits of several assembly procedures,D,False,0.14116082,0.34937638,0.18125407,0.32820874
"If the government places a price ceiling on leather garments that is below the equilibrium price, which of the following will occur in the market for leather garments?",There will be a shortage.,There will be a surplus.,The demand curve for leather garments will shift leftward.,The supply curve for leather garments will shift rightward.,A,False,0.17217508,0.30217665,0.27513498,0.25051323
"During President Dwight Eisenhower's administration in the 1950s, the federal government promoted significant changes in transportation in the United States by",establishing generous subsidies for urban mass transit,sponsoring research to develop less polluting automobiles,funding the construction of the interstate highway system,funding the establishment of a national railroad passenger system,C,True,0.029886015,0.12195361,0.65927494,0.18888544
Animals in which of the following groups may have a backbone and a spinal cord?,Mollusks,Chordates,Invertebrates,Echinoderms,B,True,0.09871276,0.6852023,0.13920729,0.07687757
Which of the following statements best illustrates active listening on the part of a second-grade teacher who is helping a student solve a personal problem?,"I have gathered the facts, and I know what really happened.","I understand you, and I know what is best for you.",I believe you understood the class rules.,I respect you as a person with your own ideas and feelings.,D,False,0.1455338,0.4625055,0.12843314,0.2635277
Which of the following stages is the first step in the writing cycle?,Outlining,Brainstorming,Publishing,Editing,B,True,0.40596625,0.55489004,0.016240692,0.022903046
Which of these is a government agency established to protect investors?,AAA,NBA,SEC,MADD,C,True,0.053454984,0.19860934,0.6311792,0.11675642
What character did Woody replace on the TV show 'Cheers'?,Coach,Diane,Norm,Frasier,A,False,0.25670922,0.43667713,0.15570202,0.15091158
Which of the following rocks would most likely form from the metamorphism of a shale?,Granite,Quartzite,Schist,Marble,C,True,0.07221156,0.31367275,0.45639116,0.15772457
"Which of the following states of matter is characterized by a closely packed arrangement of particles, resulting in a stable, definite shape and definite volume?",Solid,Liquid,Gas,Plasma,A,False,0.09325335,0.116055675,0.7109272,0.07976382
How old is the Earth approximately?,"50,000 years",300 million years,4.5 billion years,no one knows,C,True,0.022601536,0.3763494,0.5144086,0.086640544
"As part of a staffing strategy, a human resources manager hires new personnel through a hidden market. Which of the following best represents the use of a hidden market?",Posting the job opening to a social media Web site,Advertising the job opening on job posting Web sites,Receiving a recommendation from a current employee,Participating in a career fair at a local community college,C,False,0.19156438,0.33620593,0.26183745,0.21039231
What liqueur is used to make a Pink Lady cocktail pink?,grenadine,schnapps,triple sec,pernod,A,False,0.07311802,0.31761023,0.5574233,0.051848445
What is the proper nautical use of an anchor?,to catch large fish,to calculate water depth,to hold a ship in place,to damage other boats,C,True,0.015564972,0.033997025,0.93334323,0.017094778
In ice hockey which of the following is not a penalty?,hooking,charging,carving,butt-ending,C,False,0.15428185,0.33698255,0.25436777,0.25436777
"Ethan, a new preschool student, does not talk or play with other students during center time. Which of the following strategies will best help him develop interpersonal relationships?",Demonstrating empathy for Ethan when there is a conflict during center time,Modeling how to show appropriate affection in the classroom,Encouraging students to name and discuss their feelings throughout the day,Identifying a student to be Ethan's partner and participate in center time with him,D,True,0.13257524,0.2555455,0.24006277,0.3718165
If a business files under Chapter 11 what is it doing?,declaring bankruptcy,selling stock,buying a smaller,company suing the government,A,True,0.5028647,0.2865237,0.06196509,0.14864652
How many $100 bills does it take to equal one million dollars?,one thousand,five thousand,ten thousand,one hundred thousand,C,False,0.14589527,0.32878008,0.22596703,0.29935768
A prekindergarten teacher is planning a lesson with a teaching objective of categorizing geometric objects by type of shape. Which of the following actions must children be able to perform successfully before the teacher teaches the lesson?,Identifying attributes of objects,Recognizing the position of whole numbers,Creating sets of objects using counters,Matching values with their numerical representatives,A,False,0.15546136,0.30917183,0.22619495,0.30917183
What former 'Today' show personality played a neighbor on the TV sitcom 'The Hogan Family'?,Jane Pauley,Willard Scott,Deborah Norville,Joe Garagiola,B,True,0.14138024,0.6537356,0.09128194,0.11360221
"If one party to a contract is forced to sign, the contract is defined as",enforceable,executory,unilateral,voidable,D,False,0.21894363,0.6140426,0.06677403,0.100239694
What was the name of the first ship to sail around the world?,Triton,Victoria,Magellan,Elizabeth II,B,True,0.17897137,0.45701942,0.3240753,0.03993391
Which of the following was a direct result of the First Opium War of 1839-1842?,The Chinese commissioner of trade in Canton (Guangzhou) banned the opium trade in that city.,China was forced to open some of its ports to international trade.,Chinese revolutionaries toppled the Qing dynasty.,Chinese leaders set out to remake their economy along Western lines.,B,True,0.32108548,0.45280308,0.10424119,0.121870294
What animal is considered sacred in India?,Sheep,Cow,Chicken,Dog,B,True,0.05613341,0.8510588,0.07672528,0.016082492
In computer terminology what does the acronym 'FTP' stand for?,file transfer protocol,full time portal,full text processor,free to print,A,True,0.5887593,0.31514016,0.05476315,0.041337393
What is the art of elegant handwriting called?,calligraphy,engraving,decoupage,lithography,A,True,0.8244397,0.1304453,0.03298174,0.012133303
By what collective name do Christians refer to God the Father God the Son and the Holy Ghost?,the Trio,the Troika,the Triumvirate,the Trinity,D,True,0.008621386,0.038638372,0.016618157,0.9361221
In what year did the United States last win an Olympic gold medal in men's ice hockey?,1976,1980,1984,1988,B,False,0.14632584,0.30024114,0.23382804,0.31960502
What term describes the passing of genetic traits from one generation to the next?,heredity,heresy,homogeneity,hemoglobin,A,True,0.8501607,0.09538539,0.012126891,0.04232701
Modern computer microchips are primarily composed of what element?,Sodium,Silicon,Aluminum,Silver,B,True,0.017661674,0.96429473,0.009162756,0.008880847
The film 'Stand By Me' is based on a novel by what author?,Anne Proulx,Stephen King,Dean Koontz,Frank McCourt,B,True,0.0940661,0.8924743,0.005738069,0.0077214157
What kind of car did Burt Reynolds drive in the movie 'Smokey and the Bandit'?,Lamborghini,Camaro,Corvette,Transam,D,False,0.09167609,0.8171001,0.07139741,0.019826345
Which of the following is the best description of traditional phonics instruction?,Students study lists of high-frequency words in order to increase reading speed and comprehension.,"Students are taught individual letter sounds first, followed by letter combination sounds and the rules of putting these combinations together to make words.","Students are immersed in written language, and encouraged to decode entire words using context clues.",Students analyze patterns of organization and syntax as a way of learning to recognize common structures.,B,True,0.13168582,0.554418,0.11621233,0.19768383
Who composed the 'Moonlight Sonata'?,Mozart,Handel,Bach,Beethoven,D,True,0.026548767,0.25188768,0.015127032,0.7064365
The first commercial radio station was located in what city?,Chicago,Austin,Pittsburgh,Cleveland,C,False,0.35881948,0.3940861,0.16949433,0.07760015
Which of these is not a position on an American football team?,quarterback,tight end,striker,free safety,C,False,0.14000373,0.3358515,0.24571422,0.27843064
Which of these is not a type of primate?,baboon,marmot,orangutan,chimpanzee,B,True,0.16181174,0.37622356,0.19518222,0.26678246
In 1986 Libyan leader Muammar Qaddafi drew a so-called 'Line of Death' overwhat body of water?,Gulf of Sidra,Gulf of Oman,Red Sea,Persian Gulf,A,True,0.47845036,0.35004178,0.10675671,0.064751215
What is the nickname of Florida's controversial death row electric chair?,Old Yeller,Old Geezer,Old Smoky,Old Sparky,D,True,0.107449144,0.29207706,0.18857911,0.41189465
The dance known as the 'fandango' is of what origin?,Australian,African,Native American,Spanish,D,True,0.052290678,0.13776758,0.39864373,0.41129804
In what restaurant can you order a Grand Slam breakfast?,Denny's,McDonald's,Burger King,Hardee's,A,False,0.22973433,0.40319628,0.15789393,0.20917547
Which of these minerals is hardest on the Mohs scale?,Corundum,Quartz,Apatite,Calcite,A,False,0.31620756,0.43220446,0.1277594,0.12382865
Which of the following beverages is brewed from the leaves of a plant?,tea,coffee,ginger ale,wine,A,True,0.5053399,0.2790752,0.12776995,0.08781491
"According to Erik Erikson, the primary dilemma faced in adolescence is",industry vs. inferiority,identity vs. identity confusion,generativity vs. stagnation,integrity vs. despair,B,True,0.09528408,0.7978038,0.052620865,0.05429123
What literary work is the source of the quote 'Abandon every hope all you who enter here'?,Paradise Lost',The Wizard of Oz',The Divine Comedy',Beowulf',C,False,0.33484185,0.4576745,0.10212099,0.105362654
What's the popular name of the breakfast meal consisting of sausages wrapped in pancakes?,ducks in a pond,pigs in a blanket,cows in a pasture,dogs in the oven,B,True,0.13803846,0.7232698,0.081148624,0.057542987
Which of the following is not a TV cartoon duo?,Chip and Dale,Beavis and Butt-head,Simon and Garfunkel,Tom and Jerry,C,False,0.1486139,0.34553766,0.24502291,0.2608255
Which of these is not a 'lock' function on a standard desktop computer keyboard?,print lock,number lock,scroll lock,caps lock,A,False,0.14589527,0.32878008,0.22596703,0.29935768
The American patriot Paul Revere was named for his father whose original name was what?,John Paul Revere,Paul Silver,Apollos Rivoire,Paolo Reverini,C,False,0.38885555,0.48393854,0.06757296,0.059632927
Which of these movies does not star Jim Carrey?,Patch Adams',The Truman Show',Dumb and Dumber',The Mask',A,False,0.18817402,0.41100988,0.19414732,0.20666875
What is the name of Mario's brother in the 'Super Mario' video games?,Louis,Luigi,Luciano,Zelda,B,True,0.011945246,0.9790507,0.004677826,0.0043262816
Who wrote the lyrics of the Frank Sinatra anthem 'My Way'?,Frank Sinatra,Kris Krist offerson,Carole King,Paul Anka,D,False,0.24261798,0.5136223,0.07171774,0.17204192
In the movie Austin Powers: The Spy Who Shagged Me what is the name of Dr Evil's diminutive clone?,Little Buddy,Mini-Me,Small Fry,Dr Evil Jr,B,True,0.14926438,0.73470503,0.0705075,0.045523062
What is the chemical process wherein a solid is turned to a liquid via the application of heat?,distillation,photosynthesis,freezing,melting,D,False,0.41368085,0.3886172,0.06753154,0.13017045
In what state is the 1999 movie Magnolia' set?,California,South Carolina,Georgia,Texas,A,False,0.31790203,0.47722748,0.124492235,0.08037822
How long is the time on an NBA shot clock?,18 seconds,24 seconds,30 seconds,35 seconds,B,True,0.22019623,0.39872384,0.23439765,0.1466823
The Pointillist paintings of Georges Seurat are most notable for containing which of the following characteristics?,An expressionistic use of broad brushstrokes and tactile surface texture,Lively figures created through the use of forceful lines,Static figures and a sense of optical surface movement,An emotional use of strident colors with a high degree of simplification,C,True,0.07009373,0.1351092,0.53436726,0.2604298
Backgammon is a how many player game?,Two,Three,Four,Six,A,False,0.17682974,0.67785764,0.094650134,0.050662566
According to the children's nursery rhyme what type of ocean did Columbus sail in 1492?,calm,blue,windy,really big,B,True,0.21128958,0.4614989,0.14074922,0.1864624
Which of these refers to an alcoholic drink laced with a knockout drug?,Zombie,Kamikaze,Mickey Finn,Molotov cocktail,C,True,0.13714048,0.2643452,0.4224224,0.17609185
"Students are reading the following passage from the National Park Service's Web site. Ten miles long and nearly 500 feet deep (152.4 m meters), Lake McDonald, the largest lake in the park, is a direct result of glacial carving. High peaks surrounding the lake all show evidence of the power of glaciers to carve even the hardest of rock. The powerful glaciers that carved the broad U-shaped valley that Lake McDonald sits in also carved smaller hanging valleys with wonderful waterfalls that are accessible by numerous hiking trails. Which of the following best identifies the intended audience of the passage?",Scientists researching glacier development,Teachers interested in creating virtual park field trips,Academics studying the historical context of national parks,Families interested in visiting Lake McDonald,D,True,0.16072382,0.30980325,0.15577886,0.37369406
How do you express 3/4 as a decimal?,0.25,0.5,0.75,0.9,C,False,0.1410748,0.434541,0.19894736,0.2254369
What tea is known for its distinctive bergamot flavor?,Earl,Grey Darjeeling,English Breakfast,Prince of Wales,A,False,0.19457595,0.6183611,0.11086603,0.076197036
"Science fiction: readers claim to either love it or loathe it; either they avoid it like poison or they devour favorite works and authors like chocolate addicts gulping down fudge truffles. The author of the passage compares certain readers with ""chocolate addicts"" primarily in order to",suggest that science fiction is not a serious literary genre,indicate the depth of certain readers' feelings about science fiction,explain why some readers consider science fiction to be dangerous,contrast the characteristics of science fiction with those of other literary genres,B,True,0.18725054,0.3964094,0.1759056,0.24043445
Which of these foods could contain small amounts of naturally occurring opium?,chocolate truffles,poppy seed bagels,carbonated soda,sesame chicken,B,True,0.1545301,0.6305793,0.1321766,0.082714
What is the slowest wind speed a hurricane can have according to the Saffir-Simpson scale?,50 m.p.h.,74 m.p.h.,96 m.p.h.,110 m.p.h.,B,True,0.1225894,0.4848505,0.2085316,0.18402849
In which of the following bands did Jimmy Page not play guitar?,Bad Company,The Firm,Led Zeppelin,The Yardbirds,A,False,0.14343129,0.2943019,0.26796493,0.2943019
Which of these magazines does not focus on natural science?,Tiger Beat,Outside,National Geographic,Smithsonian,A,False,0.1876449,0.38502234,0.17085263,0.25648016
Which of the following artists is an English landscape painter who created a poetic sense of changing atmospheric effects by using tiny applications of local color?,John Constable,William Morris,William Hogarth,Joshua Reynolds,A,True,0.6572782,0.26556438,0.05395268,0.023204759
A flashing red traffic light signifies that a driver should do what?,stop,speed up,proceed with caution,honk the horn,A,False,0.15673327,0.27507547,0.45352274,0.1146685
Which composer was famous for writing approximately 600 lieder?,Schubert,Beethoven,Liszt,Mozart,A,True,0.57100606,0.33567712,0.031222837,0.06209403
"Students in a fourth-grade science class are learning about processes that change Earth's surface. Which of the following is the best example of an agent that gradually shapes Earth's surface by taking bits of rock, soil, and other substances away from their original locations and depositing them in other locations?",Fire,Lightning,Water,Sunlight,C,True,0.10019733,0.20559159,0.42184654,0.2723646
What country does Bordeaux wine come from?,France,Spain,Australia,United States,A,True,0.78349453,0.18037069,0.013908694,0.02222603
What is the loudest animal on earth?,African elephant,sperm whale,blue whale,Indian elephant,C,False,0.15934314,0.47571075,0.2796559,0.08529024
Which of these household pets should be vaccinated for parvovirus?,hamster,cat,dog,bird,C,False,0.15053216,0.34999773,0.33922943,0.16024064
Which color is not considered to be one of the primary colors of light?,red,yellow,green,blue,B,True,0.16850959,0.3680588,0.15830013,0.30513144
If someone has cataracts what part of their body might need an operation?,ear,hand,eye,knee,C,True,0.009930808,0.015381138,0.9665827,0.008105289
"""I counted seven ministers all preaching at once . . . . Some of the people were singing, others praying, some crying for mercy in the most piteous accents."" The quotation above describes group participation in an event that was most characteristic of which of the following?",A meeting of the Pennsylvania Quakers during the time of the Revolution,A frontier camp meeting of the Second Great Awakening during the early nineteenth century,A presentation to a Chautauqua Assembly during the late nineteenth century,A convention of the Women's Christian Temperance Union during the late nineteenth century,B,True,0.2503897,0.38781115,0.1667955,0.19500369
In baseball how many balls make a walk?,one,two,three,four,D,False,0.23900327,0.5915388,0.09656605,0.07289188
What term describes a tribe that has no set homeland and wanders from place to place?,Nomadic,Pedantic,Schematic,Cathartic,A,True,0.60796595,0.21677694,0.09036607,0.084891066
What is the official language of The Netherlands?,Danish,Swedish,German,Dutch,D,True,0.014963957,0.039424773,0.01982402,0.9257872
Which of these foods is not traditionally considered kosher?,citrus fruits,barley,chicken,shellfish,D,False,0.13336876,0.31009164,0.26523542,0.29130414
The use of inexpensive labor in Asian countries by footwear companies based in the United States and Europe is an example of which of the following?,Primary economic activity,Global division of labor,Intervening opportunity,Global-local continuum,B,True,0.17085335,0.5262654,0.16559674,0.13728453
Which one of the following instruments is used to measure humidity?,anemometer,ammeter,hygrometer,barometer,C,True,0.02787247,0.121072486,0.7652017,0.08585325
"Jacques, Hedwig, and Reyes want to form a business entity through which they can raise capital by selling equity shares to the public. Which of the following business structures should they adopt?",LLC,PC,Corporation,LLP,C,True,0.11418859,0.25732797,0.45162463,0.17685874
In the Arthurian legend who is married to Guinevere?,Merlin,King Arthur,Lancelot,Camelot,B,True,0.18262857,0.5121945,0.1944071,0.11076984
What does the 'ROM' in CD-ROM stand for?,Really Obscure Memory,Run-Other Memory,Random Object Memory,Read-Only Memory,D,False,0.17142145,0.3985668,0.156081,0.2739307
In the card game blackjack how much are a queen and a king worth-together?,11,15,20,21,C,False,0.113873646,0.3399639,0.20619854,0.3399639
Which of these performers made her film debut in Spike Lee's 'Dothe Right Thing'?,Jennifer Lopez,Rosie Perez,Paula Abdul,Tisha Campbell,B,True,0.27129963,0.52294374,0.120388485,0.085368216
"A farmer buys a new tractor for $40,000 and expects to use it for 20 years, after which the tractor will have a salvage value of $10,000. What is the straight-line depreciation that can be taken for the first year of ownership?",1500,1667,2000,2250,A,False,0.1910008,0.44409016,0.1910008,0.1739082
In which kind of geometry is the sum of the angles inside a triangle exactly equal to 180 degrees?,elliptical,euclidean,hyperbolic,linear,B,True,0.14015721,0.6898779,0.06416865,0.10579621
Which of the following short-run costs always increases as output increases?,Average total cost,Marginal cost,Total fixed cost,Total variable cost,D,False,0.1134385,0.8382035,0.025311552,0.02304643
"The book announced an insane world of dehumanization through terror in which the individual was systematically obliterated by an all-powerful elite. Its key phrases‚ÄîBig Brother, doublethink, Newspeak, the Ministry of Peace (devoted to war), the Ministry of Truth (devoted to lies), the Ministry of Love (devoted to torture)‚Äîburned their way at once into the modern consciousness. The passage above discusses",E.M. Forster's A Passage to India,Thomas Pynchon's V.,George Orwell's 1984,Flannery O'Connor's The Violent Bear It Away,C,True,0.124988616,0.2816662,0.46438903,0.12895617
What is the capital of New Zealand?,Sydney,Wellington,Auckland,Melbourne,B,True,0.022786003,0.95386434,0.0133952,0.009954468
What popular toy is featured in the film 'The Hudsucker Proxy'?,Beanie Babies,Hula Hoop,Lincoln Logs,Lite Brite,B,True,0.22521615,0.4341155,0.18096626,0.15970217
What is the most popular month for weddings in America?,January,May,August,November,C,False,0.139269,0.44259596,0.20906752,0.20906752
Which of the Three Stooges was not related to the others?,Moe,Larry,Curly,Shemp,B,False,0.14128529,0.25583458,0.21882693,0.3840532
What is the name for the thin board used to mix colors while painting?,pestle,easel,shoe,palette,D,False,0.22435337,0.41914725,0.06842391,0.28807542
Which of these foods could you catch at sea?,shallot,stollen,scallop,scone,C,True,0.10856955,0.21591632,0.5020205,0.17349364
If a ring has the number 925 stamped into it it is most likely made of what material?,platinum,gold,steel,silver,D,False,0.12117535,0.67586184,0.021057118,0.18190575
Which of the following questions can a student ask to best determine whether an author is using the persuasive technique of pathos in a passage?,Does the author use tone and style to convey authority on the subject to the audience?,Does the author use credible and reliable sources to convince the audience of the argument?,Does the author use facts and sound reasoning to substantiate claims made to the audience?,Does the author use personal connections and stories to appeal to the audience's emotions?,D,True,0.0680319,0.25276917,0.12710032,0.55209863
During which war did US troops fight the Battle of New Orleans?,American Revolution,Civil War,Mexican War,War of 1812,D,True,0.05288411,0.17340031,0.22265042,0.5510651
What animal is used to make lard?,pig,cow,snake,chicken,A,True,0.4966435,0.45219907,0.042061068,0.009096343
"If the permeability of subsoil is rapid, the subsoil texture is most likely classified as",coarse,medium,fine,silty,A,False,0.18878144,0.39965034,0.2500948,0.16147333
"A passage Jane Eyre is as follows. This was all the account I got from Mrs. Fairfax of her employer and mine. There are people who seem to have no notion of sketching a character, or observing and describing salient points, either in persons or things: the good lady evidently belonged to this class; my queries puzzled, but did not draw her out. Mr. Rochester was Mr. Rochester in her eyes, a gentleman, a landed proprietor‚Äìnothing more: she inquired and searched no further, and evidently wondered at my wish to gain a more definite notion of his identity. Mrs. Fairfax differs from the speaker in that Mrs. Fairfax",has more interest in the complexities of people's personalities,judges people by their social station in life,is more willing to take people at face value,has a more positive opinion of Mr. Rochester,C,False,0.22096312,0.33170494,0.18899979,0.25833207
Earth's seasons are caused by which of the following?,The tilt of Earth's axis of rotation relative to the ecliptic as Earth revolves around the Sun,The varying amount of sunspot activity,Earth's orbit about the Sun as an ellipse rather than a circle,The rotation of Earth during a 24-hour day,A,True,0.65686333,0.2270059,0.044700112,0.07143057
According to the Bible Moses and Aaron had a sister named what?,Jochebed,Ruth,Leah,Miriam,D,False,0.29139912,0.46565443,0.12147322,0.12147322
Where is the Frank Lloyd Wright-designed house known as Falling Water?,Connecticut,Pennsylvania,Illinois,New York,B,True,0.023045797,0.92056113,0.043055218,0.013337884
In the story 'Jack and the Beanstalk' what does Jack trade to get the magic beans?,a cow,a hat,a harp,a goose,A,True,0.48162368,0.3869955,0.083693646,0.047687203
Which of these vitamins was the first to be named?,Vitamin A,Vitamin-12,Vitamin E,Vitameat avegimen,A,True,0.81746155,0.1293412,0.030721227,0.02247613
How many water molecules are in a human head?,8*10^21,8*10^23,8*10^25,8*10^27,C,False,0.12830007,0.44781125,0.19871503,0.22517364
Who wrote musicals with Oscar Hammerstein II?,Richard Rodgers,Rogers Hornsby,Gilbert O' Sullivan,George Rogers Clark,A,True,0.51433885,0.43993732,0.017599707,0.028124252
If Christmas Day is on a Saturday then the following New Year's Day falls on what day of the week?,Sunday,Monday,Friday,Saturday,D,False,0.22223349,0.36640108,0.13479143,0.27657405
What Mexican holiday takes place on May 5th?,Mexican Independence Day,Santa Anna's Birthday,Cinco de Mayo,Christmas,C,True,0.0159876,0.12188322,0.82000744,0.042121716
Which of the following is a type of bacterium that produces a toxin in food under anaerobic conditions?,Clostridium botulinum,Clostridium tetani,Mycobacterium bovis,Staphylococcus aureus,A,True,0.48322526,0.27533346,0.15205356,0.089387685
Which of the following lists the gases that were most likely the largest components of Earth's early atmosphere?,N_2 and O_3,C_2H_4 and O_2,"Ne, Ar, Kr, and Rn","N_2, H_2O, CO_2, CH_4, and NH_3",D,False,0.021490498,0.12759496,0.55424726,0.2966672
What disease is characterized by a body's inability to properly metabolize glucose?,Influenza,Septicemia,Diabetes,Arthritis,C,True,0.0025849547,0.01292396,0.9644741,0.02001702
Who co-founded Microsoft with Bill Gates?,Steve Jobs,Steve Wozniak,Paul Williams,Paul Allen,D,False,0.04506598,0.90517443,0.018786296,0.030973366
Who was the first First Lady to run for political office?,Hillary Clinton,Rosalynn Carter,Bess Truman,Eleanor Roosevelt,A,False,0.12301629,0.5343584,0.18466933,0.15795603
Who or what was Big Bertha?,a comet,a World War I gun,a pro wrestling champion,a giant Muppet,B,True,0.1539048,0.6280277,0.12759157,0.09047597
To ward off bad luck what do many people do to wood?,knock on it,kiss it,thank it,scratch it,A,False,0.14168651,0.61545813,0.12900703,0.11384831
What kind of flying contraption is featured in the movie 'Chitty Chitty Bang Bang'?,boat,car,truck,bike,B,True,0.30251828,0.45413372,0.16192636,0.08142169
"What is the name of the disease that has been referred to as the ""disease of kings""?",hemophilia,jaundice,rubella,syphilis,A,True,0.5136515,0.2836653,0.1076672,0.09501597
Among these elements which one has the highest atomic mass?,Helium,Sodium,Uranium,Copper,C,True,0.09486858,0.19465768,0.39941165,0.3110621
What car company once manufactured and sold the 'Datsun' line of automobiles?,Nissan,Mazda,Toyota,Daihatsu,A,True,0.48582628,0.34450242,0.10183472,0.067836545
Which part of the electromagnetic spectrum has the shortest wavelength?,Gamma rays,X-rays,Radio waves,Microwaves,A,False,0.119407326,0.22308224,0.55213386,0.105376594
Which of the following is a renewable energy source?,Wood,Oil,Natural gas,Coal,A,False,0.049375165,0.19528256,0.583006,0.17233625
A _ is a plant cell that helps control the passage of materials into and out of the stomates.,Cell membrane,Cytoplasm,Guard cell,Cellulose,C,True,0.2045133,0.18621148,0.5559248,0.05335048
Which of the following has reduced the power of political parties?,An increase in the number of direct primary elections,A surge in soft-money campaign contributions,Stricter voter registration requirements,A decline in the number of political action committees,A,False,0.22051175,0.33102736,0.23473355,0.21372733
Poverty as defined by the United States government is best understood as,the index value of government services such as Medicaid and public housing,the concept of relative deprivation and is based on changes in the distribution of income,an absolute level set in the 1960s and since adjusted to reflect inflation at the consumer level,a concept based on lifestyle and measured on a sliding scale based on the needs of an individual,C,False,0.21338251,0.35180828,0.23435484,0.20045432
What internet company goes by the acronym AOL?,America Over Lines,America Online,Americans On Links,Americans On LOR,B,True,0.2197503,0.6560532,0.07360713,0.05058939
What was the original name of the Apple Macintosh XL computer?,Lisa 2,Mac Daddy,Granny Smith,Orange XL,A,False,0.32269794,0.49980435,0.07908053,0.09841731
What country is famous for making wooden shoes?,Russia,Thailand,The Netherlands,Australia,C,True,0.0036155262,0.016203664,0.971642,0.008538731
A knish is traditionally stuffed with what filling?,potato,creamed corn,lemon custard,raspberry jelly,A,False,0.32253173,0.4272851,0.13871916,0.11146399
Including the bottom how many sides are on a square-based pyramid?,three,four,five,six,C,False,0.2017367,0.44063348,0.1621,0.19552992
Which of these is not a traditional Greek dish?,sukiyaki,souvlaki,moussaka,finikia,A,False,0.15498812,0.3717972,0.164984,0.3082307
What color is Pepto-Bismol liquid?,pink,blue,clear,green,A,False,0.24648048,0.33689886,0.2623771,0.15424353
Which of the following groups was converted to Christianity in the tenth century AD by missionaries from the Byzantine Empire?,Franks,Visigoths,Russians,Anglo-Saxons,C,False,0.2953065,0.36751488,0.17911245,0.15806618
"A passage from Zora Neale Hurston's Their Eyes Were Watching God is as follows. The people all saw her come because it was sundown. The sun was gone, but he had left his footprints in the sky. It was the time for sitting on porches beside the road. It was the time to hear things and talk. These sitters had been tongueless, earless, eyeless conveniences all day long. Mules and other brutes had occupied their skins. But now, the sun and the bossman were gone, so the skins felt powerful and human. They became lords of sounds and lesser things. They passed nations through their mouths. They sat in judgment. Which of the following is the best way of describing the last three sentences of the passage (""They became . . . in judgment"") ?",The sentences emphasize the weariness the sitters feel after a long day's work.,The sentences are used to paint a picture of the way in which the sitters wish they spent their evenings.,The sentences are a vivid way of describing the ease and authority the sitters feel during the evening.,The sentences highlight the contrast between the feelings of the sitters and the feelings of the bossman.,C,False,0.13466845,0.28509313,0.2363505,0.34388795
What Native American tribe did chief Crazy Horse lead?,Apache,Comanche,Sioux,Iroquois,C,True,0.025840774,0.061988797,0.8557289,0.05644144
Which of the following people would benefit most if the value of the United States dollar increased relative to the Japanese yen?,A United States car dealer importing Japanese cars,A Japanese tourist vacationing in the United States,A worker in the United States beer industry,A Japanese baker buying United States wheat,A,False,0.29883283,0.36046124,0.17567478,0.16503118
What is the fundamental basis of competition in a market with poorly differentiated products?,Promotion,Product placement,Price,Value proposition,C,True,0.085626066,0.15997057,0.6132298,0.14117353
The phrase 'hospital corners' refers to what?,bed sheets,paint,landscaping,scissors,A,True,0.60655916,0.32466772,0.027496323,0.04127687
What sporting event is held annually on Memorial Day weekend?,Iditarod,Kentucky Derby,Indianapolis 500,Super Bowl,C,False,0.0792859,0.45625883,0.1962345,0.26822072
"A student comes across the unfamiliar words ""intercontinental,"" ""interglacial,"" ""interface,"" and ""intercept"" in his reading. The student can use his knowledge of affixes to understand that all of the words share which meaning?",between; among,not; opposite of,earth; environment,under; too little,A,False,0.18572158,0.3931726,0.20397526,0.21713054
"Ballad opera, opera buffa and opéra comique shared which feature?",They contained da capo arias,They began with a French overture.,They focused on everyday problems.,They contained obbligato recitative.,C,False,0.22311665,0.33493778,0.19689976,0.24504572
What is the national animal of Australia?,koala,kangaroo,platypus,alligator,B,True,0.1737653,0.552225,0.19690189,0.077107884
"In weaving, the vertical and horizontal threads in a loom are called the",bobbin and quill,shuttle and paddle,ply and twist,warp and weft,D,True,0.07526325,0.211081,0.10287266,0.6107831
The majority of calcium in the human body is found where?,Hair,Blood,Bones,Digestive tract,C,True,0.006587539,0.035611898,0.9475975,0.01020298
Which of these is made from cacao seeds?,marzipan,soy sauce,chocolate,anchovies,C,True,0.016982706,0.038271118,0.92722434,0.017521795
Which of the following charts is used in advanced manufacturing to record results data for a preproduction process?,R chart,Run chart,X-bar chart,Pareto chart,B,True,0.18911824,0.63977873,0.06334668,0.107756324
A first-grade teacher is planning activities to introduce students to nonstandard units of measurement. Which of the following activities will best meet the teacher's goal?,"Asking students to stand in a line, from the shortest person to the tallest",Asking students to use pencils to measure the length of a desk,Asking students to determine how many one-liter bottles of water can fill a onegallon container,Asking students to use a measuring tape to measure the length of the classroom door,B,False,0.15709959,0.31242985,0.20812315,0.32234743
"When scanning a drive for viruses, it is typically important to check files having which of the following extensions?",.jpg,.pdf,.wav,.exe,D,True,0.01585108,0.06673554,0.05197369,0.86543965
What term describes a word created by rearranging the letters of another word?,onomatopoeia,malapropism,anagram,antonym,C,False,0.5106086,0.28198487,0.12910208,0.07830437
What biological process replicates DNA?,molting,mitosis,diffusion,peristalsis,B,True,0.052107163,0.92362154,0.009342299,0.014928952
Louis Pasteur developed which vaccine?,polio,rabies,smallpox,anthrax,B,False,0.061958373,0.12713033,0.7787677,0.03214358
Which of these planets has no known moon?,Neptune,Mercury,Mars,Saturn,B,True,0.23584501,0.42706013,0.14758804,0.18950678
According to a Yale University study what smell is the most recognizable to American adults?,tuna,laundry,popcorn,coffee,D,False,0.19744861,0.45908174,0.179779,0.16369063
According to the USDA which food group should you eat the most servings of per day?,vegetables,dairy,meats,breads,D,False,0.52173597,0.23886813,0.08517106,0.15422486
Which of these organs comes in A pair?,liver,kidney,stomach,gallbladder,B,True,0.22167996,0.34334463,0.18377915,0.2511963
"Carmen spends her entire weekly income on two goods: X and Y. At her current consumption level of the two goods, the marginal utility of the last dollar spent on good X is 5 and the marginal utility of the last dollar she spent on good Y is 10. To maximize her utility, Carmen should",maintain her current consumption level of the two goods,buy fewer units of X and more units of Y,buy fewer units of Y and more units of X,buy fewer units of both X and Y,B,True,0.20965005,0.47245368,0.14409024,0.173806
The British dish 'bangers and mash' is made up of sausage and what?,eggs,bacon,liver,potatoes,D,False,0.15743198,0.66281337,0.084267266,0.09548733
Where are fireworks first known to have been developed?,Italy,China,Great Britain,Greece,B,True,0.05503161,0.8881652,0.045622807,0.01118035
What is the name of the Swedish company that specializes in affordable furniture?,Gambro,Electrolux,Saab,IKEA,D,True,0.0065203723,0.03416431,0.02137948,0.9379358
A committee of middle school teachers is meeting to begin the process of finding a software program to improve students' drafting skills. Which of the following steps should the committee take first in the process?,Downloading a trial version of the most popular software for evaluation,Conducting a survey to determine the importance of drafting skills in the classroom,Defining the learning objectives they would like the software to meet,Deciding what type of user interface would be most appropriate,C,False,0.2277042,0.33130765,0.18296547,0.25802267
Which of the following words cannot be decoded through knowledge of letter-sound relationships?,Flight,Said,Things,Lamp,B,False,0.20555435,0.2809595,0.1412753,0.37221083
In what country are police officers referred to as 'bobbies'?,Israel,Greece,England,France,C,True,0.0075454786,0.04479957,0.9283869,0.019268055
The ability to do which of the following is a characteristic of all living organisms?,Move from place to place,Detect and respond to changes in the environment,Produce sugars by photosynthesis,Produce heat to maintain a constant internal temperature,B,True,0.14921524,0.30616978,0.30616978,0.23844527
In 1924 the United States Congress passed a bill that significantly altered immigration patterns by,suspending further immigration from Latin America,making it illegal for employers to hire or recruit undocumented workers,"promoting family unification, enabling close relatives of people already resident in the United States to be admitted","reducing immigration quotas sharply, leading to a dramatic decline in immigration",D,True,0.06598601,0.22322777,0.1582922,0.55249405
Astronomers have proposed that the solar system formed from a vast rotating cloud of gas and dust. This explanation is known as which of the following?,Kepler's laws,Big bang theory,Cosmic string theory,Nebular hypothesis,D,False,0.20061877,0.6786846,0.049163748,0.07153283
"The term that best describes an artwork that incorporates theatrical elements such as body movement, audience participation, music, and projected images is",mimesis,installation art,performance art,digital collage,C,True,0.06967268,0.22844793,0.5833622,0.11851723
What substance was used for blood in the famous shower scene from the movie 'Psycho'?,tomato juice,red wine,chocolate syrup,ketchup,C,False,0.19736998,0.48849538,0.13995628,0.17417839
What is actor Antonio Banderas native language?,Spanish,Russian,German,French,A,True,0.77674365,0.1679826,0.020062659,0.035211064
A preschool teacher is teaching students to forward roll. Which of the following is a problem most characteristic of preschoolers' forward rolling?,Keeping the chin tucked,Keeping the knees and hips flexed,Losing the curl,Using the hands to cushion the head contact,C,False,0.13085264,0.3341439,0.1680181,0.3669853
John Rockefeller made his fortune in what industry?,automobile,oil,steel,railroad,B,True,0.061979808,0.9107866,0.013404073,0.013829564
What is the name of the South African political party that was headed by Nelson Mandela?,African National Congress,South African Democrats,Inkatha Freedom Party,Aryan National Assembly,A,True,0.8420914,0.1251657,0.027068984,0.0056739673
A kindergarten teacher notices that a new student who is from a foreign country is being excluded from play by a majority of the other students. Which of the following activities is best to help the class become aware of the common interests they share with the new student?,Inviting a member of the new student's family to discuss the family's culture with the class,Creating a chart with the class that shows the many ways students in the class are similar,Using a globe to show the class which country the new student's family comes from,Asking the class to help the new student learn the classroom rules by having students role-play,B,True,0.1672236,0.34312055,0.15709203,0.33256382
How many periods are there in an ice hockey game?,One,Two,Three,Four,C,False,0.19522007,0.6204081,0.11476397,0.06960786
Which of the following parts of the Sun is easily visible only during a total solar eclipse?,Core,Photosphere,Sunspots,Corona,D,False,0.15467215,0.4204425,0.16987412,0.25501126
In what decade was the Hula-Hoop invented?,1890s,1920s,1950s,1970s,C,False,0.025483273,0.43780443,0.4112792,0.12543307
Which of the following sequences of events is consistent with the presence of a layer of sandstone in bedrock just above a layer of shale?,"A volcano erupted, sending lava out over a layer of shale. The lava cooled and hardened into sandstone.",The water level of a large lake lowered. A beach then formed where previously there had been lake bottom.,"One-celled organisms developed a colony on the seafloor. Shells made by these organisms accumulated and lithified, forming the sandstone.",Mud was deposited and lithified. Subsequent contact metamorphism resulted in localized recrystallization of the shale into sandstone.,B,True,0.1502108,0.33850527,0.24765575,0.26362815
In what US city can you find the Basketball Hall of Fame?,Canton Ohio,Cooperstown New York,Springfield Massachusetts,Lawrence Kansas,C,False,0.1010846,0.6800782,0.11454386,0.104293376
Which of the following concepts in Robert's Rules of Order requires that motions be dealt with in order of importance?,Order of business,Orders of the day,Order of precedence,Point of order,C,False,0.2894726,0.33842778,0.24759907,0.124500625
When it first appeared on the Internet amazoncom sold only what?,Books,Compact discs,Cars,Clothes,A,False,0.26235363,0.4192399,0.1641767,0.15422975
How many digits are in a standard Visa credit card number?,12,15,16,20,C,False,0.12997182,0.38802418,0.292896,0.18910788
"A passage Jane Eyre is as follows. This was all the account I got from Mrs. Fairfax of her employer and mine. There are people who seem to have no notion of sketching a character, or observing and describing salient points, either in persons or things: the good lady evidently belonged to this class; my queries puzzled, but did not draw her out. Mr. Rochester was Mr. Rochester in her eyes, a gentleman, a landed proprietor‚Äìnothing more: she inquired and searched no further, and evidently wondered at my wish to gain a more definite notion of his identity. The passage suggests that the speaker would describe the ""account"" mentioned in the first sentence as",enlightening,mystifying,deficient,erroneous,C,False,0.20466278,0.4612147,0.1696714,0.16445117
What is the birthstone for the month of January?,topaz,garnet,opal,diamond,B,False,0.19494763,0.20113593,0.07399377,0.5299226
Who kills Tony at the end of the film 'West Side Story'?,Riff,Chino,Bernardo,He kills himself,B,False,0.110257246,0.22623317,0.10357709,0.5599325
In what country did Magic Johnson play professional basketball during the 1999 season?,United States,Sweden,Israel,Turkey,B,True,0.20483434,0.4336343,0.18076567,0.18076567
According to the Mother Goose nursery rhyme which child is full of woe?,Monday's child,Wednesday's child,Thursday's child,Saturday's child,B,True,0.17504153,0.5064994,0.13212827,0.18633072
What is called a 'lorry' in Britain?,a toaster,a truck,a babysitter,an elevator,B,True,0.020021819,0.9647052,0.009166656,0.0061063096
What newspaper do Lois Lane and Clark Kent work for?,The Bugle,The Daily Planet,The Metropolis Tribune,The New York Times,B,True,0.060664047,0.89145166,0.01738054,0.030503798
Which of the following should a computer user do to prevent screen-induced eyestrain?,Use eye drops regularly,Change choice of software programs,Limit the resolution on the monitor,Take periodic breaks to view natural lighting,D,True,0.070726186,0.21114938,0.27112117,0.44700325
What percent of the observable universe has received radio transmissions from Earth?,10^-24 %,10^-29 %,10^-34 %,10^-39 %,A,False,0.1580505,0.4296258,0.20938289,0.20294085
Where is Ghirardelli Square located?,Milan,Rome,Washington DC,San Francisco,D,True,0.006651146,0.021137299,0.015464378,0.9567472
"A research report states that a special education program for children aged 3-5 under study increases their chances of success in future schooling. Therefore, implementing a similar education program for all children will improve them in the future opportunities for success in school education. Which of the following best illustrates the logical loopholes summarized above?",Children's cognitive abilities are constantly changing at the age of 3-5,Establishing such education and training programs on a national basis requires a special public expenditure,Many parents mistakenly believe that early formal education will occupy the time that children would have been able to better explore the world independently,Investigators are unaware that they include a large group of children who have previously received another education,A,False,0.18758923,0.31910005,0.19354397,0.29976675
"The traitor is a traitor, so you are a traitor, so I am a patriot.The words of a patriot are the most valuable, so my words are good.Since my words are good, you are undoubtedly a traitor! Which of the following makes the same logical mistake as above?","Literature and art are not worthy of attention. Modernization must relies on science and technology, so science and technology are worthy of our attention. But literature and art are not science and technology.","Non-university can also become an outstanding talent. Gorky, Edison, Faraday, Franklin, etc. have not attended college, but they have all become outstanding talents.","The earth is a sphere, which can be proved from the fact that when we stand at a height and watch the sailing boat in the sea, we always see the mast first and then the hull. The reason for this is because the earth is a sphere.",I saw them coming out of this chemical plant several times before I realized that this young man who was eager to help patients was originally a worker in this chemical plant.,C,False,0.26074252,0.3454277,0.1907633,0.20306645
"The tobacco industry has a lot of money, and it is expected to continue to do so. Last year, the total amount of tobacco sold by American tobacco farmers increased significantly, but the number of smokers in the country continued to decline. If the following are true, they can be the reason for the above phenomenon, except:",More women start smoking this year than men who have quit.,People who continue to smoke consume more tobacco than in previous years.,The number of people who started smoking grass or taking snuff this year is more than the number who have given up smoking.,More cigarettes produced in the U.S. are exported to other countries this year than last year.,A,False,0.19390245,0.3196911,0.21296017,0.27344626
Which of the following is most characteristic of gesture drawing?,An outline,Action and movement,Gradual shading,Carefully observed details,B,True,0.13761674,0.74394906,0.061067056,0.05736719
What type of meat is on a traditional Reuben sandwich?,turkey,bologna,corned beef,pepperoni,C,True,0.010415769,0.042502843,0.9375977,0.009483666
Which of the following is the best source of objective information about a prospective employer that is publicly traded?,Annual reports,Press releases,Newspaper articles,10-K filings with the SEC,D,True,0.066196114,0.119865686,0.22393857,0.58999956
What children's TV character is known as 'Da Niao' in China?,Barney,Big Bird,Mickey Mouse,Tinky Winky,B,True,0.15863393,0.45902246,0.22370967,0.15863393
On Valentine's Day 2000 NASA's NEAR spacecraft began a yearlong orbit of what asteroid?,Eros,Cupid,Aphrodite,Venus,A,True,0.61010385,0.27073196,0.07062465,0.04853956
"The gasoline tank in a car holds 15 gallons when full. If there are 7 gallons of gasoline in the tank, how many gallons of gasoline are needed to fill the tank? Which of the following is most appropriate to use to correctly answer the question shown?",Multiplication,Subtraction,Estimation,Division,B,True,0.19733548,0.40490612,0.17414796,0.2236104
What cartoon character traveled in a time machine with Mr Peabody?,Rocky,Jonny Quest,Underdog,Sherman,D,False,0.24184544,0.49623463,0.1611038,0.10081618
Which of these is a type of a artwork consisting of pieces of wood inlaid in geometric patterns?,marquetry,parquetry,harquetry,sharquetry,B,False,0.44891006,0.38397312,0.113502234,0.05361466
What term describes someone who does not believe in the existence of God?,hedonist,deist,agnostic,atheist,D,True,0.09597247,0.068054676,0.14864507,0.68732786
What animated character has a crush on the Little Red Haired Girl?,Richie Rich,Charlie Brown,Bugs Bunny,Jonny Quest,B,True,0.16656506,0.6587776,0.13383879,0.040818524
Which of these dishes is made from pig intestines?,haggis,chitlins,grits,chop suey,B,False,0.6450123,0.21605207,0.061899953,0.07703574
Water's high heat capacity allows it to,change density significantly as its temperature changes,gain and lose large amounts of heat without significantly changing the temperature of the water,conduct sound efficiently without significant loss of velocity as the sound waves travel long distances,cause the ocean's surface temperature to fluctuate rapidly as the seasons change,B,True,0.25935847,0.34359413,0.08420136,0.312846
Which of the following is the government regulator for all securities firms operating in the United States?,Federal Trade Commission,Federal Deposit Insurance Corporation,Federal Reserve Board,Financial Industry Regulatory Authority,D,True,0.031140063,0.108689494,0.41664943,0.443521
Which of the following elements is a metal?,S,Se,I,Ga,D,False,0.21830235,0.32771066,0.16478327,0.28920364
How many ribs are there in the human body?,18,24,30,42,B,True,0.18963507,0.46935132,0.18380061,0.157213
Which of these snakes is poisonous?,anaconda,boa constrictor,copperhead,python,C,False,0.18294877,0.29235128,0.2500613,0.27463862
What's unique about a skeleton key?,It opens many locks,It's made of bone,It's extremely old,It hangs in a closet,A,False,0.15115416,0.61680335,0.12145578,0.11058674
What color is a ruby?,red,black,yellow,blue,A,True,0.7161124,0.22533475,0.0141818365,0.044371042
In the 1960s 'Batman' TV series who was not a guest villain?,The Minstrel,The Archer,The Bookworm,The Squeegee Guy,D,False,0.14213279,0.37447003,0.18250212,0.30089512
Which of these is commonly used to treat allergies?,antimatter,anticoagulants,antiseptics,antihistamines,D,True,0.021035045,0.050460447,0.44974908,0.4787554
"How many ships did Columbus set sail with on his initial voyage to ""the New World""?",Two,Three,Five,Ten,B,True,0.221762,0.5662891,0.13036716,0.08158169
What does the acronym 'REM' stand for?,random energy module,rapid eye movement,red entertainment machine,really energetic music,B,True,0.040290702,0.88879865,0.012287971,0.05862263
Where did the Exxon Valdez run aground in March of 1989?,Monterey Bay,Prince William Sound,Cape Cod,Gulf of Mexico,B,True,0.034337156,0.9426811,0.0134466225,0.009535084
What is the name of the baby who appears in cartoons and comic strips with Popeye the Sailor?,Pun'kin,Lamikins,Suga'baby,Swee'pea,D,True,0.21621487,0.30491182,0.087358706,0.39151454
A geographer beginning a study of the cultural landscape within a specific region would most likely benefit from which of the following activities?,Describing and mapping the building types on a plat map,Determining how many cars travel along the highway system,Establishing the percentage of adults with a college education,Graphing and analyzing economic data for the past century,A,False,0.16209683,0.32236803,0.13864876,0.3768864
Fragile works of sculpture can be displayed most securely by placing the works,in glass-paneled cases,on a series of pedestals,on wall-mounted shelves with sturdier works around them,"in shadow boxes with signs that read ""Do Not Touch""",A,False,0.15243547,0.35442305,0.2847869,0.20835455
In the Jimmy Buffet song 'Margaritaville' what is the singer searching for?,a lime,a shaker of salt,his car keys,the bartender,B,True,0.27450132,0.41207528,0.14692996,0.16649346
Which of the following actions by the Federal Reserve System would be most likely to increase consumer spending?,Increasing the discount rate to member banks,Decreasing the discount rate to member banks,Selling large amounts of government securities,Keeping reserve requirements of member banks constant,B,True,0.24858902,0.45013654,0.1249984,0.176276
Which one of these is NOT a mineral?,Quartz,Lithium,Diamond,Calcite,B,True,0.13097057,0.3910059,0.17350782,0.30451572
According to the title of a popular children's TV show what color is Bear's big house?,red,green,purple,blue,D,False,0.27554262,0.38857737,0.13428876,0.20159128
Which of these rocks will float In water?,granite,limestone,shale,pumice,D,True,0.12823133,0.29814675,0.225053,0.3485689
Who is the twin sister of 'Dear Abby' columnist Abigail VanBuren?,Martha Stewart,Dr Ruth Westheimer,Ann Landers,Miss Manners,C,True,0.17182148,0.36374605,0.3752926,0.089139804
Which of the following would be provided in the marketing segment of a business plan?,How the products and services will be priced,The organizational structure of the business,Any factors that could affect employee retention,The details of the budget plan,A,False,0.2862392,0.29532543,0.12310995,0.29532543
"From the very beginning, I wrote to explain my own life to myself, and I invited any readers who chose to make the journey with me to join me on the high wire. I would work without a net and without the noise of the crowd to disturb me. The view from on high is dizzying, instructive. I do not record the world exactly as it comes to me but transform it by making it pass through a prism of fabulous stories I have collected on the way. I gather stories the way a lepidopterist hoards his chloroformed specimens of rare moths, or Costa Rican beetles. Stories are like vessels I use to interpret the world to myself. ----------Pat Conroy Which of the following best describes the organization of the passage?",The author provides several explanations for taking a certain course of action.,The author uses analogies to explain his experience of a particular action.,The author makes a comparison between his own experiences and that of others in his profession.,The author chronicles the various phases of his work in a particular discipline.,B,False,0.16524988,0.29002255,0.2056568,0.33907074
What is the normal playback speed of a 12'' long-playing record?,12 1/2 rpm,33 1/3 rpm,45 rpm,100 rpm,B,False,0.09997695,0.37145942,0.40796837,0.12059522
During what war did Francis Scott Key write the words to 'The Star-Spangled Banner'?,American Revolution,War of 1812,Civil War,World War I,B,True,0.062093873,0.8843892,0.025088191,0.028428646
What are the names of Donald Duck's three nephews?,Quick Quack Quock,Alvin Simon Theodore,Robbie Chip Ernie,Huey Dewey Louie,D,False,0.24369985,0.45529124,0.07911775,0.22189122
What company makes Oreo cookies?,General Mills,Nabisco,Keebler,Kraft,B,True,0.15387554,0.75740194,0.060258523,0.028464112
A student is conducting a research project and has learned of a website that may have useful information. The domain extension for the site is .org. Which of the following assumptions about the website is correct?,All of the information on the site is current.,The site has been evaluated for bias.,The site might belong to a nonprofit agency.,The author of the site is well respected in his or her field.,C,True,0.09073799,0.2708936,0.35887572,0.2794927
To make an international telephone call from within the US what are the first numbers you should dial?,11,101,888,911,B,False,0.38291952,0.31745142,0.12431577,0.17531332
The 'Arkansas toothpick' is better known by what name?,Scottie Pippen,spare rib,pinkie finger,Bowie knife,D,False,0.16290054,0.42918575,0.2685776,0.13933621
What colors are the two circles in the MasterCard logo?,pink and orange,blue and green,black and white,red and yellow,D,False,0.28027096,0.476757,0.13659316,0.10637887
Which of the following was a significant reason for the electoral success of Franklin Roosevelt's New Deal coalition during the 1930s?,A major shift of African American voters from the Republican to the Democratic Party,A major shift of urban voters in Northern states from the Republican to the Democratic Party,A focus on a bipartisan approach to major social and economic legislation,A focus on mobilizing young voters,A,False,0.32085946,0.38703042,0.12565038,0.16645972
What is the name of the mountain where the mythological Greek gods live?,Jupiter,Olympus,Vesuvius,Valhalla,B,True,0.19442357,0.7689601,0.026312368,0.010304071
The first sound recording to be made and reproduced was a recitation of what nursery rhyme?,Humpty Dumpty',Mary Had a Little Lamb',Jack Be Nimble',Home Sweet Home',B,True,0.36643827,0.5331645,0.042418305,0.05797895
Which actress played a pointy-eared Vulcan in the movie 'Star Trek II: The Wrath of Khan'?,Whoopi Goldberg,Jennifer Grey,Kirstie Alley,Helen Hunt,D,False,0.07900047,0.2590326,0.48393658,0.17803033
Which of the following is most likely to result from a collision between a continental lithospheric plate and an oceanic lithospheric plate?,A chain of coastal volcanic mountains,A magnetic reversal,A mid-oceanic ridge,A transform fault,A,False,0.22797701,0.29272828,0.2583318,0.2209629
The process of drilling holes in the skull is called what?,bifurcation,trepanation,aeronomy,skullduggery,B,True,0.04273704,0.91375816,0.018380972,0.025123809
Who is the creator of the comic strip 'The Far Side'?,Jim Davis,Gary Larson,Garry Trudeau,Charles Schulz,B,True,0.11548402,0.6243007,0.11193095,0.14828442
Which of these is not a type of chili pepper?,habanero,cheyenne,jalapero,guajillo,B,True,0.17440303,0.35785177,0.19762452,0.27012068
"In the definition of a public good, the term ""nonrival"" means that",one person's use of the public good does not reduce the amount available to others,the public good is produced by the government without any competition,the public good is produced at zero marginal cost,the public good is mostly consumed by free riders,A,False,0.239624,0.34865084,0.18661936,0.22510591
Which of these foods is poisonous to dogs?,peanut butter,bananas,chocolate,olives,C,True,0.040269885,0.13623127,0.59176165,0.23173718
What type of substance is 'terra-cotta'?,metal,ceramic,wood,glass,B,True,0.022109173,0.88314784,0.08214555,0.012597427
What disease causes a buildup of fluid pressure in the eyeball and damages the optic nerve at the back of the eye?,astigmatism,cataract,glaucoma,retinitis,C,True,0.010238661,0.12089482,0.78833324,0.08053331
What article of clothing best describes a 'pashmina'?,shoes,pants,scarf,underwear,C,True,0.014928401,0.044567972,0.9235875,0.016916096
Who was the first American in space?,John Glenn,Buzz Aldrin,Alan Shepard,Neil Armstrong,C,False,0.63012546,0.31684697,0.019632159,0.033395424
Stevie Wonder and Michael Jackson have both recorded duets with which former Beatle?,Paul McCartney,John Lennon,George Harrison,Ringo Starr,A,False,0.24868053,0.5264567,0.10366547,0.121197216
In which layer of Earth is the geomagnetic field generated?,Outer core,Crust,Mantle,Inner core,A,False,0.07872084,0.4673871,0.31134692,0.14254501
Which of these is not one of Aesop's fables?,The Dog and the Squirrel',The Hare and the Tortoise',The Eagle and the Beetle',The Ox and the Frogs',A,False,0.15183014,0.3757832,0.21411483,0.25827178
An accounts payable entry appears in the,asset section of the balance sheet,liability section of the balance sheet,cost of goods sold section of the income statement,operating expense section of the income statement,B,True,0.088276416,0.5407586,0.22542173,0.1455432
What is a balalaika?,musical instrument,Russian peasant,type of hat,breed of shark,A,True,0.86065084,0.11289282,0.011177903,0.015278382
From what language does the term 'RSVP' originate?,Russian,Italian,Portuguese,French,D,False,0.22717534,0.4244194,0.17148094,0.17692433
Which of the following is a true statement about the flow of energy in an ecosystem?,Smaller organisms need less energy per gram of body weight than do larger organisms.,Energy transfer between organisms normally involves conservation of heat energy.,Energy flow between trophic levels is inefficient.,"Chemical energy is converted into radiant energy, which is then converted into chemical energy at the next trophic level.",C,False,0.113132454,0.2800055,0.18652388,0.42033806
The Federal Reserve implements an expansionary policy by doing which of the following?,Buying Treasury bonds in the open market,Raising the federal funds rate,Raising the discount rate,Raising the required reserve ratio,A,False,0.23058473,0.5888187,0.09029828,0.09029828
"Determining how a product can be useful, identifying the target price, finding a place to sell the product, and deciding how to promote it best exemplifies using",market research,positioning,marketing mix,segmenting,C,False,0.44717434,0.35931468,0.093732834,0.099778086
In golf what is one stroke overpar called?,eagle,bogey,dormy,birdie,B,True,0.15783575,0.6242525,0.09877109,0.11914068
What actress starred on 'Charlie's Angels' for the show's entire run?,Cheryl Ladd,Farrah Fawcett,Jaclyn Smith,Kate Jackson,C,False,0.16875067,0.5889977,0.13989922,0.102352455
If you are watching a Shavian play who is the author?,Shakespeare,Aeschylus,George Bernard Shaw,Anton Chekhov,C,True,0.04957377,0.28527734,0.54988647,0.11526246
In which of these sports do competitors use a 'funny car'?,supercross,dogsledding,gymnastics,drag racing,D,True,0.027782807,0.088293575,0.09697152,0.7869521
The TV show 'House of Style' airs on what network?,E,WB,MTV,Home Shopping Network,C,True,0.058558907,0.20439066,0.6914447,0.045605723
By what nickname is the Federal National Mortgage Association known?,Morty,FEMA,Freddie Mac,Fannie Mae,B,False,0.053282887,0.31635508,0.4899803,0.14038171
In computer terminology what does the acronym 'ISP' stand for?,Individual Site Privacy,Investment Stability Plan,Internal Security Position,Internet Service Provider,D,True,0.026087705,0.14102879,0.093945436,0.73893803
Which of these television series was not set in the United States?,Picket Fences',M*A*S*H',Northern Exposure',The Paper Chase',B,True,0.1169205,0.33832067,0.25537783,0.289381
What day of the week is sometimes called 'hump day'?,Wednesday,Thursday,Friday,Saturday,A,False,0.17349362,0.5020204,0.2159163,0.10856953
Which of the following figures is a contemporary installation artist who uses image projection and videos?,Bill Viola,Betye Saar,Damien Hirst,Rachel Whiteread,A,True,0.39886093,0.33066732,0.114275575,0.15619618
Scientists believe that a worldwide catastrophic event occurred during the late Cretaceous period and that this event likely caused which of the following?,The movement of aquatic animals onto land,The sudden demise of the dinosaurs,The emergence of Homo sapiens on the grasslands of Africa,The first appearance of mammals,B,True,0.10311017,0.71572644,0.060615346,0.120548
"According to Article III, Section 1, of the United States Constitution, judges ""shall hold their offices during good behavior..."" A consequence of this clause is that:",Congress cannot remove federal judges from office,federal judges have political independence to fulfill their duties,the president has no influence over the composition of the Supreme Court,federal judges lack opportunity for advancement or promotion,B,True,0.18750219,0.55977815,0.097274855,0.15544477
How many cups of coffee were consumed in the United States in the past week (as of 2013)?,300 million cups per week,1 billion cups per week,3 billion cups per week,9 billion cups per week,C,False,0.19363579,0.47925317,0.1508037,0.1763074
In what city would you find people studying art and design at the Fashion Institute of Technology?,Paris,New York,Los Angeles,Melbourne,B,True,0.075125486,0.8870575,0.012653195,0.025163885
What is the traditional 20th wedding anniversary gift?,paper,leather,china,silver,C,True,0.1776639,0.29291824,0.32170776,0.20771015
"Many employers rely on temporary workers to provide flexibility in times of fluctuating need. However, an important consideration in hiring temporary workers is that they",are often less experienced and less committed to the job than full-time employees,are limited to 30 days on the job before they must be offered a permanent position,must be offered health care and other benefits like regular full-time employees,are required to receive pay equal to that of regular full-time employees doing the same job,A,False,0.11894448,0.30373538,0.22221756,0.35510263
Someone would most likely contract salmonella poisoning from eating which of the following?,carrots,chicken,tofu,rice,B,True,0.22006817,0.5116738,0.1610053,0.10725266
Amps are a unit of measurement of what?,electric charge,electric current,electric field strength,electric potential,B,True,0.18545963,0.57125586,0.11974173,0.12354275
The maximum depth that plant roots can readily penetrate without encountering a restrictive soil layer is referred to as the,effective depth,depth to the subsoil,depth to a parent material,O horizon,A,False,0.19131881,0.44482955,0.15372899,0.2101226
How much more electrical energy will the United States need to generate if everyone drives electric cars?,2*10^19 J,2*10^21 J,2*10^23 J,2*10^25 J,A,False,0.12914267,0.49505442,0.18790147,0.18790147
Which of the following must be obtained by foreigners wishing to permanently reside in the US?,visa,bill of landing,driver's license,carte blanche,A,True,0.69330966,0.16990283,0.042958163,0.09382926
What is the largest moon in the Solar System?,Ganymede,The Earth's Moon,Pluto,Europa,A,False,0.1174804,0.7660684,0.075851046,0.04060014
Islam first spread to Indonesia through,military conquest by the Mughal empire,mass migrations of African Muslims across the Indian Ocean,Dutch colonization in the 18th century,increased commercial contacts with Indian and Arab merchants,D,False,0.051847514,0.7384526,0.09993869,0.10976118
Which of these is not a city in the state of New York?,Perskippity,Kerhonkson,Schenectady,Lackawanna,A,False,0.13459647,0.33312947,0.22895631,0.30331784
In the original 'Get Smart' TV series what is agent Maxwell Smart's code name?,Agent 86,Agent 99,Larrabee,The Chief,A,False,0.31352922,0.5333312,0.054483213,0.09865636
In horse racing what is the term for a wager on the 1st 2nd and 3rd place finishers in a specific race?,triple action,trifecta,exacta,triple crown,B,True,0.11294443,0.49060825,0.19822365,0.19822365
What principle explains why cold food warms up and hot food cools off when stored at room temperature?,entropy,chemical equilibrium,momentum,relativity,A,False,0.4332492,0.47583115,0.036692157,0.054227497
How much does our highway gas mileage decrease in a heavy rain?,About 0.1%,About 2%,About 10%,About 50%,C,False,0.12881897,0.35016626,0.27270976,0.24830507
"What quantity of oxygen, O_2 , contains very nearly the same number of molecules as 36.0 grams of water, H_2O ?",64.0 grams,32.0 grams,16.0 grams,8.0 grams,A,False,0.1254399,0.5621826,0.1513094,0.16106802
The loss of water in the form of vapor from plants is referred to as the,transpiration,respiration,oxidation,condensation,A,True,0.6818989,0.1835306,0.04787682,0.08669372
"In a holistic evaluation of student essays, evaluations are made on the basis of the",number and variety of errors made by each student,average sentence length and the complexity demonstrated in each essay,ability of each student to communicate in a variety of discourse modes,overall quality of each student's essay in relation to the topic,D,False,0.08868078,0.30000323,0.32948908,0.28182694
Which of the following scenarios does not include a producer?,Direct selling,Reverse channels,Indirect channels,Dual distribution,B,True,0.216846,0.3688675,0.19744055,0.216846
In soccer which player is allowed to use his or her hands in the field of play?,midfielder,center,sweeper,goalkeeper,D,True,0.29247507,0.2501672,0.057591755,0.399766
As of 1999 which state has the most Girl Scouts?,California,Illinois,New York,Pennsylvania,D,False,0.21212807,0.40888757,0.16012266,0.21886176
In the 1992 animated film 'Aladdin' what device does the hero use to travel from place to place?,talking car,winged horse,magic carpet,hot air balloon,C,True,0.060768723,0.21883658,0.61374235,0.10665243
Which one of these World War II leaders was not at the Yalta Conference?,Stalin,Mussolini,Churchill,Roosevelt,B,True,0.1537131,0.43109906,0.1537131,0.2614748
What is the technical term for the offspring of a female donkey and a male horse?,burro,dorse,hinny,honker,C,False,0.24278417,0.32163677,0.2928536,0.14272545
The atmospheric concentration of which of the following gases is most likely to be directly affected by widespread deforestation?,Carbon dioxide,Ozone,Nitrous oxide,Argon,A,True,0.4662887,0.30105862,0.16114506,0.07150769
Which of the following words does not appear in the Lewis Carroll poem 'Jabberwocky'?,brillig,bandersnatch,wabe,grelp,D,False,0.19476041,0.34181514,0.18876825,0.27465618
What is the final word of the Pledge of Allegiance?,America,stands,indivisible,all,D,True,0.1856211,0.19151334,0.25371397,0.36915162
Which of the following is a sports award?,Oscar,Emmy,Nobel,Espy,D,False,0.11455257,0.3756034,0.23504661,0.27479735
What term is used to describe a group of fish?,Knot,Drape,School,Gaggle,C,True,0.08286373,0.19877975,0.6517737,0.06658287
"Assume that the marginal propensity to consume increased from 0.75 in year 1 to 0.80 in year 2. Based on this information, which of the following is a correct conclusion?","In year 1, a $100 billion increase in government spending would have increased real output by a maximum of $75 billion.","From year 1 to year 2, the spending multiplier increased from 4 to 5.",A given change in government spending would have had a more powerful effect in year 1 than in year 2.,The marginal propensity to save increased from year 1 to year 2.,B,True,0.22588381,0.3498557,0.1601756,0.26408494
At the equator how fast is the earth's surface turning?,about 100 miles per hour,about 500 miles per hour,about 1000 miles per hour,about 2000 miles per hour,C,False,0.2016432,0.42687866,0.2284917,0.14298645
Which of the following components is present in both pneumatic and hydraulic systems?,Exhaust,Reservoir,Compressor,Control value,D,False,0.14014715,0.38095945,0.26182935,0.21706416
The primary purpose of antitrust laws is to,help businesses that are in financial trouble,encourage business investment,prevent business behavior that hampers competition,establish trust between government and businesses,C,True,0.0024891554,0.024749825,0.9582114,0.014549672
How many pairs of chromosomes are in the genome of a typical person?,1,23,88,7921,B,True,0.031764228,0.92828685,0.023976898,0.015972057
"What was the acronym for the first computer, made back in 1946?",ENIAC,CASD,CNAC,CSREN,A,True,0.7305307,0.17902423,0.03752552,0.052919466
"When a gas turns into a liquid, the process is called",condensation,evaporation,deposition,sublimation,A,False,0.30096635,0.54497963,0.06508853,0.08896548
Which of the following types of stress dominates at divergent boundaries?,Compressional,Left-lateral shear,Right-lateral shear,Tensional,D,False,0.1963282,0.45647672,0.16276178,0.18443327
Which of the following terms refers to pottery that has not been bisque fired?,Raku,Greenware,Terracotta,Stoneware,B,False,0.38214907,0.3479507,0.14965172,0.120248534
In what year did the Great Depression begin?,1884,1929,1953,1975,B,True,0.012551714,0.9664284,0.0027572454,0.018262636
Cheddar cheese got its name from a village in what country?,England,France,Switzerland,Denmark,A,False,0.14391376,0.66545045,0.14391376,0.046721958
Who is the mythological Roman goddess of flowers?,Diana,Echo,Flora,Niobe,C,True,0.06541277,0.11127086,0.77237284,0.050943512
According to legend if you give someone the 'evil eye' what are you doing?,cursing them,blessing a child,counting money,passing time,A,False,0.3852172,0.3974453,0.11036657,0.10697095
"Which of these rivers flows""through France?",Volga,Seine,Mekong,Allegheny,B,True,0.0915044,0.7197378,0.0712637,0.11749397
What condition is caused by malfunctioning sebaceous glands?,bad breath,shingles,acne,carpal tunnel syndrome,C,True,0.021957166,0.05434451,0.9049173,0.01878096
What was the name of Huey Lewis band?,The News,The Attractions,The Silver Bullet Band,Louie and Dewey,A,False,0.12669337,0.35532036,0.40263072,0.11535563
What high school does the gang from the 'Archie' comic strip attend?,Ridgemont High,Riverdale High,Rumson High,Riker's Island High,B,True,0.2906591,0.57804465,0.05547326,0.07582296
Cheese is a necessary ingredient in which of these dishes?,sushi,french fries,veal parmigiano,chicken pot pie,C,True,0.08187702,0.23691903,0.42900494,0.252199
What city's airport uses the code ORD?,Chicago,Orlando,New York City,Portland,A,False,0.280903,0.37213603,0.2557651,0.09119585
Which of the following digital camera settings can be used to keep colors accurate under a variety of light conditions?,White balance,Aperture,ISO speed,Shutter speed,A,False,0.30787504,0.47684616,0.082863435,0.1324154
At what speed will a sedan flip over when it slides sideways into a curb?,10 mph,20 mph,40 mph,80 mpg,B,True,0.13670234,0.32793188,0.26350066,0.27186507
"The intention of making traditional, saleable art objects was abandoned by",Impressionists,Pop artists,Abstract Expressionists,Conceptual artists,D,False,0.12140541,0.35129818,0.22681516,0.30048126
Which of these popular games relies on bluffing?,Outburst,Balderdash,Pictionary,Scattergories,B,True,0.17149073,0.45181787,0.1883457,0.1883457
What sport is featured in the 1996 movie 'Kingpin'?,wrestling,golf,chess,bowling,D,False,0.19115563,0.57068527,0.07968552,0.15847357
Which of the following is an example of a chemical change?,Tearing up a piece of paper,Melting ice,Mixing vinegar with baking soda,Filling a balloon with air,C,False,0.10883063,0.34586304,0.31491187,0.23039445
Soil structure refers to which of the following?,Arrangement of soil particles,"Proportion of sand, silt, and clay",Organic composition,Profile depth,A,True,0.5988483,0.29185534,0.063118145,0.04617822
"At the border of two countries there is a port where fishermen work. The fishermen do not speak the same language, so they communicate using one that has been invented by them for the purpose of trade. The scenario above most accurately describes which of the following types of language?",A dialect,A creole,A pidgin,A regionalism,C,False,0.1940837,0.4803618,0.20024458,0.12530987
"With what would you use a""wah-wah pedal?",bicycle,stock car,electric guitar,baby,C,True,0.011266294,0.04893855,0.9234027,0.016392361
Who is the career hit leader among players never elected to Baseball's Hall of Fame?,Steve Garvey,Jim Rice,Pete Rose,Ken Griffey Jr,C,False,0.16578932,0.3401776,0.30020568,0.19382736
Which of these is not one of the official languages of the United Nations?,Japanese,English,Russian,Spanish,A,False,0.20283598,0.4161924,0.14383225,0.2371393
What people ruled the Andes Mountains until they were conquered by the Spanish in 1532?,Pueblo,Aztec,Inca,Apache,C,True,0.01784271,0.02678508,0.9442066,0.011165682
Which of these organizations is not part of the US government?,NAACP,NASA,CIA,FBI,A,False,0.24927744,0.37420976,0.18237527,0.19413747
Which of these men has never been a head coach in the NFL?,Dick Vermeil,Bill Parcells,Chuck Noll,Pat Riley,D,True,0.13414854,0.31190467,0.17771792,0.37622887
Which of these is not a style of shoe?,gingham,brogan,espadrille,docksider,A,False,0.18303426,0.3640071,0.19483896,0.25811967
Which of these words means 'yes'-in French?,qui,oui,ja,okey-dokey,B,True,0.26083624,0.5697188,0.082075775,0.08736921
Which of these sounds is commonly associated with owls?,chirp,bark,growl,hoot,D,False,0.19051762,0.30444628,0.24462946,0.2604067
What do the initials 'E E' in poet E E Cummings' name stand for?,Edward Estlin,Edmund Earl,Ernest Eakins,Eugene Evan,A,False,0.36213115,0.49497455,0.075906806,0.06698752
"The true length of a block of wood is 1.010 cm. Three measurements of this block produced the following values: 1.4 cm, 1.2 cm, and 0.9 cm. Which of the following statements is true concerning these measurements?",They are precise and accurate.,They are precise but not accurate.,They are accurate but not precise.,They are neither precise nor accurate.,D,False,0.121118926,0.39713365,0.24087374,0.24087374
What is the medical term for a doctor's identification of a disease?,Hypnosis,Prognosis,Trichinosis,Diagnosis,D,True,0.061204035,0.39910042,0.010973278,0.52872217
Gerry Adams is the president of what organization?,Greenpeace,NASCAR,Sinn Fein,PLO,C,True,0.00667939,0.037254643,0.93124896,0.024816943
What was the birth name of civil rights leader Malcolm?,Michael Brown,Malcolm Little,Malcolm Lincoln,Michael Lloyd,B,True,0.04413075,0.943557,0.00868986,0.0036224723
Which of the following dental topics is developmentally appropriate for toddlers?,Growth of permanent teeth,Correct use of incisors while eating,Correct toothbrushing technique,Evolution of the human tooth,C,False,0.15956855,0.3378066,0.26308405,0.23954077
What topic does Spin magazine primarily cover?,politics,washing machines,books,music,D,True,0.018163817,0.15208378,0.03289042,0.796862
What is the name of Raggedy Ann's doll brother?,Red,Freckles,Randy,Andy,D,False,0.2425983,0.41267362,0.16160531,0.18312281
Which of the following tools is LEAST likely to be used in the process of creating a wood sculpture?,A rasp,A gouge,A lathe,An extruder,D,True,0.2337314,0.25670373,0.19992107,0.3096438
What exercise apparatus is used during a 'Spinning' class?,stationary bicycle,treadmill,rowing machine,barbells,A,True,0.48603848,0.26841596,0.17330235,0.07224317
In the 1976 remake of the classic film 'KingKong' what New York landmark does the giant ape climb?,Statue of Liberty,Empire State Building,World Trade Center,Chrysler Building,C,False,0.39618585,0.4778914,0.068846785,0.05707599
Which of these items is useful for removing ink stains?,baking soda,nail polish,hair spray,butter,C,False,0.27796134,0.3352854,0.16340505,0.22334822
How much angular momentum did Hurricane Florence have when it hit land?,L = 10^16 kg * m^2 / s,L = 10^19 kg * m^2 / s,L = 10^22 kg * m^2 / s,L = 10^25 kg * m^2 / s,B,True,0.13329038,0.39793158,0.21975869,0.24901924
Which of the following responsibilities of a human resources manager would have the most negative impact on a company if performed incorrectly?,Recruiting and hiring new employees,Providing professional development opportunities for employees,Ensuring company compliance with laws and regulations,Filing employee compensation and benefits forms,C,False,0.25602832,0.3186324,0.2259442,0.19939506
A car-manufacturing factory is considering a new site for its next plant. Which of the following would community planners be most concerned with before allowing the plant to be built?,The amount of materials stored in the plant,The hours of operations of the new plant,The effect the plant will have on the environment,The work environment for the employees at the plant,C,True,0.037719477,0.1316539,0.7343066,0.096320055
What team has won the most World Series?,Chicago Cubs,Los Angeles Dodgers,New York Yankees,San Francisco Giants,C,True,0.122322604,0.27565825,0.34306222,0.25895694
What is the name of the Newtonian law that states 'An object in Motion tends to stay in motion'?,Law of Inertia,Law of Thermodynamics,Law of Relativity,Law of Gravitation,A,False,0.37112072,0.21145822,0.03451961,0.38290137
Who was the WNBA's Most Valuable Player of 1999?,Rebecca Lobo,Sheryl Swoopes,Lisa Leslie,Yolanda Griffith,D,False,0.119693935,0.4447169,0.26143557,0.17415364
Ada Lovelace is credited with being the first person to have made what?,a computer program,a souffle,a brassiere,a mystery novel,A,True,0.5633671,0.2423012,0.076243445,0.11808816
Which of the following is true of a profitmaximizing firm in the short run?,The firm will shut down to minimize losses if product price falls below average total cost.,The firm will shut down if marginal revenue equals marginal cost but exceeds average variable cost.,"The firm will continue to produce as long as total revenue exceeds total variable cost, even if it incurs loss.",The firm will continue to produce as long as average variable cost is less than average fixed cost.,C,False,0.14240599,0.2660494,0.2499303,0.34161422
From 1971 to 1997 the Democratic Republic of Congo was known as what?,Zaire,Angola,Rhodesia,Belgian Congo,A,False,0.2515834,0.5003333,0.095490284,0.15259305
What is New Mexico's nickname?,The Desert State',Gateway to Paradise',Land of Enchantment',The Garden State',C,False,0.09714022,0.39639276,0.39639276,0.11007429
A kindergarten teacher sets up a literacy center with an activity that asks students to match pictures of objects with pictures of letters to correctly indicate the beginning sound. Which of the following is the teacher trying to develop in students through the center?,Phonics,Vocabulary,Letter recognition,Phonemic awareness,D,False,0.31785876,0.38341087,0.058797963,0.2399324
Which of the following is the best description of a consumer checking account?,An asset for the consumer and a liability for the bank,A liability for the consumer and an asset for the bank,An asset for both the consumer and the bank,A liability for both the consumer and the bank,A,True,0.39687002,0.2903563,0.21242923,0.10034446
What was the name of the first nuclear-powered submarine?,Nautilus,Neptune,Nordenfelt III,Nicholas,A,True,0.7894368,0.17072769,0.0223946,0.017440932
What is Andromeda?,The nearest major galaxy to the Milky Way,A bacteria that can cause death,An array of radio telescopes,An element of the Periodic Table,A,False,0.2715298,0.34865114,0.154713,0.2251061
Which of these is not one of superhero Captain Marvel's abilities?,the power of Apollo,the strength of Hercules,the courage of Achilles,the wisdom of Solomon,A,False,0.11201821,0.29512867,0.2687177,0.32413542
Which of these animals is a rodent?,Bat,Wolverine,Beaver,Koala,C,True,0.048901632,0.19954921,0.65429664,0.09725251
Which two planets are most similar in size diameter wise?,Mars and Mercury,Venus and Earth,Uranus and Neptune,Jupiter and Saturn,B,True,0.1891428,0.7250584,0.057685286,0.028113564
Which of these stores is not owned by Gap Inc?,Gap,Banana Republic,Old Navy,J Crew,D,False,0.15131062,0.36297533,0.22015567,0.26555842
What is the largest city in Pennsylvania?,Philadelphia,Stewartsville,Harrisburg,Pittsburgh,A,False,0.16592786,0.36241975,0.20650056,0.26515198
A prekindergarten teacher uses a basket of red and yellow apples to reinforce concepts during a mathematics lesson. Which of the following tasks is best targeted at teaching students to compare quantities?,Having students count all the apples in the basket,Having students put one apple in the middle of the place mat on their desks,Having students make a Venn diagram for the color of the apples,Having students determine whether the numbers of red and yellow apples are equal,D,True,0.11980516,0.33600184,0.19752532,0.3466677
