0,1,2,3,4,5,MOSS-7B-A800-Base-500-Lora_correct,MOSS-7B-A800-Base-500-Lora_choiceA_probs,MOSS-7B-A800-Base-500-Lora_choiceB_probs,MOSS-7B-A800-Base-500-Lora_choiceC_probs,MOSS-7B-A800-Base-500-Lora_choiceD_probs
An important source of information on the credit rating of retail businesses is,the Retail Merchants Association,the local chamber of commerce,"Dun & Bradstreet, Inc.",the United States Retail Credit Association,C,True,0.0001993088,0.0021095509,0.9949824,0.002708717
"In preparation for a writing unit on short stories, a teacher presents students with several examples of short stories and works with them to identify defining characteristics of the genre. Which of the following best describes this instructional strategy?",Conferencing,Discipline-based inquiry,Self-Regulated Strategy Development,Introduction-Body-Conclusion strategy,B,True,0.026865317,0.43358424,0.40731472,0.13223574
Paper will burn at approximately what temperature in Fahrenheit?,986 degrees,2125 degrees,3985 degrees,451 degrees,D,True,0.0025985385,0.02793692,0.0149535565,0.954511
The Apple iMac computer is available in all of the following colors except which?,Tangerine,Strawberry,Kiwi,Grape,C,False,0.08403913,0.23569356,0.11486787,0.56539947
What were the first names of the early American explorers Lewisand Clark?,Morgan and Mason,Meriwether and William,Cabot and Joseph,Meredith and George,B,True,0.000676542,0.99836034,0.00060644833,0.0003565126
"A teacher provides support for small, flexible groups of beginning readers. As students read a text or a book that is unfamiliar to them, the teacher works with the students to teach them how to use a variety of reading strategies. Which of the following reading approaches is described?",Direct instruction,Literature circle,Guided reading,Read-aloud,C,False,0.0011868039,0.5510849,0.44280913,0.004919165
What is varicella?,a fancy pasta,a type of opera,the chicken pox virus,ancient Roman poetry,C,True,7.475691e-05,0.00084228354,0.9987319,0.000351116
Which of the following materials has a resistance that is LEAST affected by temperature changes?,Copper,Carbon,Germanium,Silicon,A,False,0.16430123,0.40664944,0.20447618,0.22457317
A second-year college student is usually called a what?,sophomore,senior,freshman,junior,A,False,0.009044614,0.038079243,0.9518614,0.0010147775
In the film 'The Talented Mr Ripley' who plays Mr Ripley?,Jude Law,Matt Damon,Dustin Hoffman,Ben Affleck,B,True,0.034451086,0.8885052,0.05860327,0.018440338
A hard-edge painting is most likely to be characterized by,"an even, solid paint application",blurry color mixed on the painting's surface,scratchy brush marks clearly separated,translucent multiple layers of paint,A,False,0.015428613,0.46520293,0.039398342,0.47997007
Who was president of the United States when Bill Clinton was born?,Herbert Hoover,Harry S Truman,Franklin Roosevelt,Dwight Eisenhower,B,False,0.0012568852,0.07419981,0.9039388,0.020604545
Which of the following lists includes minerals only?,"Granite, gabbro, diorite, quartz, feldspar","Gold, quartz, topaz, diamond, corundum","Gneiss, schist, phyllite, chlorite, mica","Coal, chert, limestone, dolomite, halite",B,True,0.29277667,0.49802992,0.1111255,0.09806791
Which of the following is a likely outcome of the development and use of genetically modified plants?,Reduced cost of plant seeds,New plant varieties being patented,Increased genetic diversity within a planted field,Less oversight and fewer regulations than for unmodified crops,B,False,0.0029783358,0.045155615,0.01610073,0.93576527
"A teacher reads aloud Where the Wild Things Are, a picture storybook in which a boy named Max encounters wild monsters that are vividly portrayed. The teacher then shows the students picture cards depicting scenes from the beginning, middle, and end of the story. Which of the following concepts of literary structure is the teacher helping students understand?",Plot sequence,Point of view,Character development,Setting,A,True,0.7141902,0.27968088,0.0036324204,0.0024965238
"Which movie popularized the phrase ""You talkin' to me?""",Ghost Busters,Taxi Driver,Joker,Groundhog Day,B,True,0.00072754576,0.9929414,0.0013592344,0.004971873
Which of the following most likely indicates the presence of water in the hydraulic system in a piece of farm machinery?,"A grayish, milky fluid",Excessive fluid use,Excessive thinning of the fluid,A noisy relief valve,A,True,0.5436821,0.3002498,0.13746436,0.018603778
What animal represents the year 2000 on the Chinese calendar?,dragon,rabbit,tiger,monkey,A,False,0.008798343,0.9856619,0.0028564038,0.0026833431
Which of the following is part of a farm combine?,Beater,Conditioner,Seed plate,Furrow opener,A,False,0.12868793,0.47813365,0.23302373,0.16015472
According to legend in what country are you most likely to meet a leprechaun?,Ireland,Poland,Greenland,Scotland,A,True,0.9745283,0.015999837,0.0017951321,0.007676806
During which of the following processes within the hydrologic cycle do water molecules absorb energy?,Formation of ice from water,Formation of a cloud from water vapor,Runoff along the land surface,Evaporation from the ocean surface,D,False,0.0035619505,0.81877416,0.011319856,0.16634406
What French city is home to a famous international film festival each spring?,Cannes,Marseille,Dijon,Lyon,A,True,0.9913846,0.0055378294,0.0026158853,0.0004617312
What do you call three consecutive strikes in bowling?,yahtzee,mulligan,turkey,ace,C,False,0.029833227,0.097819395,0.20387311,0.6684742
Which of the boys on the TV show 'My Three Sons' is adopted?,Mike,Ernie,Chip,Robbie,B,False,0.054290462,0.22857137,0.1149329,0.60220534
Which of these horror films spawned the most sequels?,Scream',Jaws',Halloween',Friday the 13th',D,True,0.004686903,0.05799734,0.05799734,0.8793184
What is the name of the female character played by comedian Flip Wilson on his 1970s TV show?,Miss Jackie,Elizabeth Sanford,Geraldine Jones,Gladys Knight,C,True,0.00065096555,0.0053659664,0.9911109,0.0028721949
What kind of animal is a peregrine?,moose,cat,bird,fish,C,True,0.000119410455,0.0013881007,0.9983076,0.00018494652
What part of the human body does a gastroenterologist examine?,Brain,Skeleton,Stomach,Nose,C,True,9.593464e-05,0.0016226114,0.9981583,0.00012318252
A piece of paper that appears blue in sunlight is illuminated solely by a red light that is passed through a green filter. What color does the paper appear under this illumination?,Blue,Green,Red,Black,D,False,0.067568965,0.6022356,0.28447595,0.04571945
Meat should be kept frozen at what temperature in degrees Fahrenheit?,0 degrees or below,between 10 and 20 degrees,between 20 and 30 degrees,just below 32 degrees,A,True,0.9683971,0.020736434,0.0049253344,0.0059410874
What kind of animal is cartoon character Tennessee Tuxedo?,cat,skunk,walrus,penguin,D,True,0.01811892,0.17190753,0.06324124,0.74673223
What US president is mentioned by name in the opening theme song of TV's 'All in the Family'?,Calvin Coolidge,Harry Truman,Herbert Hoover,Richard Nixon,C,False,0.041181356,0.5596774,0.048904065,0.3502372
What is the heaviest confirmed noble gas?,Xenon,Argon,Radon,Krypton,C,False,0.33568618,0.4310296,0.19126822,0.04201605
How many moles of HCl must be added to sufficient water to form 3 liters of a 2 M HCI solution?,1 mol,2 mol,3 mol,6 mol,D,False,0.051089164,0.4698072,0.3775007,0.101602934
Who led the 1831 slave insurrection in SouthamptonVirginia?,John Brown,Dred Scott,Nat Turner,Harriet Tubman,C,True,9.8970806e-05,0.0013242147,0.99806625,0.00051053026
For what purpose would you use an awl?,to shoot ducks,to polish floors,to make holes,to weigh fruit,C,True,0.0002374826,0.0010478223,0.9983352,0.00037949614
Which of these bones is located in the wrist?,Patella,Humerus,Carpals,Coccyx,C,True,0.0013198378,0.02413731,0.9641615,0.010381328
What do you call a young cow?,mare,lamb,kid,calf,D,True,0.00012264802,0.0009953245,0.005054674,0.9938273
Which of these is an Italian Design firm?,Escada,Fendi,Ghost,Mainbocher,B,True,0.0012338868,0.98996466,0.0039212843,0.0048801173
Operant conditioning would be most useful for,determining whether a toddler is securely attached,increasing on-task behavior in the classroom,measuring a dependent variable,preventing anterograde amnesia,B,True,0.006339456,0.91191155,0.06605865,0.015690304
Which of these countries was not a member of the Axis alliance during World War II?,Germany,Italy,Spain,Japan,C,True,0.0024539346,0.013902486,0.94465303,0.038990486
The demand for labor is called derived demand because it is,dependent on the demand for the final product that the labor is used to produce,inversely related to the wage rate,dependent on the availability of capital goods,directly related to the marginal utility of working,A,False,0.017626565,0.96237785,0.0066902894,0.01330523
Which of the following actions is most important before removing the blade from a gas-powered lawn mower?,Adjusting the wheels to their highest level,Removing the spark plug,Emptying the gas tank,Removing the air filter,B,False,0.027158208,0.3206754,0.31080925,0.34135717
Which of the following is a force that is most responsible for causing a fixed-wing aircraft to move forward?,Lift,Drag,Thrust,Weight,C,True,0.0002923443,0.0116776535,0.98750055,0.0005293672
Which of the following heavenly bodies have never had a spacecraft landed on it?,Venus,Mars,The Moon,Jupiter,D,False,0.097535685,0.21980006,0.5612791,0.12138513
The labor force primarily consists of all,employed workers under the age of 16,persons classified as unemployed or employed,persons who are employed as full-time workers,"unemployed, employed, and discouraged workers",B,True,0.0024836338,0.9560859,0.0043589133,0.037071474
Which of the following is an example of persuasive speech?,A campaign manager's introduction of a mayoral candidate,A professor's lecture on the structure of the heart,A company president's yearly sales report,A tour guide's discussion of an art museum installation,A,False,0.050602015,0.35124758,0.39801565,0.20013484
What is the name of the POW camp where 'Hogan's Heroes' are held?,Stalag 13,Alcatraz 17,Devil's Island,Leavenworth,A,True,0.9111009,0.07716174,0.006956341,0.004781019
Which value is the most reasonable estimate of the volume of air an adult breathes in one day?,100 liters,"1,000 liters","10,000 liters","100,000 liters",C,False,0.04341499,0.21369609,0.330979,0.41191
What is a Dutch oven?,a toaster oven,a microwave,a kettle pot,a sauna,C,True,0.0006412558,0.006277195,0.9917026,0.0013789168
What does it mean to work 'probono'?,work overtime,work without pay,work as your own boss,not work at all,B,True,0.000121343,0.99873644,0.00041049803,0.0007317919
What is the largest animal ever to live on Earth?,blue whale,giant squid,woolly mammoth,Tyrannosaurus,A,False,0.002908155,0.034879316,0.9575653,0.0046472186
Which of these is not a Hindudeity?,Shiva,Vishnu,Sanskrit,Brahma,C,False,0.11489554,0.41375473,0.1779537,0.29339606
What kind of angle is formed where two perpendicular lines meet?,obtuse,acute,right,invisible,C,True,0.00033734276,0.009117715,0.9900142,0.0005307147
The nineteenth-century photographic process used to create a daguerreotype was notable for its,quick exposure time,ability to capture sharp detail,capacity to be reproduced multiple times,use of paper negatives,B,False,0.007279783,0.031621937,0.9241285,0.03696979
A business teacher has students analyze a scenario in which a few firms in the gas industry produce a homogeneous product and dominate the market. This situation would primarily produce a market structure representative of,an oligopoly,a pure monopoly,monopolistic competition,pure competition,A,False,0.16633809,0.38674763,0.3521377,0.09477658
In traditional English puppet shows who is married to the character Punch?,Debbie,Victoria,Judy,Barbara,C,True,0.05980484,0.4023557,0.41512784,0.122711554
In what sport do athletes compete for the Walker Cup?,cricket,tennis,squash,golf,D,True,0.0019771266,0.38270697,0.003751927,0.611564
A pita is a type of what?,Fresh Fruit,flat bread,French tart,fried bean dip,B,True,0.00043709183,0.99900824,0.00041060976,0.0001441376
What is the oldest permanent European settlement in the United States?,St Augustine Florida,Plymouth Massachusetts,Newport News Virginia,Charlotte North Carolina,B,True,0.0052986173,0.9940832,0.00037787983,0.00024019503
"As seen from Earth, the Moon goes through a series of phases due to changes in which of the following?",The amount of the Moon's surface that is in Earth's shadow,The amount of the illuminated side of the Moon that can be seen from Earth,The part of the Moon that faces Earth as the Moon rotates on its axis,The tilt of the Moon on its axis,B,True,0.017847056,0.5910133,0.38158688,0.00955284
In which of the following fields did Islamic civilization most influence Europeans at the time of the Crusades?,Music,Theology,Mathematics,Law,C,True,0.010356357,0.30742326,0.65081507,0.031405263
Which of the following is not a flavor of Ben & Jerry's Ice Cream?,Wavy Gravy,Bovinity Divinity,Cutie Patootie,Chubby Hubby,C,False,0.08625079,0.3631294,0.24957496,0.30104485
Which of the following terms refers to the use of distortion to create the illusion of an object extending into space?,Cantilevering,Contrapposto,Sfumato,Foreshortening,D,True,0.00024479057,0.001955748,0.00040359143,0.9973959
How much energy do Americans waste each year by throwing out the unused ice in their drinks?,6*10^8 J,6*10^11 J,6*10^14 J,6*10^17 J,C,False,0.07116964,0.5096969,0.24840643,0.17072707
Who wrote 'A Tale of Two Cities'?,Charles Dickens,Nathaniel Hawthorne,Washington Irving,Mark Twain,A,True,0.9840178,0.014941521,0.0006362867,0.00040444842
What is your astrological sign if you were born on Halloween?,Scorpio,Capricorn,Libra,Cancer,A,False,0.06312053,0.12750697,0.052328758,0.7570438
In an adult human how long is the large intestine?,one foot,five feet,twelve feet,twenty feet,B,False,0.0059635467,0.11429587,0.76896113,0.11077936
The purpose of an amicus curiae brief is to,influence the outcome of a Supreme Court case,explain the reasoning of a Supreme Court decision,request a writ of habeas corpus from the Supreme Court,order a party to comply with a Supreme Court decision,A,False,0.0909124,0.7612002,0.0854043,0.062483117
What are the names of the two primary M&M's spokes-candies?,Peanut and Plain,Red and Yellow,Mort and Marty,They don't have names,B,True,0.001077943,0.9954348,0.0014733734,0.0020138628
The accumulation of stress along the boundaries of lithospheric plates results in which of the following?,Earthquakes,Magnetic reversals,Hurricanes,Increased deposition of deep-sea sediments,A,True,0.9739864,0.021518163,0.0015833175,0.0029121665
In bowling how many pins must you knock down to get a strike?,zero,8,10,12,C,True,0.006734255,0.3454014,0.55194986,0.095914505
Which of the following geometric shapes is most commonly used to give strength to the structure of truss bridges?,Circle,Triangle,Hexagon,Rectangle,B,False,0.0008149325,0.061773535,0.9365707,0.0008408012
What kind of item is a ginsu?,radio,knife,toothbrush,martial arts weapon,B,True,0.00069800235,0.99833834,0.00052687986,0.00043679873
Which of these words is a synonym for 'perambulate'?,kiss,shout,stroll,heal,C,True,0.00021611436,0.0015477503,0.9977996,0.000436563
"After a visit to a rescue squad, Ms. Espinosa asks her 3-year-old students to help her write a thank-you letter to the rescue squad employees. She records the students' responses on a large sheet of chart paper as the students share their ideas. While writing, Ms. Espinosa focuses the students' attention on several early literacy skills. Which of the following is the most appropriate focus for 3-year-old students?",Paraphrasing ideas,Spelling words correctly,Expressing speech in print,Capitalizing proper nouns,C,True,0.0074888025,0.040484082,0.93592364,0.016103456
What's the third letter of the Greek alphabet?,delta,gamma,phi,theta,B,False,0.0029355604,0.011793203,0.8939487,0.09132261
"A well on the side of a hill penetrates the water table at an elevation of 550 feet above sea level. If someone plans to drill on the top of the hill, where would the water table most likely be found?",The water table would be found at sea level.,The water table would be found at an elevation lower than 550 feet above sea level but above sea level.,The water table would be found at an elevation higher than 550 feet above sea level but many feet below the land surface.,"The water table would intersect with the land surface at the top of the hill, forming a spring.",C,False,0.020783747,0.2034502,0.087502845,0.6882632
Before he went into coaching Phil Jackson played for which of the following NBA teams?,Boston Celtics,Los Angeles Lakers,New York Knicks,Philadelphia 76ers,C,False,0.0027134744,0.98127717,0.004762296,0.01124704
Old-fashioned steam engines were powered by coal transferred from the tender to the engine by human stokers using a shovel. What is the maximum power such an engine could attain?,6*10^3 W,6*10^5 W,6*10^7 W,6*10^11 W,B,True,0.08118984,0.6797942,0.14701581,0.09200014
People are supposed to drive on the left-hand side of the road in which country?,France,Italy,England,Germany,C,True,0.014793922,0.020862775,0.9010777,0.063265584
In the famous ballet 'The Nutcracker' who does the hero defeat?,Sugar Plum Fairy,Rat King,Snow Queen,Marzipan,B,True,0.013816302,0.9685976,0.012003811,0.005582291
An airplane's black box is usually what color?,black,white,orange,purple,C,False,0.90144604,0.08925524,0.0068826256,0.0024160286
Which of these sentences is written in the subjunctive?,I am not your man,I wish I were your man,Wherefore art your man?,Your man is where?,D,False,0.059075505,0.7661028,0.113871016,0.06095076
Which of the following terms refers to the process of using thick applications of paint?,Scumbling,Alla prima,Impasto,Frottage,C,True,0.00087610836,0.034996025,0.9607695,0.0033584666
What was Richard Nixon's middle name?,Michael,Milhous,Mortimer,Matthew,B,True,0.00056960277,0.9981804,0.00055207795,0.0006978919
In what country did Pokemon originate?,France,Hungary,Japan,Canada,C,True,0.00011764305,0.0005272396,0.99902,0.00033513387
What important food crop is grown in fields called paddies?,wheat,rye,corn,rice,D,True,4.2630814e-05,0.00017396035,0.00021649714,0.99956685
A triad on a color wheel can be described as,three analogous colors,three colors equally spaced apart,three colors of equal value,a complementary set,B,False,0.0068067387,0.31787658,0.06259361,0.6127231
Which of these famous baseball figures was once acquitted at court-martial for insubordination?,Abner Doubleday,Ty Cobb,Jackie Robinson,Billy Martin,C,False,0.047122367,0.56516784,0.15211287,0.235597
Which of the following best describes an effect of the green revolution in the 1960s?,Increased varieties of each crop planted,Increased use of fertilizers,Decreased use of mechanization,Decreased use of pesticides,B,True,0.052633923,0.8233331,0.045020178,0.07901288
In what forest did Robin Hood live?,Black Forest,Petrified Forest,Nottingham Forest,Sherwood Forest,D,True,7.8296885e-05,0.00096887234,0.00082872045,0.99812406
If a piece of music is in 'common time' how many quarter notes are there per measure?,one,four,five,ten,B,True,0.013348521,0.9655091,0.010075992,0.011066312
Which of these countries does not participate in NAFTA?,United States,Canada,Mexico,Guatemala,D,True,0.0092361355,0.030284125,0.01836825,0.9421115
President Abraham Lincoln's Emancipation Proclamation declared free only those slaves who,were living in the areas still in rebellion,were serving in the Union armies,were living in the border states,had escaped to Northern states,A,False,0.038395524,0.08652564,0.054146364,0.82093245
Which of the following terms refers to Archaic Greek statues whose poses‚Äîrigidly frontal with clenched fists‚Äîrecall the stance of ancient Egyptian statues?,Caryatids,Telamones,Discoboloi,Kouroi,D,True,0.03435423,0.13169321,0.26190323,0.57204926
In 1978 who became the youngest jockey ever to win horse racing's triple crown?,Jerry Bailey,Steve Cauthen,Willie Shoemaker,Pasquale Devito,B,True,0.004732076,0.8340047,0.033364385,0.12789877
What does the Latin phrase 'e pluribus unum' mean?,What a crazy life,In God we trust,from many one,for the greater good,C,True,0.00018793267,0.0009250371,0.99869907,0.00018793267
In the United States what is the first day of spring?,21-Feb,21-Mar,21-Apr,21-May,B,True,0.01791663,0.5750628,0.24733144,0.15968917
Which of the following is an example of a concurrent power?,The printing and coining of money,The power to declare war,The process of naturalization,The levying of taxes,D,False,0.13503724,0.48628783,0.16288602,0.21578892
Which of these animals shares its name with a luxury car?,yak,gazelle,sloth,jaguar,D,True,0.014178674,0.053509753,0.06870788,0.8636037
Who were the Know-Nothings?,a '60's comedy troupe,computer designers,a political party,a spy ring,C,True,0.00011581162,0.0007094322,0.9989549,0.00021977184
Which of the following poses the greatest safety risk while being heated in a school laboratory?,A mixture of iron and sulfur,Mercury(II) oxide,Sodium chloride,Copper(II) sulfate hydrate,B,True,0.18477194,0.56913763,0.092909165,0.15318131
Who is the star of the TV show 'Everybody Loves Raymond'?,Ray Liotta,Ray Romano,Ray Parker Jr,Sugar Ray Leonard,B,True,0.00045030576,0.9975442,0.0014536047,0.0005517261
In what sport do you find 'steel cage' matches?,boxing,fencing,pro wrestling,college basketball,C,True,0.00021532472,0.0033160255,0.9941538,0.0023149587
Which of the following best helps explain why volcanoes tend to form along subduction zones?,Rock material carried deep below Earth's surface results in material melting and rising to the surface.,"Two plates pull away from each other, and magma oozes out.",The friction resulting from the collision of two continents causes rock to melt.,There is a row of hot spots at these boundaries.,A,False,0.02541769,0.95379174,0.008784118,0.012006466
How many sides does a rhombus have?,4,6,8,10,A,False,0.093584366,0.6496042,0.2316235,0.025187887
Which of the following degrees can be awarded by the local chapter of the FFA? I. Greenhand FFA Degree II. Chapter FFA Degree III. State FFA Degree IV. American FFA Degree,I only,II only,I and II only,"I , II , III , and IV",C,False,0.019077644,0.06658752,0.10313277,0.81120205
From whom does the Lutheran Church get its name?,Martin Luther King Jr,Martin Luther,Luther Vandross,Lex Luthor,B,True,0.00022337666,0.9995989,0.00013761836,4.0049228e-05
What is the only metal that is a liquid at normal atmospheric pressure and temperature?,lead,antimony,uranium,mercury,D,True,0.0013006695,0.0010782928,0.001863123,0.9957579
"Which of the following has provided the most information about the structure of Earth's core, mantle, and lower crust?",Measurement of the intensity and fluctuations of Earth's magnetic field,Examination of flowing lava,Collection of samples from deep boreholes drilled into Earth,Studies of the speeds and travel paths of seismic waves passing through Earth,D,True,0.00077162083,0.010486755,0.014788694,0.97395295
"When the production of a good generates negative externalities, the private market will",overproduce the good relative to the socially optimal level of output,underproduce the good relative to the socially optimal level of output,compensate the third parties harmed by the negative externality,charge lower than the market equilibrium price to compensate for the externality,A,False,0.067998484,0.6060639,0.13523114,0.19070646
Some observers argue that a limitation of the official unemployment rate is that it understates the true unemployment level because it fails to include which of the following?,New entrants to the labor market,People who are laid off and are looking for new jobs,Discouraged people who have given up looking for jobs,Full-time students looking for part-time jobs,C,True,0.00657895,0.05015535,0.9172455,0.026020253
Which fast food chain used the advertising slogan 'Where's the beef?',Wendy's,Kentucky Fried Chicken,Burger King,McDonald's,A,False,0.0014651181,0.053286653,0.2542164,0.6910318
What city is known as 'the rubber capital of the world'?,Omaha Nebraska,Rockford Illinois,Grand Rapids Michigan,Akron Ohio,D,True,0.00017545809,0.0013800848,0.0059018745,0.9925426
What was the first American college to become coeducational?,Oberlin College,Dartmouth College,Grinnell College,Antioch College,A,False,0.04639645,0.49880883,0.028140869,0.4266538
What color is Uncle Sam's goatee?,brown,black,white,dishwater blond,C,False,0.0034902138,0.98297924,0.0056651765,0.007865318
According to a famous line from the existentialist play 'No Exit' what is hell?,oneself,other people,little made,large hued in green and blue,B,True,0.009308795,0.949523,0.029583292,0.011584983
"A passage from Zora Neale Hurston's Their Eyes Were Watching God is as follows. The people all saw her come because it was sundown. The sun was gone, but he had left his footprints in the sky. It was the time for sitting on porches beside the road. It was the time to hear things and talk. These sitters had been tongueless, earless, eyeless conveniences all day long. Mules and other brutes had occupied their skins. But now, the sun and the bossman were gone, so the skins felt powerful and human. They became lords of sounds and lesser things. They passed nations through their mouths. They sat in judgment. Zora Neale Hurston is associated with which of the following literary movements?",New England Puritanism,Transcendentalism,Naturalism,Harlem Renaissance,D,False,0.0022548109,0.7309288,0.22292069,0.043895684
What is the 7-Eleven company's trademarked name for its super-large sodas?,Big Slurp,Big Gulp,Big Drink,Big Sip,B,True,0.0012754881,0.99185693,0.003059737,0.0038079037
The sport of judo comes from what Asian country?,Japan,Vietnam,Laos,Philippines,A,True,0.9961125,0.0035925428,0.00015784531,0.00013713838
The demand for which of the following products is likely to be the most elastic?,Water,Bread,Salt,Pork,D,False,0.17739773,0.58166474,0.15173632,0.08920118
What country is the rock group U2 from?,England,Ireland,Belgium,Germany,B,True,8.216059e-05,0.9994154,9.165676e-05,0.0004107771
Elephant tusks are made of what material?,Coral,Ivory,Bone,Calcium,B,True,0.00040972827,0.9968636,0.0019243995,0.0008022091
What city did the Beatles originally call home?,London,Leeds,Liverpool,Manchester,C,True,0.0006525237,0.0048215343,0.99348325,0.00104273
Which of these is not one of the three branches of the US government?,Judicial,Executive,Parliamentary,Legislative,C,True,0.09384352,0.1365415,0.46191397,0.30770102
In British currency how many pence make a pound?,10,100,500,1000,B,True,0.0063568265,0.9733846,0.0035105732,0.016748007
How are actors Charlie Sheen and Emilio Estevez related?,They're cousins,They're brothers,They're father and son,They're uncle and nephew,B,True,0.026378179,0.49771973,0.41262412,0.06327797
Which of the following requires the use of at least two needles?,macrame,braiding,crocheting,hand knitting,D,True,0.023017671,0.12838227,0.109811164,0.7387889
In 1909 Frederick Cook claimed to be the first explorer to reach what location?,Mount Everest,Bermuda Triangle,Atlantis,North Pole,D,True,0.026610758,0.12113923,0.3731351,0.47911495
A clothes dryer that is set to run for 30 minutes is an example of which of the following control systems?,Open loop,Closed loop,Negative feedback,Positive feedback,A,False,0.018155228,0.18918185,0.7252081,0.06745487
How many stars are on the American flag?,13,48,50,51,C,False,0.0034377978,0.0065237936,0.19980285,0.7902356
Who was the English king at the time of the American Revolution?,Charles I,James I,Edward III,George III,D,True,0.007484792,0.19303532,0.011775231,0.78770465
Which of these animals lays eggs?,cow,gerbil,frog,elephant,C,True,0.009933018,0.12485018,0.60500664,0.26021013
"An enterprise analysis shows an average return of $151 for each $100 of feed fed to hogs last year and a return of $130 for each $100 of feed fed to hogs this year. Assuming that feed costs are stable and there are no major death losses, which of the following is the most likely explanation for the difference in returns?",Lower feed efficiency,Poor record keeping,Lower market prices,Lower purchase prices,C,True,0.07893935,0.27552542,0.48356214,0.16197303
"If tickets to a baseball game generally cost between $10 and $30, a season has about 150 games, and each game is attended by 50,000-75,000 people, which of the following is a good estimate for ticket sales revenue for the 150 games combined?","$20,000,000","$200,000,000","$2,000,000,000","$20,000,000,000",B,True,0.088365644,0.57621634,0.16508874,0.17032923
Which of these is not a breed of cat?,Persian,Turkish Angora,Bichon Frise,Maine Coon,C,False,0.122938395,0.45677155,0.2522532,0.16803686
Approximately how many movies are watched in homes in the United States in one year?,"200,000,000","2,000,000,000","20,000,000,000","200,000,000,000",C,False,0.030300802,0.43156758,0.119841985,0.41828963
Which of these is not found in a Snickers candy bar?,almonds,chocolate,nougat,caramel,A,True,0.5012615,0.30403045,0.11539695,0.07931108
In the children's game what color is 'Rover'?,Green,black,red,blue,C,True,0.0060695973,0.06324666,0.9008081,0.029875603
Which of the following breakfast cereals is shaped like the letter O?,Life Corn,Chex,Cheerios,Raisin Bran,C,True,0.006847727,0.38574123,0.5974477,0.009963384
"Normally, S-P arrival intervals from a minimum of how many seismic stations are required to uniquely locate the epicenter of an earthquake?",1,2,3,4,C,False,0.0010307259,0.035771027,0.3090145,0.65418375
Which character on the TV show 'Friends' is a chef?,Joey,Monica,Ross,Rachel,B,False,0.09896083,0.08204141,0.028352754,0.79064506
"If the tax rate for a single person with $25,000 in taxable income is 24 percent, and the tax rate for a single person with $20,000 in taxable income is 20 percent, the tax rate over this income range is",regressive,progressive,proportional,revenue-neutral,B,True,0.061944295,0.70891494,0.16320148,0.06593937
The aesthetic philosophy that claims that the value of a work of art is determined by museums and galleries is known as,capitalism,conceptualism,structuralism,institutionalism,D,True,0.011898158,0.16946283,0.010177034,0.80846196
What is your hallux?,earlobe,tongue,eyelid,big toe,D,True,8.473637e-05,0.000755247,0.00012523223,0.99903476
What metal device is used by police to immobilize the wheels of repeat parking offenders?,Brooklyn clamp,Denver boot,LoJack,The Club,B,True,0.0013863175,0.9815677,0.004689852,0.012356114
What disease is sometimes referred to as the 'royaldisease'?,rickets,measles,hemophilia,tuberculosis,C,False,0.036811557,0.8120499,0.07793006,0.073208526
Which of the following statements accurately describes a JPEG compressed digital photograph?,The JPEG format is used only for color photos.,A JPEG compression alters the proportions of the original image by rearranging data.,A JPEG compression sharpens the details in an image.,The JPEG format compresses file size by selectively discarding data.,D,True,0.00025611997,0.0029772967,0.0009972695,0.9957694
What do herpetologists study?,Herpes,Blood,Insects,Reptiles and amphibians,D,True,1.3203411e-05,0.0004304582,0.00021644798,0.9993399
Which of these is a virus?,Staphylococcus,Leukemia,Scoliosis,Chicken pox,D,True,0.00039117434,0.0015471246,0.00066541,0.99739623
What new token was recently added to the Monopoly board game?,piggybank,sack of money,globe,telephone,B,False,0.07917471,0.17293346,0.21521918,0.5326726
What is considered the proper way to address a duke?,Your Majesty',Your Eminence',Your Excellency',Your Grace',D,True,0.0006507448,0.0045881975,0.003986295,0.9907748
Which of the following is about the Watergate scandal?,All the King's Men',All the Pretty Horses',All the President's Men',All the Right Moves',C,True,0.00056970806,0.011992048,0.9828866,0.0045516677
What causes the disease toxoplasmosis?,a bacterium,a protozoan,a virus,a prion,B,True,0.00019102443,0.99939096,0.0002867616,0.00013128905
Which of these rock guitarists designed a colorful line of men's neckties?,Eric Clapton,Jerry Garcia,Jeff Beck,Keith Richards,B,True,0.029050766,0.5230462,0.08275793,0.3651451
In mobster lingo if you 'sing like a canary' what are you doing?,impersonating Sinatra,talking to the cops,killing an enemy,betting on horses,B,True,0.00016584704,0.99868125,0.0005270608,0.0006259002
Where did Lewis and Clark begin their famous expedition in 1804?,Seattle,St Louis,New Orleans,Washington DC,B,True,0.001409771,0.9981737,0.00021959997,0.00019684815
According to a popular slogan what state should people not 'mess with'?,New York,Texas,Montana,Rhode Island,B,False,0.14976895,0.08533577,0.061465047,0.70343024
Each year in pro baseball the player voted as the best fielder at his position wins what?,a brand new car,the Gold Glove,the Silver Bat,the Brass Baseball,B,True,0.0031220694,0.99637234,0.00020592278,0.00029961587
"Of the following objectives, which is most appropriate for a technology education program that has a goal of enabling students to develop creative technical solutions to present and future societal problems?","Design and construct a threedimensional model of a low-income, multifamily dwelling unit",Describe several construction careers that are related to home building,Categorize the components of a technical system,Identify the major tools and equipment used in highway construction,A,True,0.33404115,0.2684096,0.2295829,0.16796644
Who was the first US president to resign from that office?,Martin Van Buren,Andrew Jackson,Andrew Johnson,Richard Nixon,D,True,0.06620837,0.00697831,0.012835077,0.9139783
How much kale would be needed to provide enough calories for a person for an entire year?,2*10^3 kg/yr,2*10^4 kg/yr,2*10^5 kg/yr,2*10^6 kg/yr,A,False,0.033989325,0.28458914,0.26734677,0.41407475
How long has the average United States citizen spent as president?,1 seconds,10 seconds,1 minute,10 minutes,B,False,0.009408223,0.026386017,0.40004787,0.5641579
What is the proletariat?,the homeless,the royalty,the upper class,the working class,D,True,2.8395501e-05,0.00033008683,0.00017124678,0.9994703
According to the proverb necessity is the mother of what?,Invention,Luck,Problems,Procrastination,A,False,0.0009745682,0.0035095548,0.98842645,0.0070894957
What rank entitles a general in the US Army to wear three stars?,brigadier general,corporal general,lieutenant general,major general,C,True,0.01025858,0.055457365,0.61514896,0.31913507
What is another way of writing-'six feet'?,6',6,6'',6#,A,False,0.0010975531,0.01638241,0.96713024,0.01538985
"In construction, the plates are horizontal structures at the top and bottom of a wall. Which of the following are the vertical structures?",Rafters,Studs,Headers,Joists,B,True,0.07216585,0.6234178,0.06779354,0.2366227
What part of the world was once known as Cathay?,China,India,Iran,Indonesia,A,True,0.48665515,0.35604453,0.11203438,0.045265984
What is a shaddock?,a fish the offspring of a male shad and a female haddock,"a crystal such as quartz, that sticks out from a mineral vein",a plant that is a member of the nightshade family,a grapefruit,D,False,0.0042330413,0.027174953,0.9579501,0.0106418645
How many innings are there in a regular Major League Baseball game?,seven,eight,nine,ten,C,True,0.0077946903,0.16928232,0.7586707,0.064252324
"Which of the following statements is correct about a trophic structure in which a leaf-eating grasshopper is eaten by a frog, which in turn is eaten by a snake?",The frog is a herbivore.,The snake is a secondary consumer.,The grasshopper is a primary consumer.,The snakes outnumber the grasshoppers in the community.,C,False,0.086282134,0.49651942,0.18265928,0.23453917
"People who believe their political views are important, that government will respect these views, and that their views can influence political affairs are said to have a strong sense of",political partisanship,political alienation,political allegiance,political efficacy,D,True,0.00029534748,0.0014537512,0.0006060137,0.99764484
What was the average life expectancy of white males born in the U.S. just before the Civil War?,40 years,50 years,60 years,70 years,A,False,0.1330179,0.36158013,0.2645377,0.24086429
"What does the Yiddish word""'meshuga' mean?",crazy,sacred,stingy,sweet,A,True,0.98505265,0.0025991776,0.011648706,0.00069955917
What is the last letter of the Greek alphabet?,omicron,omega,upsilon,zeta,B,True,0.0011461589,0.9943023,0.00085175293,0.003699846
An elementary school student is able to follow fast and slow songs by playing appropriate rhythm patterns on the drum. Which of the following attributes of music does the student understand?,Dynamics,Pitch,Tempo,Harmony,C,True,0.0004686411,0.0066747516,0.990621,0.0022357618
When FDR carried states in the presidential election of 1932 how many states did he not carry?,six,seven,eight,ten,A,False,0.11571631,0.45766687,0.07018549,0.35643134
Which of these is a member of the cucumber family?,green pepper,watermelon,potato,green bean,B,True,0.12568885,0.35250312,0.20085023,0.32095775
"I became what I am today at the age of twelve, on a frigid overcast day in the winter of 1975. I remember the precise moment, crouching behind a crumbling mud wall, peeking into the alley near the frozen creek. That was a long time ago, but it's wrong what they say about the past, I've learned, about how you can bury it. Because the past claws its way out. Looking back now, I realize I have been peeking into that deserted alley for the last twenty-six years. The excerpt is an example of which of the following types of writing?",Informative,Persuasive,Descriptive,Narrative,D,True,0.0033216777,0.012733292,0.0035359075,0.98040915
Which of the following defenses may NOT be used to legally avoid payment on a negotiable instrument?,Breach of contract,Diminished economic resources,Fraud in the inducement,Mental incapacity,B,False,0.031005086,0.28511748,0.29416808,0.38970938
"Simple accompaniments, light texture and smooth melodies are qualities of",galant style,partitas,Sturm und Drang,serenade,A,True,0.62060565,0.22128375,0.083989844,0.074120775
Which of the following is true about a monopoly?,It competes with many firms selling the same product in the market.,It has to lower its price on all units to sell more output.,Its marginal revenue increases as output sold increases.,It sets a price below average variable cost to drive its competitors out of the market.,B,False,0.013174327,0.05904324,0.032606773,0.8951757
Which of these names has never belonged to a Pope?,Leo,Lando,Linus,Lawrence,D,True,0.0872943,0.26888537,0.25259444,0.3912259
Which of the following best helps explain why some localities have normally large tidal ranges (up to 60 feet) and others have one- to two-foot tidal ranges?,The position of the Sun is different at different localities.,The Coriolis effect and rotation of Earth tend to enhance tidal flow in the higher latitudes.,Ocean floor topography and the shape of the coastline serve to amplify tidal flow at specific localities.,Trade winds push the water into large tidal bulges near rocky shorelines.,C,False,0.0060606715,0.5807501,0.38686296,0.026326356
"Which of these is typically not ""used as a spice?",Dill,Thyme,Hemlock,Marjoram,C,True,0.10020172,0.308643,0.37229455,0.21886066
Who is the patron saint of animals?,St Isidore of Seville,St Anthony of Padua,St Francis of Assisi,St Joan of Arc,C,True,0.00017913697,0.0018960455,0.99764293,0.00028182202
The dissolved salts in Earth's oceans are principally derived from,marine biological activity,atmospheric deposition,the weathering of continental rocks,the eruptions of undersea hot-spot volcanoes,C,True,0.00044699892,0.011709797,0.9597529,0.028090343
What is the baseball term for a batter who substitutes for another batter?,Switchhitter,Shadow hitter,Clip hitter,Pinch hitter,D,True,4.466866e-05,0.00043725743,0.0001312885,0.9993868
In 1960 Nazi official Adolph Eichmann was finally captured in what country?,Brazil,East Germany,Argentina,Paraguay,C,True,0.0010046402,0.011497499,0.97226614,0.015231712
What is the square root of 81 squared?,9,27,81,729,C,True,0.0192943,0.05244734,0.901049,0.027209323
Which of the following has provided evidence that the Sun's atmosphere contains sodium atoms?,Absorption lines in the solar spectrum are consistent with the presence of sodium.,Stars with the same spectral class as the Sun are made mostly of sodium.,Solar samples returned to Earth by the Voyager spacecraft contained sodium.,The Sun gives off energy produced by the nuclear fusion of sodium in its core,A,True,0.7427011,0.18200673,0.057270963,0.018021107
What letters are on the '3' button of a touch-tone telephone?,ABC,DEF,GHI,WXY,B,False,0.013201377,0.09454455,0.79161185,0.10064216
"To best encourage student engagement in the classroom, a teacher should select texts based on which of the following?",The instructional objectives,The culture of the local community,The instructional reading level of the class,Topics that are interesting for the students,D,True,0.00028979848,0.0036998987,0.0016939371,0.9943164
When born a Dalmatian puppy is always?,Black,black with white spots,white,white with black spots,C,False,0.0018529341,0.99031234,0.0031030807,0.0047316332
Which of these countries is not in Europe?,Italy,Spain,Greece,Israel,D,True,0.003084336,0.009353133,0.0032323562,0.9843301
What famous radio personality was also the voice of Shaggy on the cartoon 'Scooby-Doo'?,Rush Limbaugh,Casey Kasem,Larry King,Howard Stern,B,True,0.0008679015,0.99744594,0.0012826753,0.0004036117
Many scientists think that some of the dinosaurs did not go extinct but rather evolved into what kind of creature?,amphibians,reptiles,birds,mammals,C,True,0.00082273217,0.08007794,0.9164435,0.002655812
What are fans of the TV show 'Mystery Science Theater 3000' known as?,Mysterians,MiSTies,Bot Brigade,Gizmonics,B,True,0.0010961856,0.99658716,0.00095238263,0.001364225
What automobile company makes the Sonata?,Toyota,Honda,Subaru,Hyundai,D,True,0.00033312826,0.0032609624,0.0033644764,0.9930414
Force equals mass times what?,Velocity,Distance,Acceleration,Weight,C,False,0.00026908584,0.0013665305,9.299358e-05,0.99827135
To create a tapestry one must traditionally engage in what activity?,Weaving,Sculpting,Baking,Singing,A,True,0.99764246,0.002182334,0.000100486686,7.4675365e-05
What element do organic compounds contain?,Carbon,Oxygen,Hydrogen,Nitrogen,A,False,0.0010002705,0.9987658,0.00019696492,3.700861e-05
What is the technical term for someone who studies fish?,entomologist,ichthyologist,marinologist,herpetologist,B,True,0.00014421935,0.99957484,0.00016860949,0.00011231813
A person uses a remote control to change the volume level on a television. The signal that travels from the remote to the television is most likely encoded in a,visible light pulse,radio wave signal,series of infrared pulses,series of intense infrared beams,C,False,0.0016393338,0.99281067,0.00405739,0.0014926305
When it comes to measuring horses how long is a 'hand'?,four inches,seven inches,ten inches,two feet,A,False,0.0039762054,0.943011,0.04694975,0.006062989
What is the (approximate) value of lemon juice on the pH scale?,14,2,7,0,B,False,0.0080038505,0.26922506,0.66633844,0.056432642
Which of the following best describes the situation after the price is raised on a product that has an inelastic demand?,The quantity demanded will not change.,The quantity demanded will increase.,Total revenue will decrease.,Total revenue will not change.,A,False,0.03999556,0.7786163,0.123194985,0.058193192
Which of the following statements reflects the Confucian worldview that figured prominently in classical Chinese culture?,Having faith in God will be rewarded in the afterlife.,Life's ultimate goal is to escape the suffering inherent in the endless cycle of death and reincarnation.,A life of quiet contemplation and isolation from worldly temptations will result in self-perfection.,Observing rules of proper behavior toward others will ensure social and political harmony.,D,False,0.0032035613,0.9455465,0.01786803,0.033381876
Which of these Democrats lost to Ronald Reagan in the 1984 presidential elections?,Michael Dukakis,Walter Mondale,Gary Hart,Jimmy Carter,B,True,0.052468393,0.8736772,0.044878595,0.028975798
Real gross domestic product (GDP) is defined as the ratio of nominal GDP to the,money supply,unemployment rate,government's budget deficit,GDP deflator,D,True,0.0061364304,0.015187811,0.009211873,0.9694639
Which of these is another name for a golf course?,Pitch,Links,Steps,Suite,B,True,0.00019404752,0.9994677,0.00015592156,0.00018229077
"When Corporation X pays out $300,000 in salaries, which of the following is the impact on assets and liabilities?","Salary expense is increased by $300,000; cash is increased by $300,000","Salary expense is increased by $300,000; cash is decreased by $300,000","Salary expense is decreased by $300,000; cash is increased by $300,000","Salary expense is decreased by $300,000; cash is decreased by $300,000",B,True,0.11349531,0.47783312,0.100159265,0.30851227
Who was not one of the Cartwright sons on the TV series 'Bonanza'?,Adam,Little Joe,Hoss,Ben,D,True,0.11210961,0.16311851,0.13735956,0.58741236
How long is a single term in the US Senate?,two years,four years,six years,eight years,C,False,0.00305271,0.98957914,0.0035689797,0.0037991588
On what body part should you wear a babushka?,head,hands,foot,legs,A,False,0.18999657,0.72833127,0.030535227,0.051136885
A kindergarten teacher has students determine the following. ‚Ä¢ How many students are absent that day ‚Ä¢ If there are enough snack cups for each student to have one during snack time ‚Ä¢ How many balls are taken outside during recess and how many are brought back inside after recess. Which of the following concepts is most closely aligned with the determinations the teacher is having the students make?,Classifying,Counting,Patterning,Ordering,B,False,0.023811651,0.14586405,0.78853357,0.04179075
"Grammar may be taught in two main ways‚Äî by experience with discourse that entails the varieties of word forms and sentence construction, or by analyzing dummy sentences and diagramming parts. Plentiful discursive experience is what really teaches grammar, for it exercises judgment and provides language intake, whereas formal grammar study has been proved irrelevant. Politics more than pedagogy retards the changing of the curriculum to fit this truth. The author of the passage above argues that",using language in a wide variety of situations improves grammar,good judgment can be improved by studying the rules of formal grammar,analyzing and diagramming provide exercise in logical thinking,formal study of grammar improves writing ability,A,False,0.2317357,0.41961914,0.12403918,0.22460595
Who was the mother of the Greek god Zeus?,Gaia,Phoebe,Rhea,Hera,C,True,0.0020018036,0.020859275,0.9741338,0.0030050634
Which of these evangelists is a cousin of rocker Jerry Lee Lewis?,Billy Graham,Oral Roberts,Jerry Falwell,Jimmy Swaggart,D,False,0.09686691,0.76191723,0.09686691,0.0443489
Which of the following prescribes standards for wages and overtime pay that affect most private and public employment?,The Employee Retirement Income Security Act,The American Recovery and Reinvestment Act,The Fair Labor Standards Act,The Federal Employees' Compensation Act,C,True,0.00023299531,0.0027944576,0.9948959,0.0020766647
What organelle is primarily responsible for photosynthesis?,Nucleus,Chloroplast,Mitochondria,Golgi Apparatus,B,True,0.0002198147,0.9991497,0.00045103047,0.00017940754
In what city is TV's 'The Mary Tyler Moore Show' set?,Dallas,Chicago,New York,Minneapolis,D,False,0.0007567859,0.9702707,0.0022949248,0.026677622
What Greek poet wrote 'The Iliad' and 'The Odyssey'?,Sophocles,Plato,Homer,Socrates,C,True,0.00012128551,0.0013244762,0.9982633,0.0002909488
What is Delta Burke's character's job on the sitcom 'Designing Women'?,fashion designer,graphic designer,interior designer,website designer,C,True,0.06903768,0.21265104,0.6972559,0.021055304
Which of the following activities will best help a teacher collect data that will inform instruction to meet the individual needs of students?,Concentric circles,K-W-L chart,Book pass,Reciprocal teaching,B,True,0.00085061876,0.96242756,0.0016654307,0.035056423
On average what length of time passes between high tides?,3 hours 25 minutes,6 hours 25 minutes,12 hours 25 minutes,24 hours 25 minutes,C,False,0.02484987,0.12619805,0.20806542,0.6408866
An increase in the real interest rate in the United States relative to its trading partners will most likely result in which of the following?,An increase in United States imports,An increase in United States exports,A decrease in the demand for the United States dollar,A decrease in the United States trade deficit,A,False,0.04857877,0.22462596,0.522271,0.20452425
The legal basis for the escalation of United States involvement in the Vietnam War was the,declaration of war by Congress,passage of the Gulf of Tonkin Resolution by Congress,United Nations resolution condemning the North Vietnamese invasion of South Vietnam,mutual defense provisions of the North Atlantic Treaty Organization (NATO),B,True,0.0015913645,0.9943526,0.0024647538,0.0015913645
What professional sports team plays its home games in the Alamodome?,New York Jets,Detroit Tigers,Boston Bruins,San Antonio Spurs,D,True,0.00016543794,0.0020471853,0.0015696316,0.9962178
What is the name of Howard Stern's female on-air sidekick?,Allison Norris,Jackie Reeses,Jackie Martling,Robin Quivers,D,True,0.00030429786,0.0027121773,0.0007299726,0.9962535
In what decade did Israel become an independent state?,1920s,1940s,1950s,1960s,B,False,0.0013367474,0.017335204,0.004813812,0.9765143
In cooking the term 'au gratin' is sometimes used to describe a dish with what topping?,cheese,fruit,gravy,whipped cream,A,True,0.9952624,0.0038209779,0.0007407304,0.00017593888
Which of the following is the most effective way to evaluate the development of a student's drafting skills throughout the school year?,Baseline assessment,Portfolio assessment,Short-answer unit assessment,Teacher-created assessment,B,True,0.00076557475,0.9969958,0.0013436255,0.00089504756
In the sci-fi movie 'Fantastic Voyage' where do the voyagers travel?,through outer space,through a human body,to the ocean floor,to the center of the earth,B,True,0.00021970145,0.998635,0.00068738504,0.00045789717
What would be the most likely thing one would do with the compound MgSO4 7H2O?,power a car,blow up a building,soak ones feet,fertilize a lawn,C,True,0.00023235127,0.003691822,0.99214584,0.0039299238
Who originally proposed the idea of daylight-saving time?,Benjamin Franklin,Henry David Thoreau,Galileo,Albert Einstein,A,False,0.2047799,0.61135983,0.1130902,0.07077004
If you ask for 'gai' at a Thai restaurant what will you get?,shrimp,chicken,beef,pork,B,False,0.077066,0.3563496,0.079512335,0.4870721
On a set of jumper cables what color designates the negative connector?,black,red,orange,blue,A,False,0.0022835534,0.99611,0.00062428875,0.000982144
Which of these is a commonly-known investment account?,CNN,EMC,IRA,IRS,C,True,0.0003396827,0.0007304327,0.99688137,0.002048549
If you are 'riding fakie' inside a 'half pipe' what are you probably doing?,skiing,biking,snowboarding,surfing,C,True,0.00084434793,0.03023301,0.94052136,0.028401285
Which of these people was not alive in the 20th century?,Mark Twain,Thomas Edison,Sigmund Freud,Ulysses S Grant,D,False,0.039715514,0.11856862,0.54825574,0.29346016
What color is cartoon character Marge Simpson's hair?,yellow,purple,blue,brown,C,True,0.0041218363,0.19249088,0.78548294,0.01790444
Which of these is not a fabric?,Velveteen,Celotex,Seersucker,Tencel,B,True,0.18390912,0.4144456,0.22887862,0.17276663
How is 4:00 pm expressed in military time?,1600,4,400,4:00,A,False,0.009410595,0.024793614,0.005889,0.95990676
Which of the following is most likely to cause a rise in the average temperature of Earth's atmosphere in the future?,Atomic warfare,CO2 from fossil fuels,Dust clouds from volcanoes,Depletion of Earth's ozone layer,B,True,0.0006539257,0.99561775,0.0024678898,0.0012604747
Which of the following activities is likely to have the greatest impact on biodiversity?,Copper mining in Chile,Soil erosion on the slopes of the Rocky Mountains,Large-scale deforestation of the Amazon or Congo basin tropical forests,Increased use of ethanol fuels in the United States,C,True,0.015402177,0.12896085,0.8150577,0.04057933
Whom did Billie Jean King defeat in the famous 'Battle of the Sexes' tennis match?,Jimmy Connors,Pete Sampras,John McEnroe,Bobby Riggs,D,True,0.0010068034,0.019600015,0.0050337003,0.9743595
Which of the following structures is most susceptible to damage by acid precipitation?,A monument made of granite,A roof made of slate,A tombstone made of marble,A statue made of gabbro,C,True,0.17167464,0.31086263,0.45230243,0.06516035
Who is an archenemy of the cartoon superhero Underdog?,OverCat,Muttley,Mr Whoopie,Dick Dastardly,A,False,0.0005829572,0.020873563,0.0037424236,0.9748011
Mohair is made from the fleece of what animal?,camel,llama,goat,mole,C,True,0.00029419147,0.005550986,0.99373996,0.0004148765
"The Burgess Shale is a rock formation in Canada that has a large number of fossils from the Cambrian period preserved in exquisite detail. Many primitive members of modern phyla, including arthropods, mollusks, and chordates, can be found among the fossils exposed in this region. Based on these fossils, it can be concluded that most of the modern groups of animal life first appeared roughly",3 billion years ago,540 million years ago,65 million years ago,"200,000 years ago",B,True,0.012241185,0.8581733,0.116141126,0.013444311
The Strauss family of composers popularized what dance?,waltz,tango,fox-trot,square dance,A,True,0.8818437,0.09589605,0.003958103,0.018302081
What was Ludwig Van Beethoven's final symphony?,Ninth,Tenth,Eleventh,Twelfth,A,True,0.6021102,0.2671848,0.032413192,0.09829179
A portrait that comically exaggerates a person's physical traits is called a what?,Landscape,Caricature,Still life,Impressionism,B,True,0.000108879394,0.9997303,0.00012531942,3.5347966e-05
The government establishes a price floor in a market for a good in order to,eliminate a surplus in the market,eliminate a shortage in the market,help buyers of the good,help sellers of the good,D,True,0.09586514,0.3452236,0.11563543,0.4432759
A student is standing in front of the class delivering a presentation. Some students in the back of the room note that they are having trouble hearing what the presenter is saying. Which of the following suggestions to the presenter would best address this problem?,Engage your audience by making eye contact with people in the back of the room,Entertain your audience with exaggerated body language,Emphasize your main points by reading them directly from a paper,Project your voice by relaxing the rib cage and maintaining good posture,D,True,0.00016818284,0.0016722524,0.0011139603,0.9970456
"A passage from Zora Neale Hurston's Their Eyes Were Watching God is as follows. The people all saw her come because it was sundown. The sun was gone, but he had left his footprints in the sky. It was the time for sitting on porches beside the road. It was the time to hear things and talk. These sitters had been tongueless, earless, eyeless conveniences all day long. Mules and other brutes had occupied their skins. But now, the sun and the bossman were gone, so the skins felt powerful and human. They became lords of sounds and lesser things. They passed nations through their mouths. They sat in judgment. The description of the sun in the second sentence contains which of the following literary devices?",Foreshadowing,Irony,Flashback,Personification,D,True,0.006091028,0.026874876,0.019662078,0.947372
Which of these is not one of the 3 methods of heat transfer?,Conduction,Radiation,Convection,Induction,D,True,0.026849097,0.14514485,0.018453097,0.80955297
Which of these is not an ingredient in Yorkshire pudding?,eggs,milk,chocolate,meat drippings,C,True,0.09371902,0.17509018,0.43335235,0.29783842
"Anna feels that she is confusing ""who"" and ""whom"" in her narrative. She wants to correct her error. Which of the following reference materials will best help Anna accomplish such a task?",A dictionary,A thesaurus,A glossary,A grammar guide,D,True,0.008098592,0.08983191,0.022713063,0.8793564
Where was the chicken First domesticated?,France,India,Peru,Zaire,B,False,0.022905827,0.116325386,0.84620893,0.014559829
Which of the following is not in Nevada?,Liberace Museum,Pikes Peak,Lake Mead,Hoover Dam,B,True,0.26217467,0.39357078,0.1640647,0.18018983
What famous folksinger founded the Institute for the Study of Non-Violence in 1965?,Bob Dylan,Woody Guthrie,Joan Baez,Peter Yarrow,C,False,0.0021116799,0.9959865,0.0007890771,0.001112777
Phoebe Dione and Helene are moons of what planet?,Jupiter,Saturn,Neptune,Pluto,B,False,0.0049351985,0.010447816,0.014280472,0.97033656
Which of these companies is not an online stock brokerage?,E*Trade,EDigital,Datek Online,DLJ Direct,B,True,0.05198457,0.43526146,0.24037422,0.27237967
Which of these is not the name of one of rock musician Frank Zappa's children?,Dweezil,Ahmet,Moon Unit,Lumpy Gravy,D,False,0.07190929,0.37677774,0.2756565,0.2756565
How much does Peanuts character Lucy charge for her psychiatric advice?,5 cents,10 cents,75 cents,$125,A,False,0.060932662,0.71947324,0.16053618,0.05905796
Which of the following is the most reasonable action to take for an artist whose work requires the use of a specific hazardous product?,Finding a nontoxic product to use and adapting the art-making process as necessary,Reading the product's label and proceeding according to the label directions,Making sure no children are present when using the product,Checking with a qualified toxicologist before using the material,B,False,0.18829525,0.20043924,0.04911975,0.56214577
What children's storybook character believes that the sky is falling?,Chicken Little,Curious George,Jack Sprat,Tom Thumb,A,True,0.99705327,0.0024714482,0.00032928857,0.00014612092
Pop icon Tiny Tim was famous for playing what musical instrument?,ukulele,kazoo,accordion,fiddle,A,True,0.98476875,0.01449287,0.00043764678,0.00030078992
Which of the following is the highest level taxonomic rank?,Domain,Class,Phylum,Kingdom,A,False,0.0010076511,0.00544731,0.0030082904,0.99053675
When daylight-saving time arrives in the spring how do most Americans turn their clocks?,one hour forward,one hour backward,two hours forward,two hours backward,A,True,0.98782396,0.011322077,0.0006190957,0.00023498222
Which of these fashion designers was born in the United States?,Laura Ashley,Helmut Lang,Donna Karan,Christian Dior,C,True,0.014612313,0.11139858,0.72641,0.14757913
Who was on the $500 bill?,Calvin Coolidge,Andrew Jackson,Aaron Burr,William McKinley,D,False,0.017869767,0.9756562,0.0034642122,0.0030097598
For a man and woman on a date 'dutch treat' means what?,The man pays,The woman pays,The Dutch pay,Each pays their own way,D,True,0.0008819884,0.0102527775,0.0064160237,0.9824492
What city's residents are known as 'Knickerbockers'?,Boston,Philadelphia,New York City,London,C,True,0.00030414178,0.0028408794,0.9957425,0.0011125044
Which of these college football programs has produced the most Heisman Trophy winners?,Notre Dame,USC,Oklahoma,Michigan,A,False,0.002263469,0.018951792,0.95697147,0.021813381
What does a pH level measure?,acidity,density,wavelength,humidity,A,True,0.95612484,0.034826845,0.007893293,0.0011550441
If a hertz is equal to one cylce per second how many cycles per second does a megahertz equal?,-328716,1000,1000000,1000000000,C,True,0.004180246,0.20780914,0.7483495,0.03966107
"Every day was a happy day, and every night was peaceful. The sentence above can best be classified as",simple,compound,complex,compound-complex,B,True,0.06992779,0.48539504,0.21539274,0.22928438
Which of these holidays is not attached to a specific date?,Independence Day,New Year's Day,Thanksgiving,Christmas,C,True,0.028801868,0.24115509,0.5968646,0.13317849
Where is the Louvre museum?,Paris,Lyon,Geneva,Vichy,A,True,0.9895962,0.008298269,0.00077185925,0.0013336532
Which of the following guidance systems is principally a materials-handling device?,Escalator,Conveyor,Highway,Railroad,B,True,0.0007058807,0.993954,0.004062063,0.0012781848
"A preschool teacher is teaching students about a color wheel, which is an organization of hues around a circle. Red, yellow, and blue are examples of which of the following kinds of colors on the color wheel?",Complementary,Primary,Secondary,Tertiary,B,True,0.09739116,0.8413312,0.047464658,0.013813003
A second-grade teacher has each student select a card at random that is marked with a three-digit number. Students then model their numbers with base ten blocks on a place value mat. Which of the following whole number concepts does the lesson best reinforce?,Comparing quantities,Describing quantities,Ordering quantities,Decomposing quantities,D,False,0.043807294,0.6641781,0.095683925,0.19633067
Which brand of cat food claims it's so tasty that 'cats ask for it by name'?,Fancy Feast,Cat Chow,Meow Mix,9-Lives,C,False,0.5570515,0.19862282,0.19251186,0.05181386
In the phrase 'Y2K' what does 'K' stand for?,millennium,computer code,catastrophe,thousand,D,False,0.001827139,0.9919041,0.0048896777,0.0013791969
What is the approximate speed of light?,165 miles per hour,122000 miles per hour,186000 miles per second,293000 miles per second,C,True,0.0003536759,0.008980006,0.94506204,0.045604233
Which of these people was buried in the Valley of the Kings?,Louis XIV,Elvis Presley,Julius Caesar,King Tut,D,True,0.0006190644,0.007309713,0.0042971587,0.9877741
After Prince Charles who is next in line to be the king of England?,Prince William,Prince Andrew,Prince Edward,Fresh Prince,A,False,0.003075415,0.06575528,0.90772355,0.023445765
The disco band ABBA comes from what country?,Norway,Sweden,Switzerland,The Netherlands,B,True,0.00021638238,0.999037,0.00013970697,0.0006068594
When it's noon in New York during daylight-saving time what time is it in Honolulu?,6:00 AM,6:30 AM,7:00 AM,8:00 AM,A,False,0.050207924,0.22501631,0.31732386,0.4074519
"The total retail market value of all the goods and services produced in a nation, usually stated in annual terms, is the",ratio of profit to sales,current ratio,gross domestic product,trade surplus,C,True,0.00056792685,0.0025452718,0.9952435,0.0016433509
What is the world‚Äôs most venomous fish?,Scorpion fish,Lion fish,Stonefish,Toadfish,C,True,0.002959093,0.0074391593,0.9743376,0.015264164
What force causes an ice cream cone to fly off of a spinning merry-go-round?,centrifugal,Vehicular,Gravitational,Torsal,A,True,0.92524064,0.06915178,0.0050093383,0.0005982801
Which of these words is spelled correctly?,decieve,foriegn,hygiene,wierd,C,False,0.03815039,0.4647669,0.2908437,0.20623906
The term 'chili con carne' refers to chili with what?,beans,meat,cheese,chili peppers,B,True,0.0032819954,0.6254376,0.003604567,0.36767578
At what age can someone first attend an R-rated movie without an accompanying adult?,15,17,18,21,B,False,0.12965658,0.25785288,0.31102997,0.30146056
On TV's 'Seinfeld' what type of doctor did Mr Costanza go to when he sat on 'fusilli Jerry'?,ophthalmologist,cardiologist,neurologist,proctologist,D,True,0.004143428,0.021710012,0.021710012,0.95243657
In the comic strip 'Peanuts' what is Schroeder known for doing?,Dancing,playing football,playing the piano,Flying an imaginary plane,C,True,0.00052475784,0.004192539,0.9943175,0.0009651773
How is the Arabic numeral for '2' written?,2,II,I,ii,A,False,0.0015402179,0.030936105,0.005129709,0.962394
What country gave us the fashionable headgear called the beret?,Switzerland,China,Mexico,France,D,True,2.4294151e-05,0.00015596174,9.4595576e-05,0.99972516
How many spikes are on the Statue of Liberty's crown?,five,seven,nine,thirteen,B,True,0.07527056,0.4757246,0.3169009,0.13210395
In a game with no wild cards what is the highest possible poker hand?,straight flush,royal flush,full house,four of a kind,B,True,0.024780307,0.9298742,0.01812966,0.027215844
Moderate and frequent irrigation is normally most appropriate for a corn crop growing in a,dispersed alluvial fan soil,"heavy-textured soil, such as silty clay","light-textured soil, such as loamy sand",region of low humidity,C,True,0.0125662275,0.21588866,0.730342,0.041203074
What is the capital of North Dakota?,Bismarck,Fargo,Sioux Falls,Pierre,A,True,0.5197254,0.4176111,0.0061459946,0.056517515
A fiscal policy to combat a recession would call for,an increase in taxes,an increase in government spending,a decrease in the reserve requirement,a decrease in the discount rate,B,True,0.00059634366,0.9971855,0.0014759647,0.0007421617
An electric fence installed to keep both mature cattle and sheep in a field should have a wire placed at which of the following heights? I. 6 inches II. 18 inches III. 40 inches IV. 60 inches,I only,II only,II and III only,III and IV only,C,False,0.060213923,0.3358463,0.3255134,0.27842635
How much chicken excrement is produced in the United States every year?,4*10^10 kg,4*10^12 kg,4*10^14 kg,4*10^16 kg,A,False,0.055321127,0.6953428,0.124668084,0.124668084
According to the American Kennel Club what is the most popular breed Of dog in the US as of 1999?,Poodle,Beagle,German shepherd,Labrador retriever,D,True,0.0008934853,0.0024669922,0.0013838571,0.99525565
What singer appeared in the 1992 baseball film 'A League of Their Own'?,Brandy,Madonna,Garth Brooks,Whitney Houston,B,True,0.012079374,0.7243317,0.013266598,0.25032234
How is the word 'ambulance' normally written on the front of American ambulances?,in French,in reverse,in braille,in gibberish,B,True,0.01769664,0.9364768,0.013782157,0.032044474
What is the colored part of the eye called?,iris,pupil,retina,cochlea,A,True,0.98942006,0.010325525,0.00014500225,0.00010945344
If you work as a 'dolly grip' what business are you in?,sheep farming,film production,construction,moving,B,True,0.00017072546,0.9964276,0.0015946854,0.0018070154
Who was the longest reigning monarch in French history?,Louis XIII,Louis XIV,Louis XV,Louis XVI,B,False,0.0423938,0.3778518,0.012531584,0.5672228
The principles of xeriscaping are best exemplified by a homeowner who,installs an in-ground sprinkler system that operates on a timer,lowers the cutting height on the lawn mower to reduce the surface area in contact with the cutting blade,increases the use of fertilizer on the turfgrass to promote growth,replaces nonnative ornamentals with native shrubs that do not require irrigation,D,True,0.00013948687,0.0019255568,0.00047187798,0.9974631
What was the revenue for flat screen televisions sold in Australia in the past 12 months (as of 2013)?,$120 million annual Revenue,$1.2 billion annual Revenue,$12 billion annual Revenue,$120 billion annual Revenue,B,True,0.032054108,0.880003,0.063747205,0.024195708
What native empire controlled Large areas of South African Territory during the 19th century?,Hutu,Zulu,Aztec,Masai,B,True,0.0006255723,0.99815804,0.0005607594,0.00065559417
How many keys are on a Standard piano?,20,54,88,100,C,True,0.0030701421,0.026939642,0.94965506,0.020335108
The most important consideration in designing successful messages to be transmitted through graphic communications is knowledge and understanding of,current technologies,the capabilities of the designer,the limitations of the printer,the nature of the audience,D,True,7.8365956e-05,0.00073198834,0.00018507564,0.99900454
Which one of these world leaders was assassinated?,Indira Gandhi,Ferdinand Marcos,Golda Meir,Neville Chamberlain,A,True,0.34432945,0.32346758,0.033044294,0.2991586
Which of these candy bars was named for a baseball player?,Baby Ruth,Clark Bar,Reggie Bar,Butterfinger,C,False,0.7622646,0.15977934,0.02608326,0.051872756
The common term for someone who has difficulty seeing objects in the distance is what?,farsighted,nearsighted,hindsighted,hypermetropic,B,True,0.0011315888,0.9971215,0.00061523414,0.0011315888
Where did jazz great Sun Ra claim he was born?,Atlantis,Mount Olympus,Saturn,in a saxophone,C,True,0.0030573101,0.0078071146,0.96057826,0.02855724
By what name is Bob Keeshan better known?,Bozo the Clown,Pee Wee Herman,Captain Kangaroo,Buffalo Bob,C,False,0.5149462,0.31233066,0.16717856,0.0055445335
Where would you typically find a bailiff?,grocery store,courtroom,football stadium,doctor's office,B,True,0.00012927527,0.9995586,0.00010551141,0.0002065813
Girls of what religious community traditionally wear bonnets?,Amish,Sikh,Roman Catholic,Christian,A,False,0.039253652,0.075663395,0.12090976,0.7641732
What New Age musician released a 1998 album titled 'King of the Pan3Flute'?,Zamfir,Yanni,Vangelis,Kenny G,A,False,0.0060369484,0.07128235,0.36200163,0.5606791
Which of these is a fish?,sea horse,sea cow,sea snake,sea lion,A,False,0.14766404,0.3890429,0.07425014,0.3890429
How many airplanes are in the air worldwide right now (as of 2014)?,"5,000","20,000","80,000","320,000",B,False,0.011381304,0.17803355,0.084097095,0.72648805
Reindeer herding as an economic activity of the Sami in Norway is an example of which of the following types of diffusion?,Stimulus,Hierarchical,Relocation,Contagious,A,False,0.031695955,0.46576867,0.4240872,0.07844824
"When cool air flows from a high mountain region to a region of lower elevation, the air will",increase in moisture content,"condense, forming large amounts of dew",undergo adiabatic warming,undergo adiabatic cooling,C,False,0.0004140355,0.0040529557,0.0038073994,0.99172556
In Greek mythology what is the name of Zeus' father?,Apollo,Cronus,Prometheus,Hercules,B,True,0.0013858685,0.99670225,0.0012040635,0.0007078324
What disease does a carcinogen cause?,cancer,influenza,emphysema,heart disease,A,True,0.9979721,0.0017269386,0.00020950144,9.1524395e-05
Who sang lead vocals for the band Big Brother and the Holding Company?,Grace Slick,Janis Joplin,Mama Cass,Karen Carpenter,B,True,0.0007434076,0.9988595,0.00022321142,0.00017383724
Which Pope immediately preceded John Paul II?,John XXIII,Paul VI,John Paul I,Hank II,C,False,0.004301704,0.98881894,0.0050292015,0.0018501399
Which of these is not a spice?,dill,aniseed,cucumber,cayenne,C,False,0.12096889,0.38443837,0.33926567,0.15532714
Which of the following protocols is used to transport HTML pages from Web servers to Web browsers?,BOOTP,HTTP,SNMP,SMTP,B,True,0.00031452908,0.9980679,0.00037351256,0.0012439867
What is the correct spelling of New Mexico's largest city?,Albuqerque,Albuquerque,Albequerque,Santa Fe,B,True,0.0030662194,0.99395835,0.0017745916,0.0012007488
Which of the following best defines federalism?,A government in which the political leader is also the religious leader,The concentration of government power in the hands of a small group of people,The division of national power into different branches of government,The division of a country's power into national and subnational units,D,True,5.6435376e-05,0.000709348,0.00039790815,0.99883634
What sport is known as 'The Sport of Kings'?,polo,archery,yachting,horse racing,D,True,4.608602e-05,0.00045823617,0.0001214205,0.99937433
Which of the following is matched with its correct function?,Ovule ..... production of pollen,Vascular cambium ..... formation of apical meristem,Xylem ..... transport of sugars,Guard cell ..... regulation of transpiration rate,D,True,0.17025393,0.32817304,0.14114547,0.3604276
Which of the following protocols is usually associated with hyperinflation?,A rapid decrease in total spending,A rapid increase in money supply,A slow increase in exports,A slow increase in labor productivity,B,True,0.0026243688,0.9945997,0.0017482063,0.0010277175
In which century was the greatest number of chemical elements discovered?,17th,18th,19th,20th,C,True,0.0022648522,0.04996184,0.8855948,0.062178515
"The term ""Cold War"" refers to the",race between the United States and the Soviet Union to claim ownership of Antarctica,contest between the United States and the European Union for economic domination in the West,struggle between the United States and the Soviet Union to gain political hegemony in world affairs,competition between the Soviet Union and China for the resources of the Pacific Rim,C,True,0.00028639985,0.0010808618,0.99813014,0.0005026474
Which of the following articles of clothing has a hood?,Parka,kilt,lederhosen,sarong,A,False,0.13791254,0.20703125,0.18850408,0.4665521
Which of these measurements is equal to one square foot?,50 square inches,77 square inches,100 square inches,144 square inches,D,False,0.009309022,0.2477039,0.52438915,0.21859792
Which of the following is a disorder in ruminants that is characterized by an excessive accumulation of gas in the rumen?,Agalactia,Bloat,Bovine pleuropneumonia,Grass tetany,B,True,0.0028804592,0.9939627,0.0015907405,0.0015660785
"_Whenever the mood strikes her_, Angela takes a short walk around the block. In the sentence above, the underlined portion can best be described as",an adjective clause,a relative clause,a subordinate clause,an independent clause,C,False,0.091793746,0.45182464,0.24952127,0.2068604
"What term is used to describe a""group of geese?",gaggle,gang,gander,grist,A,True,0.9921354,0.0071160984,0.00045491694,0.00029371644
If you dial '411' on a telephone who are you calling?,the police,the White House,directory assistance,Moviefone,C,True,0.0001704298,0.0028826017,0.99470204,0.0022449726
Which of these are not legumes?,beans,peas,radishes,peanuts,C,False,0.15063418,0.29957184,0.24071275,0.3090813
"In 1989 scientists from Norway discovered that there are far more viruses in oceans lakes, and streams than previously believed. How many viruses did they find that a milliliter of natural water might contain?",up to 250,up to 25000,up to 2500000,up to 250000000,D,False,0.1039876,0.74472994,0.086208746,0.06507377
Which company holds an annual self-named 'Bake-Off'?,Betty Crocker,Duncan Hines,Pillsbury,Keebler,C,True,0.00058369536,0.019633729,0.9760355,0.0037471626
Which of the following fiscal policy actions is most expansionary?,Increasing both government spending and taxes,Increasing government spending and decreasing taxes,Decreasing government spending and increasing taxes,Decreasing both government spending and taxes,B,True,0.11131117,0.8224845,0.04359008,0.022614237
Which of the following steps should be taken first to effectively present new information to coworkers?,Analyzing the audience,Determining the objective,Creating three to five key messages,Choosing a communication tool,B,False,0.39793843,0.35117942,0.23393592,0.016946262
What is the name of the character Played by Woody Allen in the 1967 James Bond film 'Casino Royale'?,Dr Evil,Q,Little Jimmy Bond,M,C,False,0.044895828,0.564305,0.20759621,0.18320301
Which of the following is generally the first step taken in a large-scale commercial construction venture?,Filing applications for building permits and variances,Ordering the materials needed for the building foundation,Drafting a contract that spells out the details of the building plan,Holding a discussion between the developer and the designer/contractor about the scope of the construction,D,True,0.006055952,0.03948977,0.027140895,0.92731345
How many eyes does a Giraffe have?,one,two,three,four,B,True,0.0065928814,0.8909074,0.09390095,0.008598738
What pro wrestler grapples with Sylvester Stallone in the movie-'Rocky III'?,Dolph Lundgren,Hulk Hogan,Andre the Giant,The Iron Sheik,B,True,0.014460969,0.95236963,0.028759072,0.004410346
Which of the following activities will be most effective in introducing kindergartners to the concept of how plants transport water?,Demonstrating that a celery stalk can be peeled lengthwise but not crosswise,Placing celery stalks in water colored with a dye and observing the results,Collecting rainwater in a rain gauge and comparing the amount of rainfall to a plant's growth rate,"Planting bean seeds in paper cups, placing them on the windowsill, and watering them daily",B,True,0.041220363,0.5515224,0.11204857,0.29520866
What is the function of mitochondria in the cell?,To generate energy,To process waste,To kill viruses or other antigens,To repair damage,A,True,0.99601907,0.0037062345,0.00016284057,0.00011191858
Which of these is not one of the four basic forces in nature?,electromagnetic,gravitational,nuclear,centrifugal,D,False,0.13764186,0.42396677,0.15596867,0.28242275
Which of these is a slang term for 'police'?,fuzz,shrinks,bean counters,aardvarks,A,True,0.903471,0.063433625,0.016547648,0.016547648
What is the name of the fruit that is half tangerine and half grapefruit?,graperine,tangefruit,tangelo,kumquat,C,True,0.0012866879,0.0075209797,0.98505396,0.006138445
What are the Smothers Brothers'(first names?,Frank and Bill,Tom and Dick,Dave and George,Ed and Pete,B,True,0.13225524,0.30750263,0.2713701,0.28887197
Which of the following great apes (the Hominidae) is NOT native to Africa?,Gorilla,Human,Chimpanzee,Orangutan,D,False,0.10002206,0.4482678,0.11333985,0.33837026
In the movie 'Star Wars' what kind of creature is Chewbacca?,Woolie,Woobie,Wookiee,Klingon,C,True,0.00014629983,0.00095399475,0.9982741,0.00062564504
In the film 'Easy Rider' what emblem is on the back of Peter Fonda's leather jacket?,peace symbol,American flag,two white doves,Harley-Davidson logo,B,False,0.00018187672,0.001955359,0.0006652774,0.9971975
What are the tallest trees on Earth?,Coast Redwood,Coast Douglas Fir,Giant Sequoia,Sitka Spruce,A,False,0.0020940872,0.006654995,0.98768884,0.0035621622
Which of these painting tools has bristles on it?,Easel,Knife,Brush,Palette,C,True,0.00011762012,0.00086910167,0.99882525,0.00018795642
Astronaut John Glenn served as a pilot in what branch of the military?,Army,Air Force,Marines,Navy,C,False,0.00893397,0.73224187,0.0057682046,0.25305602
On the TV show 'CHiPs' what was Officer Frank Poncherello's-nickname?,Franky,Ponch,Chipper,Hot Dog,B,True,0.00084182044,0.9981828,0.00042329388,0.0005520793
Which of the following criteria is the most important when assessing reading comprehension?,Ability to spell inventively,Ability to decode new words,Ability to identify the main idea,Ability to recognize rhyming patterns,C,True,0.0002062669,0.001186984,0.9980373,0.0005695211
Which of these games is not played with cards?,baccarat,rummy,craps,solitaire,C,False,0.14761074,0.37693724,0.17257445,0.30287758
In American football how many points is a touchdown worth?,two,three,six,seven,C,False,0.0079762135,0.981384,0.0033773414,0.007262425
What is the most likely impact of an increase in interest rates?,Investment levels diminish,Employment increases,The value of the U.S. dollar increases,Mortgage rates decline,A,False,0.2726785,0.26428905,0.4093389,0.053693578
Whose profile can you see on the front of dimes that are currently in circulation?,George Washington,Thomas Jefferson,Benjamin Franklin,Franklin Roosevelt,D,False,0.017002115,0.081112556,0.8997237,0.0021615764
Who is considered the owner of a 'publicly held' company?,the CEO,the stockholders,the president,the government,B,True,0.0010628002,0.9969067,0.00096769066,0.0010628002
Which of the following candies is traditionally fruit flavored?,M&M's,Skittles,Reese's Pieces,Junior Mints,B,True,0.02473426,0.49680093,0.301325,0.17713982
In 1926 the Harlem Globetrotters basketball team was formed in what city?,Boston,Philadelphia,Chicago,New York City,C,False,0.00016559778,0.0014305464,0.0012236112,0.9971802
Which of the following steps in the design of a dog house would be earliest?,Acquiring all the tools necessary for the building,Purchasing all the materials for building the structure,"Identifying the color, shape, and style of the exterior surface",Accessing the measurements of the dog and all the interior materials,D,False,0.16314933,0.4575636,0.21613774,0.16314933
What was the name of the 1999 art exhibit that sparked a national debate about censorship?,Sticks & Stones',Pulsation',Black & White',Sensation',D,True,0.1422287,0.14674352,0.17426224,0.5367655
What was the title of Beethoven's only completed opera?,Faust',The Silence',Immortal Beloved',Fidelio',D,True,0.001021767,0.0064577665,0.0036795244,0.988841
What is the name of the StarKist tuna mascot?,Charlie,Sam,Al,Morris,A,False,0.13043417,0.3894045,0.32282767,0.15733364
Which of the following groups was converted to Christianity in the tenth century C.E. by missionaries from the Byzantine Empire?,Franks,Visigoths,Russians,Anglo-Saxons,C,False,0.06287917,0.0658968,0.01666132,0.8545627
Which of these words is an adverb?,hurried,fast,speedy,quickly,D,True,0.010715759,0.100092076,0.024528619,0.8646636
On which part of a car would you find the 'caliper'?,battery,engine,radiator,brakes,D,True,0.00014822486,0.003269788,0.0008529752,0.995729
Which of these plants is the national emblem of Scotland?,ivy,thistle,rose,linden,B,True,0.00024524328,0.9992405,0.00026517123,0.00024910533
How much does it cost to air condition all American automobiles for a year (as of 2018)?,$10m,$100m,$1 billion,$10 billion,C,True,0.029132867,0.333408,0.37780076,0.25965843
What fictional character claims to be 'smarter than the average bear'?,Paddington Bear,Fozzie Bear,Smokey Bear,Yogi Bear,D,True,0.0019326044,0.02281957,0.004935078,0.9703128
If you are truly afraid of the dark what do you suffer from?,hypnophobia,cryptophobia,hadephobia,nyctophobia,D,True,0.0011959337,0.007558533,0.0012730648,0.9899725
Which of the following is a way in which Congress can influence the federal bureaucracy?,Increasing or decreasing departmental salaries,Appropriating funds,Appointing agency heads,Dismissing cabinet secretaries,B,True,0.005529426,0.9898802,0.0015842069,0.0030062965
What country was once ruled by shoguns?,China,Japan,North Korea,Taiwan,B,True,0.00013132133,0.99963665,0.00013132133,0.00010068755
On what continent can you find tigers in the wild?,Africa,Asia,Europe,South America,B,True,0.0005031889,0.9992053,0.00013333178,0.00015833539
"The construction of a transportation network that included roads, canals, and steamboats that took shape in the United States in the early decades of the nineteenth century had which of the following effects in the years before the Civil War?",It decreased the need for immigrant labor.,It stimulated the development of a market revolution.,It weakened the plantation system in the southern states.,It transformed the United States into an international military power.,B,True,0.041637313,0.89024496,0.047181256,0.020936556
What is the more common name for the disease 'pertussis'?,whooping cough,tennis elbow,black lung,German measles,A,True,0.9907216,0.008307706,0.0006819381,0.00028875074
The primary purpose of a Supervised Agricultural Experience ( SAE ) program is to,provide a basis for students to apply for and win proficiency awards,provide students with an income to be used to learn money management skills,"give students a chance to earn enough money to qualify for local, state, and national FFA degrees",allow students to apply skills learned in the classroom and learn new skills in a specialized area,D,True,0.0007385758,0.0043851263,0.017894054,0.97698224
An early-nineteenth-century railroad steam engine is an excellent example of which of the following power systems?,Internal combustion engine,External combustion engine,Rotary engine,Reaction engine,B,True,0.0010800132,0.9973465,0.0010632691,0.00051016215
With which of the following statements would both Thomas Hobbes and John Locke most probably have agreed?,Government authority is created as the result of a social contract.,Government must enforce religious law to prevent moral decay.,Government must enforce the majority's will regardless of the wishes of the minority.,Government must bend to the will of the educated minority.,A,False,0.10189018,0.33408505,0.41577554,0.14824933
In the classic song 'Take Me Out to the Ballgame' for whom do we 'root root root'?,the umpire,the home team,the bat boy,Mighty Casey,B,True,0.0027005032,0.9919653,0.003060071,0.0022740518
Who was Charlie McCarthy?,a US senator,a Chicago gangster,a famous baseball pitcher,a wooden dummy,D,True,9.304729e-05,0.0005789597,0.00047997443,0.99884796
How many states were in the Confederate States of America?,11,13,16,22,A,False,0.043403696,0.89946,0.035982925,0.021153273
Who were the Chicago Seven?,war protesters,bluegrass musicians,bank robbers,mobsters,A,False,0.002361144,0.014691531,0.10197944,0.8809679
Which dwarf planet is closest to the Sun?,Pluto,Eris,Ceres,Makemake,C,True,0.0052580438,0.04988693,0.9412973,0.0035577703
What company makes perfumes called 'Beautiful' and 'Pleasures'?,Estee Lauder,Ralph Lauren,Elizabeth Arden,Calvin Klein,A,False,0.014493331,0.13327819,0.29110634,0.5611222
What nationality was Karl Marx?,Russian,German,Danish,English,B,True,0.00031003173,0.9992893,0.00013544282,0.00026518418
In America what is the main ingredient in pepperoni?,Fish,pepper,wheat,meat,D,True,5.2211908e-05,0.00055262825,0.00021982034,0.99917537
A student in the process of solving a fabrication problem in the manufacturing laboratory asks the teacher what assembly procedures should be used. The teacher's best response would be to,give an opinion as to the best assembly procedure for the particular problem,suggest two or three possible assembly procedures and have the student select one,place the responsibility completely on the student for making the judgment,use leading questions to help the student review and analyze the relative merits of several assembly procedures,D,True,0.0009147792,0.035974216,0.005872629,0.9572384
"If the government places a price ceiling on leather garments that is below the equilibrium price, which of the following will occur in the market for leather garments?",There will be a shortage.,There will be a surplus.,The demand curve for leather garments will shift leftward.,The supply curve for leather garments will shift rightward.,A,False,0.11012638,0.29935455,0.34998095,0.24053816
"During President Dwight Eisenhower's administration in the 1950s, the federal government promoted significant changes in transportation in the United States by",establishing generous subsidies for urban mass transit,sponsoring research to develop less polluting automobiles,funding the construction of the interstate highway system,funding the establishment of a national railroad passenger system,C,True,0.00024764412,0.0031617081,0.9933791,0.0032114978
Animals in which of the following groups may have a backbone and a spinal cord?,Mollusks,Chordates,Invertebrates,Echinoderms,B,True,0.00047141264,0.99647945,0.0018071095,0.0012420068
Which of the following statements best illustrates active listening on the part of a second-grade teacher who is helping a student solve a personal problem?,"I have gathered the facts, and I know what really happened.","I understand you, and I know what is best for you.",I believe you understood the class rules.,I respect you as a person with your own ideas and feelings.,D,True,0.0012562145,0.018459935,0.0034147445,0.97686917
Which of the following stages is the first step in the writing cycle?,Outlining,Brainstorming,Publishing,Editing,B,True,0.03201846,0.9654195,0.0013010709,0.0012610412
Which of these is a government agency established to protect investors?,AAA,NBA,SEC,MADD,C,True,7.340934e-05,0.00086679385,0.99617296,0.0028868644
What character did Woody replace on the TV show 'Cheers'?,Coach,Diane,Norm,Frasier,A,False,0.09225908,0.37647465,0.483403,0.04786338
Which of the following rocks would most likely form from the metamorphism of a shale?,Granite,Quartzite,Schist,Marble,C,True,0.00033083602,0.011303559,0.9862083,0.002157322
"Which of the following states of matter is characterized by a closely packed arrangement of particles, resulting in a stable, definite shape and definite volume?",Solid,Liquid,Gas,Plasma,A,False,0.0018729162,0.0029929115,0.985473,0.009661237
How old is the Earth approximately?,"50,000 years",300 million years,4.5 billion years,no one knows,C,True,0.00014908335,0.022828287,0.9706834,0.006339186
"As part of a staffing strategy, a human resources manager hires new personnel through a hidden market. Which of the following best represents the use of a hidden market?",Posting the job opening to a social media Web site,Advertising the job opening on job posting Web sites,Receiving a recommendation from a current employee,Participating in a career fair at a local community college,C,True,0.047906943,0.19549023,0.70398736,0.05261548
What liqueur is used to make a Pink Lady cocktail pink?,grenadine,schnapps,triple sec,pernod,A,False,0.00012298992,0.0028433192,0.9965977,0.00043603714
What is the proper nautical use of an anchor?,to catch large fish,to calculate water depth,to hold a ship in place,to damage other boats,C,True,0.00012524494,0.0005701482,0.99913615,0.0001685355
In ice hockey which of the following is not a penalty?,hooking,charging,carving,butt-ending,C,True,0.08639041,0.31110385,0.35252684,0.24997897
"Ethan, a new preschool student, does not talk or play with other students during center time. Which of the following strategies will best help him develop interpersonal relationships?",Demonstrating empathy for Ethan when there is a conflict during center time,Modeling how to show appropriate affection in the classroom,Encouraging students to name and discuss their feelings throughout the day,Identifying a student to be Ethan's partner and participate in center time with him,D,False,0.04436039,0.21834949,0.44802406,0.28926608
If a business files under Chapter 11 what is it doing?,declaring bankruptcy,selling stock,buying a smaller,company suing the government,A,True,0.98881066,0.010646731,0.00034762808,0.00019500167
How many $100 bills does it take to equal one million dollars?,one thousand,five thousand,ten thousand,one hundred thousand,C,False,0.0033661595,0.017094769,0.016568817,0.96297026
A prekindergarten teacher is planning a lesson with a teaching objective of categorizing geometric objects by type of shape. Which of the following actions must children be able to perform successfully before the teacher teaches the lesson?,Identifying attributes of objects,Recognizing the position of whole numbers,Creating sets of objects using counters,Matching values with their numerical representatives,A,False,0.0106744,0.069605835,0.90266216,0.017057642
What former 'Today' show personality played a neighbor on the TV sitcom 'The Hogan Family'?,Jane Pauley,Willard Scott,Deborah Norville,Joe Garagiola,B,True,0.0054506557,0.97577876,0.007930657,0.010839922
"If one party to a contract is forced to sign, the contract is defined as",enforceable,executory,unilateral,voidable,D,False,0.0043028346,0.9890788,0.0030511667,0.0035671752
What was the name of the first ship to sail around the world?,Triton,Victoria,Magellan,Elizabeth II,B,False,0.0007473192,0.0093932105,0.9885479,0.001311586
Which of the following was a direct result of the First Opium War of 1839-1842?,The Chinese commissioner of trade in Canton (Guangzhou) banned the opium trade in that city.,China was forced to open some of its ports to international trade.,Chinese revolutionaries toppled the Qing dynasty.,Chinese leaders set out to remake their economy along Western lines.,B,True,0.078646876,0.90006584,0.010643697,0.010643697
What animal is considered sacred in India?,Sheep,Cow,Chicken,Dog,B,True,0.00015343814,0.9990375,0.0005439855,0.00026511736
In computer terminology what does the acronym 'FTP' stand for?,file transfer protocol,full time portal,full text processor,free to print,A,True,0.9899144,0.009406195,0.00046830685,0.00021108244
What is the art of elegant handwriting called?,calligraphy,engraving,decoupage,lithography,A,True,0.9969342,0.002800183,0.00019660371,6.9014386e-05
By what collective name do Christians refer to God the Father God the Son and the Holy Ghost?,the Trio,the Troika,the Triumvirate,the Trinity,D,True,6.703814e-05,0.00056130346,0.0002452153,0.9991265
In what year did the United States last win an Olympic gold medal in men's ice hockey?,1976,1980,1984,1988,B,True,0.066971175,0.3853925,0.2909095,0.25672674
What term describes the passing of genetic traits from one generation to the next?,heredity,heresy,homogeneity,hemoglobin,A,True,0.99696606,0.0027141173,0.000100418554,0.0002193343
Modern computer microchips are primarily composed of what element?,Sodium,Silicon,Aluminum,Silver,B,True,8.886823e-05,0.9997693,8.613405e-05,5.5612323e-05
The film 'Stand By Me' is based on a novel by what author?,Anne Proulx,Stephen King,Dean Koontz,Frank McCourt,B,True,0.00043718098,0.999212,0.00018224414,0.00016854829
What kind of car did Burt Reynolds drive in the movie 'Smokey and the Bandit'?,Lamborghini,Camaro,Corvette,Transam,D,False,0.0007423204,0.99739873,0.0014086765,0.00045024007
Which of the following is the best description of traditional phonics instruction?,Students study lists of high-frequency words in order to increase reading speed and comprehension.,"Students are taught individual letter sounds first, followed by letter combination sounds and the rules of putting these combinations together to make words.","Students are immersed in written language, and encouraged to decode entire words using context clues.",Students analyze patterns of organization and syntax as a way of learning to recognize common structures.,B,True,0.0012597966,0.99508214,0.0013410465,0.0023171206
Who composed the 'Moonlight Sonata'?,Mozart,Handel,Bach,Beethoven,D,True,7.4748204e-05,0.0010318671,0.00027772327,0.9986156
The first commercial radio station was located in what city?,Chicago,Austin,Pittsburgh,Cleveland,C,True,0.15460308,0.24322477,0.506924,0.09524819
Which of these is not a position on an American football team?,quarterback,tight end,striker,free safety,C,False,0.10814352,0.3894398,0.2084521,0.29396456
Which of these is not a type of primate?,baboon,marmot,orangutan,chimpanzee,B,True,0.054714173,0.58823276,0.09602636,0.2610267
In 1986 Libyan leader Muammar Qaddafi drew a so-called 'Line of Death' overwhat body of water?,Gulf of Sidra,Gulf of Oman,Red Sea,Persian Gulf,A,False,0.31547397,0.14901936,0.04689102,0.48861563
What is the nickname of Florida's controversial death row electric chair?,Old Yeller,Old Geezer,Old Smoky,Old Sparky,D,True,6.4948516e-05,0.0007668913,0.0004579317,0.9987103
The dance known as the 'fandango' is of what origin?,Australian,African,Native American,Spanish,D,True,6.295558e-05,0.00035113803,0.0007913018,0.99879456
In what restaurant can you order a Grand Slam breakfast?,Denny's,McDonald's,Burger King,Hardee's,A,False,0.02975738,0.89724344,0.0347899,0.038209233
Which of these minerals is hardest on the Mohs scale?,Corundum,Quartz,Apatite,Calcite,A,False,0.019810347,0.954516,0.007063597,0.0186101
Which of the following beverages is brewed from the leaves of a plant?,tea,coffee,ginger ale,wine,A,True,0.7537912,0.15314198,0.06383908,0.029227657
"According to Erik Erikson, the primary dilemma faced in adolescence is",industry vs. inferiority,identity vs. identity confusion,generativity vs. stagnation,integrity vs. despair,B,True,0.0019830633,0.9956469,0.0015687321,0.0008012299
What literary work is the source of the quote 'Abandon every hope all you who enter here'?,Paradise Lost',The Wizard of Oz',The Divine Comedy',Beowulf',C,True,0.20462862,0.19833286,0.49087855,0.10615993
What's the popular name of the breakfast meal consisting of sausages wrapped in pancakes?,ducks in a pond,pigs in a blanket,cows in a pasture,dogs in the oven,B,True,0.00034515493,0.9972366,0.0016989121,0.0007193646
Which of the following is not a TV cartoon duo?,Chip and Dale,Beavis and Butt-head,Simon and Garfunkel,Tom and Jerry,C,False,0.07649504,0.38847384,0.28421354,0.25081757
Which of these is not a 'lock' function on a standard desktop computer keyboard?,print lock,number lock,scroll lock,caps lock,A,False,0.020243993,0.14726491,0.46800694,0.36448416
The American patriot Paul Revere was named for his father whose original name was what?,John Paul Revere,Paul Silver,Apollos Rivoire,Paolo Reverini,C,False,0.13096966,0.7776027,0.067946166,0.023481566
Which of these movies does not star Jim Carrey?,Patch Adams',The Truman Show',Dumb and Dumber',The Mask',A,False,0.14987934,0.6310156,0.1281986,0.09090642
What is the name of Mario's brother in the 'Super Mario' video games?,Louis,Luigi,Luciano,Zelda,B,True,0.0001334023,0.99973375,8.748736e-05,4.5387842e-05
Who wrote the lyrics of the Frank Sinatra anthem 'My Way'?,Frank Sinatra,Kris Krist offerson,Carole King,Paul Anka,D,True,0.0045105275,0.20416206,0.008694269,0.7826331
In the movie Austin Powers: The Spy Who Shagged Me what is the name of Dr Evil's diminutive clone?,Little Buddy,Mini-Me,Small Fry,Dr Evil Jr,B,True,0.0008419285,0.9983109,0.00043678674,0.00041032315
What is the chemical process wherein a solid is turned to a liquid via the application of heat?,distillation,photosynthesis,freezing,melting,D,True,0.00047068883,0.0040030912,0.0005767,0.99494946
In what state is the 1999 movie Magnolia' set?,California,South Carolina,Georgia,Texas,A,False,0.29180405,0.5803216,0.0889952,0.038879123
How long is the time on an NBA shot clock?,18 seconds,24 seconds,30 seconds,35 seconds,B,False,0.009243478,0.09335583,0.8584842,0.0389165
The Pointillist paintings of Georges Seurat are most notable for containing which of the following characteristics?,An expressionistic use of broad brushstrokes and tactile surface texture,Lively figures created through the use of forceful lines,Static figures and a sense of optical surface movement,An emotional use of strident colors with a high degree of simplification,C,True,0.00031358653,0.002142975,0.99507695,0.0024665492
Backgammon is a how many player game?,Two,Three,Four,Six,A,False,0.00441244,0.9678265,0.022761097,0.0049999496
According to the children's nursery rhyme what type of ocean did Columbus sail in 1492?,calm,blue,windy,really big,B,True,0.05271505,0.42116556,0.130471,0.39564842
Which of these refers to an alcoholic drink laced with a knockout drug?,Zombie,Kamikaze,Mickey Finn,Molotov cocktail,C,True,0.00091155805,0.0064271097,0.9841467,0.0085145375
"Students are reading the following passage from the National Park Service's Web site. Ten miles long and nearly 500 feet deep (152.4 m meters), Lake McDonald, the largest lake in the park, is a direct result of glacial carving. High peaks surrounding the lake all show evidence of the power of glaciers to carve even the hardest of rock. The powerful glaciers that carved the broad U-shaped valley that Lake McDonald sits in also carved smaller hanging valleys with wonderful waterfalls that are accessible by numerous hiking trails. Which of the following best identifies the intended audience of the passage?",Scientists researching glacier development,Teachers interested in creating virtual park field trips,Academics studying the historical context of national parks,Families interested in visiting Lake McDonald,D,True,0.00057348155,0.0064613963,0.0035683222,0.9893968
How do you express 3/4 as a decimal?,0.25,0.5,0.75,0.9,C,True,0.01948236,0.3144293,0.6060784,0.06000989
What tea is known for its distinctive bergamot flavor?,Earl,Grey Darjeeling,English Breakfast,Prince of Wales,A,False,0.00718191,0.9705038,0.018921811,0.0033924938
"Science fiction: readers claim to either love it or loathe it; either they avoid it like poison or they devour favorite works and authors like chocolate addicts gulping down fudge truffles. The author of the passage compares certain readers with ""chocolate addicts"" primarily in order to",suggest that science fiction is not a serious literary genre,indicate the depth of certain readers' feelings about science fiction,explain why some readers consider science fiction to be dangerous,contrast the characteristics of science fiction with those of other literary genres,B,True,0.067192964,0.6375091,0.10086859,0.19442931
Which of these foods could contain small amounts of naturally occurring opium?,chocolate truffles,poppy seed bagels,carbonated soda,sesame chicken,B,True,0.0058417567,0.98243237,0.008499705,0.0032261242
What is the slowest wind speed a hurricane can have according to the Saffir-Simpson scale?,50 m.p.h.,74 m.p.h.,96 m.p.h.,110 m.p.h.,B,True,0.026687523,0.38010445,0.27809036,0.31511766
In which of the following bands did Jimmy Page not play guitar?,Bad Company,The Firm,Led Zeppelin,The Yardbirds,A,False,0.053026203,0.23033533,0.32482487,0.3918136
Which of these magazines does not focus on natural science?,Tiger Beat,Outside,National Geographic,Smithsonian,A,False,0.17457996,0.47455752,0.14027894,0.21058363
Which of the following artists is an English landscape painter who created a poetic sense of changing atmospheric effects by using tiny applications of local color?,John Constable,William Morris,William Hogarth,Joshua Reynolds,A,True,0.98649746,0.010295025,0.0028145032,0.0003929927
A flashing red traffic light signifies that a driver should do what?,stop,speed up,proceed with caution,honk the horn,A,False,0.041481744,0.013467151,0.94412017,0.0009308831
Which composer was famous for writing approximately 600 lieder?,Schubert,Beethoven,Liszt,Mozart,A,True,0.96735984,0.028312985,0.0011504987,0.0031766288
"Students in a fourth-grade science class are learning about processes that change Earth's surface. Which of the following is the best example of an agent that gradually shapes Earth's surface by taking bits of rock, soil, and other substances away from their original locations and depositing them in other locations?",Fire,Lightning,Water,Sunlight,C,True,0.37301326,0.043179415,0.48650098,0.09730632
What country does Bordeaux wine come from?,France,Spain,Australia,United States,A,True,0.9919952,0.0073409504,0.00029829965,0.0003654844
What is the loudest animal on earth?,African elephant,sperm whale,blue whale,Indian elephant,C,False,0.0014920087,0.9770114,0.014378705,0.0071179755
Which of these household pets should be vaccinated for parvovirus?,hamster,cat,dog,bird,C,True,0.0004925227,0.044335485,0.9479344,0.0072375685
Which color is not considered to be one of the primary colors of light?,red,yellow,green,blue,B,False,0.22927757,0.25980553,0.040469896,0.47044703
If someone has cataracts what part of their body might need an operation?,ear,hand,eye,knee,C,True,0.00011767772,0.00042377377,0.9993144,0.00014418177
"""I counted seven ministers all preaching at once . . . . Some of the people were singing, others praying, some crying for mercy in the most piteous accents."" The quotation above describes group participation in an event that was most characteristic of which of the following?",A meeting of the Pennsylvania Quakers during the time of the Revolution,A frontier camp meeting of the Second Great Awakening during the early nineteenth century,A presentation to a Chautauqua Assembly during the late nineteenth century,A convention of the Women's Christian Temperance Union during the late nineteenth century,B,True,0.093412146,0.83257335,0.04552544,0.028489092
In baseball how many balls make a walk?,one,two,three,four,D,False,0.0021757858,0.994649,0.001426915,0.001748293
What term describes a tribe that has no set homeland and wanders from place to place?,Nomadic,Pedantic,Schematic,Cathartic,A,True,0.99741274,0.0023225474,0.0001416763,0.0001230905
What is the official language of The Netherlands?,Danish,Swedish,German,Dutch,D,True,8.744243e-05,0.00046538064,0.0002268084,0.9992204
Which of these foods is not traditionally considered kosher?,citrus fruits,barley,chicken,shellfish,D,True,0.09861761,0.2518289,0.2944178,0.35513568
The use of inexpensive labor in Asian countries by footwear companies based in the United States and Europe is an example of which of the following?,Primary economic activity,Global division of labor,Intervening opportunity,Global-local continuum,B,True,0.006001622,0.9782642,0.012314529,0.0034196211
Which one of the following instruments is used to measure humidity?,anemometer,ammeter,hygrometer,barometer,C,True,8.0714985e-05,0.0010799546,0.99729234,0.0015469635
"Jacques, Hedwig, and Reyes want to form a business entity through which they can raise capital by selling equity shares to the public. Which of the following business structures should they adopt?",LLC,PC,Corporation,LLP,C,True,0.0017912094,0.014310823,0.9723989,0.01149907
In the Arthurian legend who is married to Guinevere?,Merlin,King Arthur,Lancelot,Camelot,B,True,0.019249173,0.9569183,0.019860204,0.003972291
What does the 'ROM' in CD-ROM stand for?,Really Obscure Memory,Run-Other Memory,Random Object Memory,Read-Only Memory,D,True,5.6477762e-05,0.00025311578,0.0001038785,0.9995865
In the card game blackjack how much are a queen and a king worth-together?,11,15,20,21,C,False,0.010246149,0.06681328,0.08315048,0.8397901
Which of these performers made her film debut in Spike Lee's 'Dothe Right Thing'?,Jennifer Lopez,Rosie Perez,Paula Abdul,Tisha Campbell,B,True,0.005116656,0.990417,0.0019726467,0.0024936588
"A farmer buys a new tractor for $40,000 and expects to use it for 20 years, after which the tractor will have a salvage value of $10,000. What is the straight-line depreciation that can be taken for the first year of ownership?",1500,1667,2000,2250,A,False,0.12393629,0.43258014,0.27929473,0.1641889
In which kind of geometry is the sum of the angles inside a triangle exactly equal to 180 degrees?,elliptical,euclidean,hyperbolic,linear,B,True,0.00037973345,0.99895954,0.00045094464,0.00020970873
Which of the following short-run costs always increases as output increases?,Average total cost,Marginal cost,Total fixed cost,Total variable cost,D,False,0.003811302,0.99274206,0.0014693878,0.0019772775
"The book announced an insane world of dehumanization through terror in which the individual was systematically obliterated by an all-powerful elite. Its key phrases‚ÄîBig Brother, doublethink, Newspeak, the Ministry of Peace (devoted to war), the Ministry of Truth (devoted to lies), the Ministry of Love (devoted to torture)‚Äîburned their way at once into the modern consciousness. The passage above discusses",E.M. Forster's A Passage to India,Thomas Pynchon's V.,George Orwell's 1984,Flannery O'Connor's The Violent Bear It Away,C,True,0.0081233615,0.031630408,0.9537189,0.0065273037
What is the capital of New Zealand?,Sydney,Wellington,Auckland,Melbourne,B,True,0.00031478,0.99886405,0.00041701575,0.0004041855
What popular toy is featured in the film 'The Hudsucker Proxy'?,Beanie Babies,Hula Hoop,Lincoln Logs,Lite Brite,B,False,0.014429177,0.28090099,0.11000242,0.59466743
What is the most popular month for weddings in America?,January,May,August,November,C,False,0.001750084,0.99566793,0.0010614796,0.0015204994
Which of the Three Stooges was not related to the others?,Moe,Larry,Curly,Shemp,B,False,0.08043678,0.21864985,0.10656142,0.5943519
What is the name for the thin board used to mix colors while painting?,pestle,easel,shoe,palette,D,True,0.00012321984,0.0012251826,0.00019084664,0.99846077
Which of these foods could you catch at sea?,shallot,stollen,scallop,scone,C,True,0.0010895528,0.0041766833,0.99055696,0.0041766833
If a ring has the number 925 stamped into it it is most likely made of what material?,platinum,gold,steel,silver,D,True,0.0003707166,0.00830666,0.0007258278,0.9905968
Which of the following questions can a student ask to best determine whether an author is using the persuasive technique of pathos in a passage?,Does the author use tone and style to convey authority on the subject to the audience?,Does the author use credible and reliable sources to convince the audience of the argument?,Does the author use facts and sound reasoning to substantiate claims made to the audience?,Does the author use personal connections and stories to appeal to the audience's emotions?,D,True,0.00018731823,0.003590095,0.00078863924,0.99543387
During which war did US troops fight the Battle of New Orleans?,American Revolution,Civil War,Mexican War,War of 1812,D,True,0.00026033726,0.0015947589,0.0016712932,0.9964736
What animal is used to make lard?,pig,cow,snake,chicken,A,True,0.99118257,0.008311572,0.00032227463,0.00018362653
"If the permeability of subsoil is rapid, the subsoil texture is most likely classified as",coarse,medium,fine,silty,A,False,0.062181488,0.21035726,0.238366,0.48909527
"A passage Jane Eyre is as follows. This was all the account I got from Mrs. Fairfax of her employer and mine. There are people who seem to have no notion of sketching a character, or observing and describing salient points, either in persons or things: the good lady evidently belonged to this class; my queries puzzled, but did not draw her out. Mr. Rochester was Mr. Rochester in her eyes, a gentleman, a landed proprietor‚Äìnothing more: she inquired and searched no further, and evidently wondered at my wish to gain a more definite notion of his identity. Mrs. Fairfax differs from the speaker in that Mrs. Fairfax",has more interest in the complexities of people's personalities,judges people by their social station in life,is more willing to take people at face value,has a more positive opinion of Mr. Rochester,C,False,0.23341852,0.37300172,0.25636008,0.13721967
Earth's seasons are caused by which of the following?,The tilt of Earth's axis of rotation relative to the ecliptic as Earth revolves around the Sun,The varying amount of sunspot activity,Earth's orbit about the Sun as an ellipse rather than a circle,The rotation of Earth during a 24-hour day,A,True,0.9900467,0.008837483,0.00060139823,0.00051440316
According to the Bible Moses and Aaron had a sister named what?,Jochebed,Ruth,Leah,Miriam,D,False,0.3275423,0.46190867,0.14995979,0.06058923
Where is the Frank Lloyd Wright-designed house known as Falling Water?,Connecticut,Pennsylvania,Illinois,New York,B,True,0.00023330528,0.99621946,0.0029324626,0.00061467756
In the story 'Jack and the Beanstalk' what does Jack trade to get the magic beans?,a cow,a hat,a harp,a goose,A,False,0.2732095,0.5967445,0.032630224,0.09741586
Which of these vitamins was the first to be named?,Vitamin A,Vitamin-12,Vitamin E,Vitameat avegimen,A,True,0.9930646,0.005904978,0.0006223801,0.00040816682
How many water molecules are in a human head?,8*10^21,8*10^23,8*10^25,8*10^27,C,False,0.032147586,0.23754032,0.28652832,0.44378373
Who wrote musicals with Oscar Hammerstein II?,Richard Rodgers,Rogers Hornsby,Gilbert O' Sullivan,George Rogers Clark,A,True,0.6667818,0.3149654,0.010610434,0.007642409
If Christmas Day is on a Saturday then the following New Year's Day falls on what day of the week?,Sunday,Monday,Friday,Saturday,D,True,0.07919275,0.15749359,0.07919275,0.68412095
What Mexican holiday takes place on May 5th?,Mexican Independence Day,Santa Anna's Birthday,Cinco de Mayo,Christmas,C,True,0.00014599232,0.002547656,0.99617577,0.0011305155
Which of the following is a type of bacterium that produces a toxin in food under anaerobic conditions?,Clostridium botulinum,Clostridium tetani,Mycobacterium bovis,Staphylococcus aureus,A,True,0.9712839,0.025087478,0.003091384,0.00053720194
Which of the following lists the gases that were most likely the largest components of Earth's early atmosphere?,N_2 and O_3,C_2H_4 and O_2,"Ne, Ar, Kr, and Rn","N_2, H_2O, CO_2, CH_4, and NH_3",D,False,0.0003563275,0.010577403,0.9521475,0.036918763
What disease is characterized by a body's inability to properly metabolize glucose?,Influenza,Septicemia,Diabetes,Arthritis,C,True,3.87958e-05,0.00046530215,0.99905187,0.00044399442
Who co-founded Microsoft with Bill Gates?,Steve Jobs,Steve Wozniak,Paul Williams,Paul Allen,D,True,0.00055025384,0.09253847,0.0010606421,0.90585065
Who was the first First Lady to run for political office?,Hillary Clinton,Rosalynn Carter,Bess Truman,Eleanor Roosevelt,A,False,0.0030018894,0.8194365,0.055763353,0.12179836
Who or what was Big Bertha?,a comet,a World War I gun,a pro wrestling champion,a giant Muppet,B,True,0.0005104628,0.99793434,0.00086832646,0.0006869028
To ward off bad luck what do many people do to wood?,knock on it,kiss it,thank it,scratch it,A,False,0.006767283,0.9144746,0.014551946,0.0642062
What kind of flying contraption is featured in the movie 'Chitty Chitty Bang Bang'?,boat,car,truck,bike,B,True,0.023112042,0.93774563,0.027878443,0.011263909
"What is the name of the disease that has been referred to as the ""disease of kings""?",hemophilia,jaundice,rubella,syphilis,A,False,0.00899821,0.010853914,0.0031096984,0.97703815
Among these elements which one has the highest atomic mass?,Helium,Sodium,Uranium,Copper,C,True,0.0052035674,0.04157377,0.9171027,0.036119916
What car company once manufactured and sold the 'Datsun' line of automobiles?,Nissan,Mazda,Toyota,Daihatsu,A,True,0.826476,0.13920127,0.017697455,0.016625222
Which part of the electromagnetic spectrum has the shortest wavelength?,Gamma rays,X-rays,Radio waves,Microwaves,A,False,0.00079307833,0.008009807,0.9855173,0.0056798044
Which of the following is a renewable energy source?,Wood,Oil,Natural gas,Coal,A,False,0.0003680461,0.007392403,0.9834609,0.008778696
A _ is a plant cell that helps control the passage of materials into and out of the stomates.,Cell membrane,Cytoplasm,Guard cell,Cellulose,C,True,0.0010545204,0.008039252,0.98914015,0.0017659892
Which of the following has reduced the power of political parties?,An increase in the number of direct primary elections,A surge in soft-money campaign contributions,Stricter voter registration requirements,A decline in the number of political action committees,A,False,0.034494694,0.28882056,0.50689584,0.16978884
Poverty as defined by the United States government is best understood as,the index value of government services such as Medicaid and public housing,the concept of relative deprivation and is based on changes in the distribution of income,an absolute level set in the 1960s and since adjusted to reflect inflation at the consumer level,a concept based on lifestyle and measured on a sliding scale based on the needs of an individual,C,True,0.02798866,0.37448415,0.5800124,0.017514857
What internet company goes by the acronym AOL?,America Over Lines,America Online,Americans On Links,Americans On LOR,B,True,0.000951958,0.9961428,0.001923008,0.0009821763
What was the original name of the Apple Macintosh XL computer?,Lisa 2,Mac Daddy,Granny Smith,Orange XL,A,False,0.058860175,0.7170637,0.12077324,0.10330283
What country is famous for making wooden shoes?,Russia,Thailand,The Netherlands,Australia,C,True,4.6081524e-05,0.00038583588,0.9992768,0.0002912442
A knish is traditionally stuffed with what filling?,potato,creamed corn,lemon custard,raspberry jelly,A,False,0.36343148,0.49675193,0.070454404,0.06936211
Including the bottom how many sides are on a square-based pyramid?,three,four,five,six,C,False,0.064784646,0.5774193,0.17610294,0.18169303
Which of these is not a traditional Greek dish?,sukiyaki,souvlaki,moussaka,finikia,A,False,0.106950745,0.31929597,0.13732748,0.43642583
What color is Pepto-Bismol liquid?,pink,blue,clear,green,A,False,0.0044254493,0.032192927,0.25321698,0.7101646
Which of the following groups was converted to Christianity in the tenth century AD by missionaries from the Byzantine Empire?,Franks,Visigoths,Russians,Anglo-Saxons,C,False,0.08338802,0.11759596,0.020118296,0.7788977
"A passage from Zora Neale Hurston's Their Eyes Were Watching God is as follows. The people all saw her come because it was sundown. The sun was gone, but he had left his footprints in the sky. It was the time for sitting on porches beside the road. It was the time to hear things and talk. These sitters had been tongueless, earless, eyeless conveniences all day long. Mules and other brutes had occupied their skins. But now, the sun and the bossman were gone, so the skins felt powerful and human. They became lords of sounds and lesser things. They passed nations through their mouths. They sat in judgment. Which of the following is the best way of describing the last three sentences of the passage (""They became . . . in judgment"") ?",The sentences emphasize the weariness the sitters feel after a long day's work.,The sentences are used to paint a picture of the way in which the sitters wish they spent their evenings.,The sentences are a vivid way of describing the ease and authority the sitters feel during the evening.,The sentences highlight the contrast between the feelings of the sitters and the feelings of the bossman.,C,False,0.053586338,0.2256069,0.27213386,0.4486729
What Native American tribe did chief Crazy Horse lead?,Apache,Comanche,Sioux,Iroquois,C,True,0.0001173627,0.0014076038,0.99663925,0.0018358616
Which of the following people would benefit most if the value of the United States dollar increased relative to the Japanese yen?,A United States car dealer importing Japanese cars,A Japanese tourist vacationing in the United States,A worker in the United States beer industry,A Japanese baker buying United States wheat,A,False,0.19579443,0.66236407,0.07202875,0.069812655
What is the fundamental basis of competition in a market with poorly differentiated products?,Promotion,Product placement,Price,Value proposition,C,True,0.0007871327,0.0022075684,0.9935323,0.0034729922
The phrase 'hospital corners' refers to what?,bed sheets,paint,landscaping,scissors,A,True,0.9793914,0.01793818,0.0014496271,0.0012207084
What sporting event is held annually on Memorial Day weekend?,Iditarod,Kentucky Derby,Indianapolis 500,Super Bowl,C,False,0.00043359894,0.024425182,0.058592968,0.91654825
"A student comes across the unfamiliar words ""intercontinental,"" ""interglacial,"" ""interface,"" and ""intercept"" in his reading. The student can use his knowledge of affixes to understand that all of the words share which meaning?",between; among,not; opposite of,earth; environment,under; too little,A,False,0.05748926,0.58062094,0.20065723,0.1612326
"Ballad opera, opera buffa and opéra comique shared which feature?",They contained da capo arias,They began with a French overture.,They focused on everyday problems.,They contained obbligato recitative.,C,True,0.12288262,0.22957495,0.56820345,0.079338975
What is the national animal of Australia?,koala,kangaroo,platypus,alligator,B,True,0.00076652877,0.9982382,0.00057860627,0.00041675445
"In weaving, the vertical and horizontal threads in a loom are called the",bobbin and quill,shuttle and paddle,ply and twist,warp and weft,D,True,5.470235e-05,0.0009397902,0.00010878861,0.9988967
The majority of calcium in the human body is found where?,Hair,Blood,Bones,Digestive tract,C,True,0.0001267739,0.0038224817,0.9956541,0.00039664045
Which of these is made from cacao seeds?,marzipan,soy sauce,chocolate,anchovies,C,True,0.000117572425,0.0010644138,0.99842024,0.00039774238
Which of the following charts is used in advanced manufacturing to record results data for a preproduction process?,R chart,Run chart,X-bar chart,Pareto chart,B,True,0.00088160444,0.9974861,0.0007083891,0.00092391355
A first-grade teacher is planning activities to introduce students to nonstandard units of measurement. Which of the following activities will best meet the teacher's goal?,"Asking students to stand in a line, from the shortest person to the tallest",Asking students to use pencils to measure the length of a desk,Asking students to determine how many one-liter bottles of water can fill a onegallon container,Asking students to use a measuring tape to measure the length of the classroom door,B,True,0.12459424,0.3719697,0.2556508,0.24778524
"When scanning a drive for viruses, it is typically important to check files having which of the following extensions?",.jpg,.pdf,.wav,.exe,D,True,1.9828669e-05,0.0001609154,7.6011056e-05,0.9997433
What term describes a word created by rearranging the letters of another word?,onomatopoeia,malapropism,anagram,antonym,C,False,0.06575273,0.47090253,0.45641437,0.0069302865
What biological process replicates DNA?,molting,mitosis,diffusion,peristalsis,B,True,0.00029582862,0.99927,0.00020016766,0.0002340197
Louis Pasteur developed which vaccine?,polio,rabies,smallpox,anthrax,B,False,0.0004917752,0.0068956553,0.9919191,0.00069351424
Which of these planets has no known moon?,Neptune,Mercury,Mars,Saturn,B,True,0.14999862,0.47669464,0.06552955,0.3077772
According to a Yale University study what smell is the most recognizable to American adults?,tuna,laundry,popcorn,coffee,D,False,0.011078841,0.6240853,0.19946966,0.16536614
According to the USDA which food group should you eat the most servings of per day?,vegetables,dairy,meats,breads,D,False,0.46252868,0.066633575,0.19893111,0.27190655
Which of these organs comes in A pair?,liver,kidney,stomach,gallbladder,B,False,0.04451066,0.07934883,0.009626105,0.8665144
"Carmen spends her entire weekly income on two goods: X and Y. At her current consumption level of the two goods, the marginal utility of the last dollar spent on good X is 5 and the marginal utility of the last dollar she spent on good Y is 10. To maximize her utility, Carmen should",maintain her current consumption level of the two goods,buy fewer units of X and more units of Y,buy fewer units of Y and more units of X,buy fewer units of both X and Y,B,True,0.063008584,0.48035288,0.14649935,0.31013912
The British dish 'bangers and mash' is made up of sausage and what?,eggs,bacon,liver,potatoes,D,True,0.00035834513,0.010637296,0.001069821,0.98793447
Where are fireworks first known to have been developed?,Italy,China,Great Britain,Greece,B,True,0.0002607631,0.9981035,0.0012057563,0.00042992563
What is the name of the Swedish company that specializes in affordable furniture?,Gambro,Electrolux,Saab,IKEA,D,True,5.3040356e-05,0.00042376458,0.00023039679,0.99929273
A committee of middle school teachers is meeting to begin the process of finding a software program to improve students' drafting skills. Which of the following steps should the committee take first in the process?,Downloading a trial version of the most popular software for evaluation,Conducting a survey to determine the importance of drafting skills in the classroom,Defining the learning objectives they would like the software to meet,Deciding what type of user interface would be most appropriate,C,False,0.07374567,0.69967943,0.18831617,0.03825875
Which of the following words cannot be decoded through knowledge of letter-sound relationships?,Flight,Said,Things,Lamp,B,True,0.07132759,0.5353433,0.09302872,0.30030036
In what country are police officers referred to as 'bobbies'?,Israel,Greece,England,France,C,True,4.5351993e-05,0.0008165426,0.9989441,0.00019394586
The ability to do which of the following is a characteristic of all living organisms?,Move from place to place,Detect and respond to changes in the environment,Produce sugars by photosynthesis,Produce heat to maintain a constant internal temperature,B,True,0.0010793238,0.99670994,0.0013019132,0.00090888183
In 1924 the United States Congress passed a bill that significantly altered immigration patterns by,suspending further immigration from Latin America,making it illegal for employers to hire or recruit undocumented workers,"promoting family unification, enabling close relatives of people already resident in the United States to be admitted","reducing immigration quotas sharply, leading to a dramatic decline in immigration",D,True,0.0066850577,0.04497581,0.04497581,0.9033633
Astronomers have proposed that the solar system formed from a vast rotating cloud of gas and dust. This explanation is known as which of the following?,Kepler's laws,Big bang theory,Cosmic string theory,Nebular hypothesis,D,True,0.0008050716,0.013616756,0.00066742784,0.9849107
"The term that best describes an artwork that incorporates theatrical elements such as body movement, audience participation, music, and projected images is",mimesis,installation art,performance art,digital collage,C,True,0.00028466457,0.005717641,0.9920825,0.0019151698
What substance was used for blood in the famous shower scene from the movie 'Psycho'?,tomato juice,red wine,chocolate syrup,ketchup,C,False,0.03297879,0.4344104,0.11156582,0.42104498
What is actor Antonio Banderas native language?,Spanish,Russian,German,French,A,True,0.99438226,0.0046049035,0.00060403184,0.0004087084
A preschool teacher is teaching students to forward roll. Which of the following is a problem most characteristic of preschoolers' forward rolling?,Keeping the chin tucked,Keeping the knees and hips flexed,Losing the curl,Using the hands to cushion the head contact,C,False,0.07757518,0.5914029,0.21087119,0.12015079
John Rockefeller made his fortune in what industry?,automobile,oil,steel,railroad,B,True,0.0002693102,0.9991037,0.000203286,0.00042368443
What is the name of the South African political party that was headed by Nelson Mandela?,African National Congress,South African Democrats,Inkatha Freedom Party,Aryan National Assembly,A,True,0.993802,0.005380536,0.0006948307,0.00012264491
A kindergarten teacher notices that a new student who is from a foreign country is being excluded from play by a majority of the other students. Which of the following activities is best to help the class become aware of the common interests they share with the new student?,Inviting a member of the new student's family to discuss the family's culture with the class,Creating a chart with the class that shows the many ways students in the class are similar,Using a globe to show the class which country the new student's family comes from,Asking the class to help the new student learn the classroom rules by having students role-play,B,True,0.035049185,0.7039817,0.0654805,0.19548865
How many periods are there in an ice hockey game?,One,Two,Three,Four,C,False,0.00094155094,0.9852527,0.00879469,0.005011063
Which of the following parts of the Sun is easily visible only during a total solar eclipse?,Core,Photosphere,Sunspots,Corona,D,True,0.0028515751,0.022081641,0.006326496,0.9687403
In what decade was the Hula-Hoop invented?,1890s,1920s,1950s,1970s,C,True,0.00012344494,0.018902421,0.96950924,0.0114648985
Which of the following sequences of events is consistent with the presence of a layer of sandstone in bedrock just above a layer of shale?,"A volcano erupted, sending lava out over a layer of shale. The lava cooled and hardened into sandstone.",The water level of a large lake lowered. A beach then formed where previously there had been lake bottom.,"One-celled organisms developed a colony on the seafloor. Shells made by these organisms accumulated and lithified, forming the sandstone.",Mud was deposited and lithified. Subsequent contact metamorphism resulted in localized recrystallization of the shale into sandstone.,B,False,0.081979595,0.19665882,0.6057518,0.11560976
In what US city can you find the Basketball Hall of Fame?,Canton Ohio,Cooperstown New York,Springfield Massachusetts,Lawrence Kansas,C,False,0.00015338621,0.9986993,0.0007432883,0.00040411885
Which of the following concepts in Robert's Rules of Order requires that motions be dealt with in order of importance?,Order of business,Orders of the day,Order of precedence,Point of order,C,True,0.037275665,0.11481713,0.822288,0.025619164
When it first appeared on the Internet amazoncom sold only what?,Books,Compact discs,Cars,Clothes,A,True,0.71215993,0.25392845,0.009542948,0.024368772
How many digits are in a standard Visa credit card number?,12,15,16,20,C,True,0.004235783,0.0824604,0.88653284,0.026770972
"A passage Jane Eyre is as follows. This was all the account I got from Mrs. Fairfax of her employer and mine. There are people who seem to have no notion of sketching a character, or observing and describing salient points, either in persons or things: the good lady evidently belonged to this class; my queries puzzled, but did not draw her out. Mr. Rochester was Mr. Rochester in her eyes, a gentleman, a landed proprietor‚Äìnothing more: she inquired and searched no further, and evidently wondered at my wish to gain a more definite notion of his identity. The passage suggests that the speaker would describe the ""account"" mentioned in the first sentence as",enlightening,mystifying,deficient,erroneous,C,False,0.059689336,0.7502477,0.13037351,0.059689336
What is the birthstone for the month of January?,topaz,garnet,opal,diamond,B,False,0.011958547,0.14120267,0.008479879,0.8383589
Who kills Tony at the end of the film 'West Side Story'?,Riff,Chino,Bernardo,He kills himself,B,False,0.012322204,0.03678731,0.016842457,0.93404806
In what country did Magic Johnson play professional basketball during the 1999 season?,United States,Sweden,Israel,Turkey,B,False,0.068616666,0.37677965,0.41381148,0.14079225
According to the Mother Goose nursery rhyme which child is full of woe?,Monday's child,Wednesday's child,Thursday's child,Saturday's child,B,True,0.15132461,0.5800865,0.102391355,0.16619758
What is called a 'lorry' in Britain?,a toaster,a truck,a babysitter,an elevator,B,True,0.00015840934,0.99967194,0.00012145666,4.831212e-05
What newspaper do Lois Lane and Clark Kent work for?,The Bugle,The Daily Planet,The Metropolis Tribune,The New York Times,B,True,0.00030031768,0.9987062,0.00042351586,0.0005699028
Which of the following should a computer user do to prevent screen-induced eyestrain?,Use eye drops regularly,Change choice of software programs,Limit the resolution on the monitor,Take periodic breaks to view natural lighting,D,True,0.00041142435,0.0055914847,0.008525996,0.9854711
What percent of the observable universe has received radio transmissions from Earth?,10^-24 %,10^-29 %,10^-34 %,10^-39 %,A,False,0.08477523,0.34593588,0.223353,0.34593588
Where is Ghirardelli Square located?,Milan,Rome,Washington DC,San Francisco,D,True,0.000114042494,0.0004510468,0.00024909168,0.99918586
"A research report states that a special education program for children aged 3-5 under study increases their chances of success in future schooling. Therefore, implementing a similar education program for all children will improve them in the future opportunities for success in school education. Which of the following best illustrates the logical loopholes summarized above?",Children's cognitive abilities are constantly changing at the age of 3-5,Establishing such education and training programs on a national basis requires a special public expenditure,Many parents mistakenly believe that early formal education will occupy the time that children would have been able to better explore the world independently,Investigators are unaware that they include a large group of children who have previously received another education,A,False,0.09120843,0.39619133,0.24030219,0.27229807
"The traitor is a traitor, so you are a traitor, so I am a patriot.The words of a patriot are the most valuable, so my words are good.Since my words are good, you are undoubtedly a traitor! Which of the following makes the same logical mistake as above?","Literature and art are not worthy of attention. Modernization must relies on science and technology, so science and technology are worthy of our attention. But literature and art are not science and technology.","Non-university can also become an outstanding talent. Gorky, Edison, Faraday, Franklin, etc. have not attended college, but they have all become outstanding talents.","The earth is a sphere, which can be proved from the fact that when we stand at a height and watch the sailing boat in the sea, we always see the mast first and then the hull. The reason for this is because the earth is a sphere.",I saw them coming out of this chemical plant several times before I realized that this young man who was eager to help patients was originally a worker in this chemical plant.,C,False,0.39379802,0.34752554,0.15910879,0.09956773
"The tobacco industry has a lot of money, and it is expected to continue to do so. Last year, the total amount of tobacco sold by American tobacco farmers increased significantly, but the number of smokers in the country continued to decline. If the following are true, they can be the reason for the above phenomenon, except:",More women start smoking this year than men who have quit.,People who continue to smoke consume more tobacco than in previous years.,The number of people who started smoking grass or taking snuff this year is more than the number who have given up smoking.,More cigarettes produced in the U.S. are exported to other countries this year than last year.,A,False,0.20111233,0.42575482,0.20111233,0.1720205
Which of the following is most characteristic of gesture drawing?,An outline,Action and movement,Gradual shading,Carefully observed details,B,True,0.000410621,0.9990356,0.000319792,0.00023396479
What type of meat is on a traditional Reuben sandwich?,turkey,bologna,corned beef,pepperoni,C,True,6.199927e-05,0.0007095441,0.99911255,0.0001158299
Which of the following is the best source of objective information about a prospective employer that is publicly traded?,Annual reports,Press releases,Newspaper articles,10-K filings with the SEC,D,True,7.357751e-05,0.0009104732,0.0005609263,0.99845505
What children's TV character is known as 'Da Niao' in China?,Barney,Big Bird,Mickey Mouse,Tinky Winky,B,False,0.036937688,0.27293468,0.35045505,0.33967268
On Valentine's Day 2000 NASA's NEAR spacecraft began a yearlong orbit of what asteroid?,Eros,Cupid,Aphrodite,Venus,A,True,0.9834013,0.012772153,0.0021511817,0.001675342
"The gasoline tank in a car holds 15 gallons when full. If there are 7 gallons of gasoline in the tank, how many gallons of gasoline are needed to fill the tank? Which of the following is most appropriate to use to correctly answer the question shown?",Multiplication,Subtraction,Estimation,Division,B,False,0.11112044,0.3165527,0.44641083,0.12591596
What cartoon character traveled in a time machine with Mr Peabody?,Rocky,Jonny Quest,Underdog,Sherman,D,False,0.0037842572,0.9856976,0.0045646853,0.0059534726
Which of these is a type of a artwork consisting of pieces of wood inlaid in geometric patterns?,marquetry,parquetry,harquetry,sharquetry,B,False,0.67792076,0.3202271,0.0014829456,0.00036913436
What term describes someone who does not believe in the existence of God?,hedonist,deist,agnostic,atheist,D,True,7.598811e-05,0.00026940124,0.00021311392,0.99944144
What animated character has a crush on the Little Red Haired Girl?,Richie Rich,Charlie Brown,Bugs Bunny,Jonny Quest,B,True,0.0022794611,0.994325,0.002836835,0.000558606
Which of these dishes is made from pig intestines?,haggis,chitlins,grits,chop suey,B,False,0.9672203,0.028308902,0.0027167227,0.0017540482
Water's high heat capacity allows it to,change density significantly as its temperature changes,gain and lose large amounts of heat without significantly changing the temperature of the water,conduct sound efficiently without significant loss of velocity as the sound waves travel long distances,cause the ocean's surface temperature to fluctuate rapidly as the seasons change,B,True,0.0032767938,0.982392,0.0049965135,0.009334717
Which of the following is the government regulator for all securities firms operating in the United States?,Federal Trade Commission,Federal Deposit Insurance Corporation,Federal Reserve Board,Financial Industry Regulatory Authority,D,True,0.0007776524,0.006021879,0.07110441,0.922096
Which of the following elements is a metal?,S,Se,I,Ga,D,True,0.10428177,0.17193156,0.17738926,0.5463974
How many ribs are there in the human body?,18,24,30,42,B,True,0.021030193,0.47864497,0.3968106,0.10351424
Which of these snakes is poisonous?,anaconda,boa constrictor,copperhead,python,C,False,0.0063950135,0.69437945,0.23258798,0.06663757
What's unique about a skeleton key?,It opens many locks,It's made of bone,It's extremely old,It hangs in a closet,A,False,0.0015712505,0.9972453,0.0007538942,0.00042955598
What color is a ruby?,red,black,yellow,blue,A,True,0.994926,0.0046074213,0.00024418437,0.00022233241
In the 1960s 'Batman' TV series who was not a guest villain?,The Minstrel,The Archer,The Bookworm,The Squeegee Guy,D,False,0.057895835,0.51601994,0.18983313,0.23625113
Which of these is commonly used to treat allergies?,antimatter,anticoagulants,antiseptics,antihistamines,D,True,4.8300204e-05,0.00033526987,0.00019103102,0.9994254
"How many ships did Columbus set sail with on his initial voyage to ""the New World""?",Two,Three,Five,Ten,B,True,0.014055059,0.9700595,0.012598874,0.0032866127
What does the acronym 'REM' stand for?,random energy module,rapid eye movement,red entertainment machine,really energetic music,B,True,0.0001140512,0.99926215,0.00020016608,0.0004237516
Where did the Exxon Valdez run aground in March of 1989?,Monterey Bay,Prince William Sound,Cape Cod,Gulf of Mexico,B,True,0.00022661457,0.9983664,0.000896278,0.0005106838
What is the name of the baby who appears in cartoons and comic strips with Popeye the Sailor?,Pun'kin,Lamikins,Suga'baby,Swee'pea,D,True,0.0006424026,0.0041889916,0.0016925056,0.9934761
A geographer beginning a study of the cultural landscape within a specific region would most likely benefit from which of the following activities?,Describing and mapping the building types on a plat map,Determining how many cars travel along the highway system,Establishing the percentage of adults with a college education,Graphing and analyzing economic data for the past century,A,False,0.04965917,0.7072845,0.19640581,0.046650473
Fragile works of sculpture can be displayed most securely by placing the works,in glass-paneled cases,on a series of pedestals,on wall-mounted shelves with sturdier works around them,"in shadow boxes with signs that read ""Do Not Touch""",A,False,0.0038498668,0.73365474,0.2535443,0.008951208
In the Jimmy Buffet song 'Margaritaville' what is the singer searching for?,a lime,a shaker of salt,his car keys,the bartender,B,False,0.037784137,0.25420457,0.3264051,0.38160625
Which of the following actions by the Federal Reserve System would be most likely to increase consumer spending?,Increasing the discount rate to member banks,Decreasing the discount rate to member banks,Selling large amounts of government securities,Keeping reserve requirements of member banks constant,B,True,0.03339186,0.75999516,0.11296319,0.093649775
Which one of these is NOT a mineral?,Quartz,Lithium,Diamond,Calcite,B,True,0.11828499,0.41285518,0.16680858,0.3020513
According to the title of a popular children's TV show what color is Bear's big house?,red,green,purple,blue,D,True,0.012501185,0.15960443,0.017356176,0.8105382
Which of these rocks will float In water?,granite,limestone,shale,pumice,D,True,0.0004904093,0.0066649346,0.0036807263,0.989164
Who is the twin sister of 'Dear Abby' columnist Abigail VanBuren?,Martha Stewart,Dr Ruth Westheimer,Ann Landers,Miss Manners,C,True,0.004362981,0.057471003,0.927535,0.010631067
Which of the following would be provided in the marketing segment of a business plan?,How the products and services will be priced,The organizational structure of the business,Any factors that could affect employee retention,The details of the budget plan,A,True,0.34786296,0.34786296,0.14501086,0.15926327
"From the very beginning, I wrote to explain my own life to myself, and I invited any readers who chose to make the journey with me to join me on the high wire. I would work without a net and without the noise of the crowd to disturb me. The view from on high is dizzying, instructive. I do not record the world exactly as it comes to me but transform it by making it pass through a prism of fabulous stories I have collected on the way. I gather stories the way a lepidopterist hoards his chloroformed specimens of rare moths, or Costa Rican beetles. Stories are like vessels I use to interpret the world to myself. ----------Pat Conroy Which of the following best describes the organization of the passage?",The author provides several explanations for taking a certain course of action.,The author uses analogies to explain his experience of a particular action.,The author makes a comparison between his own experiences and that of others in his profession.,The author chronicles the various phases of his work in a particular discipline.,B,True,0.1040395,0.37466064,0.22025162,0.30104828
What is the normal playback speed of a 12'' long-playing record?,12 1/2 rpm,33 1/3 rpm,45 rpm,100 rpm,B,False,0.0039969943,0.056928307,0.91877633,0.020298414
During what war did Francis Scott Key write the words to 'The Star-Spangled Banner'?,American Revolution,War of 1812,Civil War,World War I,B,True,0.0007071772,0.99577963,0.0013006979,0.0022125617
What are the names of Donald Duck's three nephews?,Quick Quack Quock,Alvin Simon Theodore,Robbie Chip Ernie,Huey Dewey Louie,D,True,0.00019975704,0.0019250878,0.00065497815,0.99722016
What company makes Oreo cookies?,General Mills,Nabisco,Keebler,Kraft,B,True,0.0007305783,0.99708015,0.0016463837,0.00054291973
A student is conducting a research project and has learned of a website that may have useful information. The domain extension for the site is .org. Which of the following assumptions about the website is correct?,All of the information on the site is current.,The site has been evaluated for bias.,The site might belong to a nonprofit agency.,The author of the site is well respected in his or her field.,C,True,0.0011684624,0.024214188,0.96723235,0.0073849102
To make an international telephone call from within the US what are the first numbers you should dial?,11,101,888,911,B,True,0.088793054,0.5439234,0.31975603,0.047527492
The 'Arkansas toothpick' is better known by what name?,Scottie Pippen,spare rib,pinkie finger,Bowie knife,D,False,0.0027756516,0.045502197,0.6898751,0.26184708
What colors are the two circles in the MasterCard logo?,pink and orange,blue and green,black and white,red and yellow,D,True,0.012063847,0.07624587,0.091970064,0.81972027
Which of the following was a significant reason for the electoral success of Franklin Roosevelt's New Deal coalition during the 1930s?,A major shift of African American voters from the Republican to the Democratic Party,A major shift of urban voters in Northern states from the Republican to the Democratic Party,A focus on a bipartisan approach to major social and economic legislation,A focus on mobilizing young voters,A,False,0.03842577,0.9309712,0.016018244,0.014584778
What is the name of the mountain where the mythological Greek gods live?,Jupiter,Olympus,Vesuvius,Valhalla,B,True,0.0004952955,0.9990195,0.0001939605,0.0002911692
The first sound recording to be made and reproduced was a recitation of what nursery rhyme?,Humpty Dumpty',Mary Had a Little Lamb',Jack Be Nimble',Home Sweet Home',B,True,0.11331184,0.8638453,0.015821878,0.007020916
Which actress played a pointy-eared Vulcan in the movie 'Star Trek II: The Wrath of Khan'?,Whoopi Goldberg,Jennifer Grey,Kirstie Alley,Helen Hunt,D,False,0.00080548745,0.0021221768,0.9854194,0.011653043
Which of the following is most likely to result from a collision between a continental lithospheric plate and an oceanic lithospheric plate?,A chain of coastal volcanic mountains,A magnetic reversal,A mid-oceanic ridge,A transform fault,A,False,0.0069578835,0.03761396,0.015197414,0.9402307
The process of drilling holes in the skull is called what?,bifurcation,trepanation,aeronomy,skullduggery,B,True,0.00012529136,0.9995065,0.00015838312,0.00020982354
Who is the creator of the comic strip 'The Far Side'?,Jim Davis,Gary Larson,Garry Trudeau,Charles Schulz,B,True,0.00031899603,0.996549,0.0017244761,0.0014074765
Which of these is not a type of chili pepper?,habanero,cheyenne,jalapero,guajillo,B,True,0.11406206,0.495463,0.12527266,0.26520225
"In the definition of a public good, the term ""nonrival"" means that",one person's use of the public good does not reduce the amount available to others,the public good is produced by the government without any competition,the public good is produced at zero marginal cost,the public good is mostly consumed by free riders,A,True,0.66664106,0.27789733,0.03117922,0.0242824
Which of these foods is poisonous to dogs?,peanut butter,bananas,chocolate,olives,C,True,0.0002550937,0.00197536,0.9917794,0.005990206
What type of substance is 'terra-cotta'?,metal,ceramic,wood,glass,B,True,0.0001352951,0.99819934,0.0014774653,0.00018783864
What disease causes a buildup of fluid pressure in the eyeball and damages the optic nerve at the back of the eye?,astigmatism,cataract,glaucoma,retinitis,C,True,9.43593e-05,0.015380562,0.9817675,0.0027575828
What article of clothing best describes a 'pashmina'?,shoes,pants,scarf,underwear,C,True,0.00018209746,0.0012444103,0.9984078,0.00016580164
Who was the first American in space?,John Glenn,Buzz Aldrin,Alan Shepard,Neil Armstrong,C,False,0.04594628,0.032580793,0.027010426,0.89446247
Stevie Wonder and Michael Jackson have both recorded duets with which former Beatle?,Paul McCartney,John Lennon,George Harrison,Ringo Starr,A,False,0.043628108,0.66146135,0.17255251,0.122358054
In which layer of Earth is the geomagnetic field generated?,Outer core,Crust,Mantle,Inner core,A,False,0.0033669712,0.1283343,0.43414935,0.43414935
Which of these is not one of Aesop's fables?,The Dog and the Squirrel',The Hare and the Tortoise',The Eagle and the Beetle',The Ox and the Frogs',A,False,0.07265269,0.30587924,0.3155889,0.30587924
An accounts payable entry appears in the,asset section of the balance sheet,liability section of the balance sheet,cost of goods sold section of the income statement,operating expense section of the income statement,B,True,0.00069533044,0.9945168,0.0022445545,0.0025434133
What is a balalaika?,musical instrument,Russian peasant,type of hat,breed of shark,A,True,0.9947496,0.004752834,0.00028542985,0.00021211347
From what language does the term 'RSVP' originate?,Russian,Italian,Portuguese,French,D,True,0.0011090715,0.0031104682,0.0031104682,0.99266994
Which of the following is a true statement about the flow of energy in an ecosystem?,Smaller organisms need less energy per gram of body weight than do larger organisms.,Energy transfer between organisms normally involves conservation of heat energy.,Energy flow between trophic levels is inefficient.,"Chemical energy is converted into radiant energy, which is then converted into chemical energy at the next trophic level.",C,False,0.125989,0.38807347,0.23537846,0.25055906
The Federal Reserve implements an expansionary policy by doing which of the following?,Buying Treasury bonds in the open market,Raising the federal funds rate,Raising the discount rate,Raising the required reserve ratio,A,False,0.051101133,0.9345421,0.009452759,0.004904027
"Determining how a product can be useful, identifying the target price, finding a place to sell the product, and deciding how to promote it best exemplifies using",market research,positioning,marketing mix,segmenting,C,False,0.9804466,0.017957507,0.00051743735,0.001078432
In golf what is one stroke overpar called?,eagle,bogey,dormy,birdie,B,True,0.0005428282,0.996912,0.0010463286,0.0014987965
What actress starred on 'Charlie's Angels' for the show's entire run?,Cheryl Ladd,Farrah Fawcett,Jaclyn Smith,Kate Jackson,C,False,0.003709908,0.96633166,0.0065110917,0.023447342
If you are watching a Shavian play who is the author?,Shakespeare,Aeschylus,George Bernard Shaw,Anton Chekhov,C,True,0.00082636497,0.015837906,0.97985655,0.0034791261
In which of these sports do competitors use a 'funny car'?,supercross,dogsledding,gymnastics,drag racing,D,True,0.00015562912,0.0012828646,0.00096835697,0.9975931
The TV show 'House of Style' airs on what network?,E,WB,MTV,Home Shopping Network,C,True,0.00050123135,0.00316788,0.99531823,0.0010125152
By what nickname is the Federal National Mortgage Association known?,Morty,FEMA,Freddie Mac,Fannie Mae,B,False,0.00021518485,0.0038142423,0.0024626602,0.993508
In computer terminology what does the acronym 'ISP' stand for?,Individual Site Privacy,Investment Stability Plan,Internal Security Position,Internet Service Provider,D,True,1.8919678e-05,0.00017128479,0.00011772219,0.9996921
Which of these television series was not set in the United States?,Picket Fences',M*A*S*H',Northern Exposure',The Paper Chase',B,False,0.045652494,0.23184249,0.47570992,0.24679506
What day of the week is sometimes called 'hump day'?,Wednesday,Thursday,Friday,Saturday,A,True,0.4368425,0.28204674,0.09900771,0.18210304
Which of the following figures is a contemporary installation artist who uses image projection and videos?,Bill Viola,Betye Saar,Damien Hirst,Rachel Whiteread,A,True,0.8350798,0.07767452,0.03041778,0.05682789
Scientists believe that a worldwide catastrophic event occurred during the late Cretaceous period and that this event likely caused which of the following?,The movement of aquatic animals onto land,The sudden demise of the dinosaurs,The emergence of Homo sapiens on the grasslands of Africa,The first appearance of mammals,B,True,0.0014450575,0.99167866,0.0014226539,0.00545359
"According to Article III, Section 1, of the United States Constitution, judges ""shall hold their offices during good behavior..."" A consequence of this clause is that:",Congress cannot remove federal judges from office,federal judges have political independence to fulfill their duties,the president has no influence over the composition of the Supreme Court,federal judges lack opportunity for advancement or promotion,B,True,0.11425923,0.8710678,0.008022257,0.006650685
How many cups of coffee were consumed in the United States in the past week (as of 2013)?,300 million cups per week,1 billion cups per week,3 billion cups per week,9 billion cups per week,C,False,0.07896971,0.7038494,0.07418518,0.14299567
In what city would you find people studying art and design at the Fashion Institute of Technology?,Paris,New York,Los Angeles,Melbourne,B,True,0.00043718214,0.99921465,0.00018224462,0.00016593563
What is the traditional 20th wedding anniversary gift?,paper,leather,china,silver,C,False,0.00033219415,0.00097637286,0.008434575,0.9902568
"Many employers rely on temporary workers to provide flexibility in times of fluctuating need. However, an important consideration in hiring temporary workers is that they",are often less experienced and less committed to the job than full-time employees,are limited to 30 days on the job before they must be offered a permanent position,must be offered health care and other benefits like regular full-time employees,are required to receive pay equal to that of regular full-time employees doing the same job,A,False,0.056709304,0.29713553,0.18594266,0.4602125
Someone would most likely contract salmonella poisoning from eating which of the following?,carrots,chicken,tofu,rice,B,True,0.0012903245,0.98783803,0.009386465,0.0014851544
Amps are a unit of measurement of what?,electric charge,electric current,electric field strength,electric potential,B,True,0.015455603,0.9562043,0.021795895,0.006544314
The maximum depth that plant roots can readily penetrate without encountering a restrictive soil layer is referred to as the,effective depth,depth to the subsoil,depth to a parent material,O horizon,A,False,0.018903412,0.8827945,0.07246418,0.0258379
How much more electrical energy will the United States need to generate if everyone drives electric cars?,2*10^19 J,2*10^21 J,2*10^23 J,2*10^25 J,A,False,0.067214854,0.5806477,0.15147102,0.20066649
Which of the following must be obtained by foreigners wishing to permanently reside in the US?,visa,bill of landing,driver's license,carte blanche,A,True,0.99771833,0.0018093562,0.00012703674,0.00034532166
What is the largest moon in the Solar System?,Ganymede,The Earth's Moon,Pluto,Europa,A,False,0.0022387954,0.99196506,0.0035221193,0.002274051
Islam first spread to Indonesia through,military conquest by the Mughal empire,mass migrations of African Muslims across the Indian Ocean,Dutch colonization in the 18th century,increased commercial contacts with Indian and Arab merchants,D,False,0.0007571067,0.9556329,0.008801075,0.034808926
Which of these is not a city in the state of New York?,Perskippity,Kerhonkson,Schenectady,Lackawanna,A,False,0.04958375,0.22221896,0.10496881,0.6232285
In the original 'Get Smart' TV series what is agent Maxwell Smart's code name?,Agent 86,Agent 99,Larrabee,The Chief,A,False,0.06287681,0.9239681,0.0051612435,0.00799389
In horse racing what is the term for a wager on the 1st 2nd and 3rd place finishers in a specific race?,triple action,trifecta,exacta,triple crown,B,True,0.0008317723,0.9121491,0.082232736,0.004786519
What principle explains why cold food warms up and hot food cools off when stored at room temperature?,entropy,chemical equilibrium,momentum,relativity,A,True,0.9727992,0.026747143,0.0003018131,0.00015176115
How much does our highway gas mileage decrease in a heavy rain?,About 0.1%,About 2%,About 10%,About 50%,C,False,0.07080539,0.34851635,0.23216192,0.34851635
"What quantity of oxygen, O_2 , contains very nearly the same number of molecules as 36.0 grams of water, H_2O ?",64.0 grams,32.0 grams,16.0 grams,8.0 grams,A,False,0.012731347,0.7634268,0.09117833,0.13266368
The loss of water in the form of vapor from plants is referred to as the,transpiration,respiration,oxidation,condensation,A,False,0.016166968,0.012203469,0.0021879615,0.9694416
"In a holistic evaluation of student essays, evaluations are made on the basis of the",number and variety of errors made by each student,average sentence length and the complexity demonstrated in each essay,ability of each student to communicate in a variety of discourse modes,overall quality of each student's essay in relation to the topic,D,False,0.0010090586,0.05256985,0.9318229,0.01459812
Which of the following scenarios does not include a producer?,Direct selling,Reverse channels,Indirect channels,Dual distribution,B,True,0.31690076,0.4757244,0.116581276,0.090793595
In soccer which player is allowed to use his or her hands in the field of play?,midfielder,center,sweeper,goalkeeper,D,True,0.0006554896,0.0010807196,0.00026484174,0.9979989
As of 1999 which state has the most Girl Scouts?,California,Illinois,New York,Pennsylvania,D,True,0.013871418,0.01726326,0.026323326,0.942542
In the 1992 animated film 'Aladdin' what device does the hero use to travel from place to place?,talking car,winged horse,magic carpet,hot air balloon,C,True,0.00025156423,0.004459083,0.99345934,0.0018300039
Which one of these World War II leaders was not at the Yalta Conference?,Stalin,Mussolini,Churchill,Roosevelt,B,True,0.08521841,0.43277478,0.1449614,0.33704534
What is the technical term for the offspring of a female donkey and a male horse?,burro,dorse,hinny,honker,C,True,0.0004486348,0.0036981357,0.9938426,0.0020106414
The atmospheric concentration of which of the following gases is most likely to be directly affected by widespread deforestation?,Carbon dioxide,Ozone,Nitrous oxide,Argon,A,True,0.971998,0.011859197,0.015710885,0.00043197125
Which of the following words does not appear in the Lewis Carroll poem 'Jabberwocky'?,brillig,bandersnatch,wabe,grelp,D,True,0.11261202,0.29669315,0.19764024,0.39305454
What is the final word of the Pledge of Allegiance?,America,stands,indivisible,all,D,False,0.065116234,0.025499884,0.67852676,0.23085709
Which of the following is a sports award?,Oscar,Emmy,Nobel,Espy,D,True,0.00025985893,0.0027077922,0.0023896182,0.99464273
What term is used to describe a group of fish?,Knot,Drape,School,Gaggle,C,True,9.600652e-05,0.00080385274,0.99890614,0.0001939385
"Assume that the marginal propensity to consume increased from 0.75 in year 1 to 0.80 in year 2. Based on this information, which of the following is a correct conclusion?","In year 1, a $100 billion increase in government spending would have increased real output by a maximum of $75 billion.","From year 1 to year 2, the spending multiplier increased from 4 to 5.",A given change in government spending would have had a more powerful effect in year 1 than in year 2.,The marginal propensity to save increased from year 1 to year 2.,B,True,0.2788324,0.45971692,0.15887393,0.10257671
At the equator how fast is the earth's surface turning?,about 100 miles per hour,about 500 miles per hour,about 1000 miles per hour,about 2000 miles per hour,C,False,0.079097085,0.42759478,0.1388197,0.35448852
Which of the following components is present in both pneumatic and hydraulic systems?,Exhaust,Reservoir,Compressor,Control value,D,False,0.01734148,0.7972962,0.14748497,0.037877273
The primary purpose of antitrust laws is to,help businesses that are in financial trouble,encourage business investment,prevent business behavior that hampers competition,establish trust between government and businesses,C,True,5.0599643e-05,0.0006164298,0.9990594,0.00027353907
How many pairs of chromosomes are in the genome of a typical person?,1,23,88,7921,B,True,0.00032487145,0.99916935,0.0003148762,0.00019098207
"What was the acronym for the first computer, made back in 1946?",ENIAC,CASD,CNAC,CSREN,A,True,0.9933942,0.0055490546,0.0007628092,0.0002940891
"When a gas turns into a liquid, the process is called",condensation,evaporation,deposition,sublimation,A,False,0.050786953,0.92879635,0.002865204,0.017551502
Which of the following types of stress dominates at divergent boundaries?,Compressional,Left-lateral shear,Right-lateral shear,Tensional,D,False,0.016343003,0.9206223,0.030532748,0.032501943
Which of the following terms refers to pottery that has not been bisque fired?,Raku,Greenware,Terracotta,Stoneware,B,True,0.28319928,0.70092493,0.009998157,0.005877613
In what year did the Great Depression begin?,1884,1929,1953,1975,B,True,0.00026518622,0.999297,0.00015109856,0.00028673466
Cheddar cheese got its name from a village in what country?,England,France,Switzerland,Denmark,A,False,0.0040200036,0.95339835,0.03935145,0.0032301638
Who is the mythological Roman goddess of flowers?,Diana,Echo,Flora,Niobe,C,True,0.00013749395,0.0006874265,0.9986952,0.00047990103
According to legend if you give someone the 'evil eye' what are you doing?,cursing them,blessing a child,counting money,passing time,A,True,0.47637546,0.42039987,0.07080689,0.032417756
"Which of these rivers flows""through France?",Volga,Seine,Mekong,Allegheny,B,True,0.00070849515,0.9976355,0.0006252448,0.0010308544
What condition is caused by malfunctioning sebaceous glands?,bad breath,shingles,acne,carpal tunnel syndrome,C,True,0.0001999596,0.0012441904,0.99823135,0.00032456647
What was the name of Huey Lewis band?,The News,The Attractions,The Silver Bullet Band,Louie and Dewey,A,False,0.00040756486,0.006276546,0.99160004,0.0017159121
What high school does the gang from the 'Archie' comic strip attend?,Ridgemont High,Riverdale High,Rumson High,Riker's Island High,B,True,0.0064522405,0.98799485,0.0028631645,0.0026896943
Cheese is a necessary ingredient in which of these dishes?,sushi,french fries,veal parmigiano,chicken pot pie,C,True,0.0004016576,0.004596728,0.99261683,0.002384751
What city's airport uses the code ORD?,Chicago,Orlando,New York City,Portland,A,True,0.6061758,0.26898888,0.10868133,0.016154038
Which of the following digital camera settings can be used to keep colors accurate under a variety of light conditions?,White balance,Aperture,ISO speed,Shutter speed,A,True,0.9696712,0.027507456,0.0020882618,0.00073304883
At what speed will a sedan flip over when it slides sideways into a curb?,10 mph,20 mph,40 mph,80 mpg,B,False,0.007953554,0.18387274,0.7503156,0.057858128
"The intention of making traditional, saleable art objects was abandoned by",Impressionists,Pop artists,Abstract Expressionists,Conceptual artists,D,True,0.017032702,0.27489385,0.10764998,0.6004234
Which of these popular games relies on bluffing?,Outburst,Balderdash,Pictionary,Scattergories,B,True,0.0020301547,0.9879302,0.0029538579,0.007085936
What sport is featured in the 1996 movie 'Kingpin'?,wrestling,golf,chess,bowling,D,True,0.00013645783,0.008311461,0.00038270545,0.99116933
Which of the following is an example of a chemical change?,Tearing up a piece of paper,Melting ice,Mixing vinegar with baking soda,Filling a balloon with air,C,True,0.003781594,0.08742408,0.88295186,0.025842506
Soil structure refers to which of the following?,Arrangement of soil particles,"Proportion of sand, silt, and clay",Organic composition,Profile depth,A,True,0.9922718,0.0071170763,0.00035991837,0.00025126353
"At the border of two countries there is a port where fishermen work. The fishermen do not speak the same language, so they communicate using one that has been invented by them for the purpose of trade. The scenario above most accurately describes which of the following types of language?",A dialect,A creole,A pidgin,A regionalism,C,False,0.0043800157,0.97584355,0.018440554,0.0013358293
"With what would you use a""wah-wah pedal?",bicycle,stock car,electric guitar,baby,C,True,0.00013320264,0.0012059184,0.9982376,0.00042331713
Who is the career hit leader among players never elected to Baseball's Hall of Fame?,Steve Garvey,Jim Rice,Pete Rose,Ken Griffey Jr,C,True,0.003416271,0.01708028,0.9621541,0.017349256
Which of these is not one of the official languages of the United Nations?,Japanese,English,Russian,Spanish,A,True,0.50237304,0.35623583,0.051320635,0.09007052
What people ruled the Andes Mountains until they were conquered by the Spanish in 1532?,Pueblo,Aztec,Inca,Apache,C,True,0.00014412533,0.0006459248,0.99892324,0.00028662742
Which of these organizations is not part of the US government?,NAACP,NASA,CIA,FBI,A,True,0.48152137,0.41186705,0.073843695,0.03276794
Which of these men has never been a head coach in the NFL?,Dick Vermeil,Bill Parcells,Chuck Noll,Pat Riley,D,True,0.064893454,0.19373606,0.08596985,0.65540063
Which of these is not a style of shoe?,gingham,brogan,espadrille,docksider,A,False,0.15186234,0.4533772,0.16678815,0.22797237
Which of these words means 'yes'-in French?,qui,oui,ja,okey-dokey,B,True,0.0011667379,0.99646276,0.0012037742,0.0011667379
Which of these sounds is commonly associated with owls?,chirp,bark,growl,hoot,D,True,0.00021956691,0.0010807462,0.00067631365,0.9980234
What do the initials 'E E' in poet E E Cummings' name stand for?,Edward Estlin,Edmund Earl,Ernest Eakins,Eugene Evan,A,False,0.4088211,0.4217985,0.15517099,0.014209385
"The true length of a block of wood is 1.010 cm. Three measurements of this block produced the following values: 1.4 cm, 1.2 cm, and 0.9 cm. Which of the following statements is true concerning these measurements?",They are precise and accurate.,They are precise but not accurate.,They are accurate but not precise.,They are neither precise nor accurate.,D,True,0.012254217,0.1402421,0.11268769,0.734816
What is the medical term for a doctor's identification of a disease?,Hypnosis,Prognosis,Trichinosis,Diagnosis,D,True,5.8252837e-05,0.0006070085,5.221751e-05,0.99928254
Gerry Adams is the president of what organization?,Greenpeace,NASCAR,Sinn Fein,PLO,C,True,0.00014151426,0.002179336,0.99627197,0.0014070852
What was the birth name of civil rights leader Malcolm?,Michael Brown,Malcolm Little,Malcolm Lincoln,Michael Lloyd,B,True,0.0006260636,0.99894196,0.00035118984,8.08485e-05
Which of the following dental topics is developmentally appropriate for toddlers?,Growth of permanent teeth,Correct use of incisors while eating,Correct toothbrushing technique,Evolution of the human tooth,C,True,0.045594558,0.2881665,0.53836584,0.1278731
What topic does Spin magazine primarily cover?,politics,washing machines,books,music,D,True,2.6675045e-05,0.00039815978,0.00010716326,0.999468
What is the name of Raggedy Ann's doll brother?,Red,Freckles,Randy,Andy,D,True,0.009110689,0.02595394,0.050027523,0.9149079
Which of the following tools is LEAST likely to be used in the process of creating a wood sculpture?,A rasp,A gouge,A lathe,An extruder,D,False,0.28369653,0.33167484,0.1566721,0.22795656
What exercise apparatus is used during a 'Spinning' class?,stationary bicycle,treadmill,rowing machine,barbells,A,True,0.9976597,0.0020501483,0.00023732192,5.2953677e-05
In the 1976 remake of the classic film 'KingKong' what New York landmark does the giant ape climb?,Statue of Liberty,Empire State Building,World Trade Center,Chrysler Building,C,False,0.017815266,0.9726805,0.0061567905,0.0033473892
Which of these items is useful for removing ink stains?,baking soda,nail polish,hair spray,butter,C,False,0.0338057,0.13580967,0.32579046,0.50459415
How much angular momentum did Hurricane Florence have when it hit land?,L = 10^16 kg * m^2 / s,L = 10^19 kg * m^2 / s,L = 10^22 kg * m^2 / s,L = 10^25 kg * m^2 / s,B,False,0.05854483,0.26237974,0.29731518,0.38176024
Which of the following responsibilities of a human resources manager would have the most negative impact on a company if performed incorrectly?,Recruiting and hiring new employees,Providing professional development opportunities for employees,Ensuring company compliance with laws and regulations,Filing employee compensation and benefits forms,C,True,0.15697466,0.12613268,0.6818668,0.03502578
A car-manufacturing factory is considering a new site for its next plant. Which of the following would community planners be most concerned with before allowing the plant to be built?,The amount of materials stored in the plant,The hours of operations of the new plant,The effect the plant will have on the environment,The work environment for the employees at the plant,C,True,0.00033929173,0.0027968115,0.9957339,0.0011300141
What team has won the most World Series?,Chicago Cubs,Los Angeles Dodgers,New York Yankees,San Francisco Giants,C,True,0.00083715655,0.010522394,0.97726303,0.011377421
What is the name of the Newtonian law that states 'An object in Motion tends to stay in motion'?,Law of Inertia,Law of Thermodynamics,Law of Relativity,Law of Gravitation,A,False,0.001090637,0.0062761824,0.001090637,0.9915426
Who was the WNBA's Most Valuable Player of 1999?,Rebecca Lobo,Sheryl Swoopes,Lisa Leslie,Yolanda Griffith,D,False,0.0018389784,0.59613085,0.39710873,0.0049213613
Ada Lovelace is credited with being the first person to have made what?,a computer program,a souffle,a brassiere,a mystery novel,A,True,0.77456164,0.13459863,0.01879418,0.07204546
Which of the following is true of a profitmaximizing firm in the short run?,The firm will shut down to minimize losses if product price falls below average total cost.,The firm will shut down if marginal revenue equals marginal cost but exceeds average variable cost.,"The firm will continue to produce as long as total revenue exceeds total variable cost, even if it incurs loss.",The firm will continue to produce as long as average variable cost is less than average fixed cost.,C,True,0.068905756,0.32873097,0.4091123,0.19325097
From 1971 to 1997 the Democratic Republic of Congo was known as what?,Zaire,Angola,Rhodesia,Belgian Congo,A,False,0.0020613307,0.015231288,0.0104683,0.9722391
What is New Mexico's nickname?,The Desert State',Gateway to Paradise',Land of Enchantment',The Garden State',C,True,0.00020258458,0.00321886,0.9956564,0.0009222188
A kindergarten teacher sets up a literacy center with an activity that asks students to match pictures of objects with pictures of letters to correctly indicate the beginning sound. Which of the following is the teacher trying to develop in students through the center?,Phonics,Vocabulary,Letter recognition,Phonemic awareness,D,True,0.04142818,0.04274325,0.0019376216,0.91389096
Which of the following is the best description of a consumer checking account?,An asset for the consumer and a liability for the bank,A liability for the consumer and an asset for the bank,An asset for both the consumer and the bank,A liability for both the consumer and the bank,A,False,0.16879879,0.66761214,0.040093224,0.12349583
What was the name of the first nuclear-powered submarine?,Nautilus,Neptune,Nordenfelt III,Nicholas,A,True,0.8426396,0.10383357,0.019816985,0.033709824
What is Andromeda?,The nearest major galaxy to the Milky Way,A bacteria that can cause death,An array of radio telescopes,An element of the Periodic Table,A,False,0.24718425,0.4764601,0.116761565,0.15959415
Which of these is not one of superhero Captain Marvel's abilities?,the power of Apollo,the strength of Hercules,the courage of Achilles,the wisdom of Solomon,A,False,0.063542694,0.25929385,0.23608975,0.44107372
Which of these animals is a rodent?,Bat,Wolverine,Beaver,Koala,C,True,0.0033651718,0.042297546,0.9330689,0.021268541
Which two planets are most similar in size diameter wise?,Mars and Mercury,Venus and Earth,Uranus and Neptune,Jupiter and Saturn,B,True,0.0058038817,0.9914335,0.0016890258,0.00107361
Which of these stores is not owned by Gap Inc?,Gap,Banana Republic,Old Navy,J Crew,D,True,0.070885815,0.25526962,0.15006527,0.5237793
What is the largest city in Pennsylvania?,Philadelphia,Stewartsville,Harrisburg,Pittsburgh,A,False,0.0015620375,0.019942757,0.017599422,0.96089584
A prekindergarten teacher uses a basket of red and yellow apples to reinforce concepts during a mathematics lesson. Which of the following tasks is best targeted at teaching students to compare quantities?,Having students count all the apples in the basket,Having students put one apple in the middle of the place mat on their desks,Having students make a Venn diagram for the color of the apples,Having students determine whether the numbers of red and yellow apples are equal,D,True,0.009215652,0.12330406,0.37980327,0.48767704
