0,1,2,3,4,5,MOSS-7B-A800-FlashAttnSparse-0-LocalSlide3-Full_correct,MOSS-7B-A800-FlashAttnSparse-0-LocalSlide3-Full_choiceA_probs,MOSS-7B-A800-FlashAttnSparse-0-LocalSlide3-Full_choiceB_probs,MOSS-7B-A800-FlashAttnSparse-0-LocalSlide3-Full_choiceC_probs,MOSS-7B-A800-FlashAttnSparse-0-LocalSlide3-Full_choiceD_probs
An important source of information on the credit rating of retail businesses is,the Retail Merchants Association,the local chamber of commerce,"Dun & Bradstreet, Inc.",the United States Retail Credit Association,C,True,0.23728804,0.21479098,0.3425653,0.20535569
"In preparation for a writing unit on short stories, a teacher presents students with several examples of short stories and works with them to identify defining characteristics of the genre. Which of the following best describes this instructional strategy?",Conferencing,Discipline-based inquiry,Self-Regulated Strategy Development,Introduction-Body-Conclusion strategy,B,False,0.22367455,0.1973921,0.3879876,0.19094568
Paper will burn at approximately what temperature in Fahrenheit?,986 degrees,2125 degrees,3985 degrees,451 degrees,D,False,0.1804862,0.50618607,0.18332845,0.12999934
The Apple iMac computer is available in all of the following colors except which?,Tangerine,Strawberry,Kiwi,Grape,C,True,0.29907113,0.17581484,0.42175788,0.10335621
What were the first names of the early American explorers Lewisand Clark?,Morgan and Mason,Meriwether and William,Cabot and Joseph,Meredith and George,B,True,0.3348583,0.4039162,0.22306372,0.038161702
"A teacher provides support for small, flexible groups of beginning readers. As students read a text or a book that is unfamiliar to them, the teacher works with the students to teach them how to use a variety of reading strategies. Which of the following reading approaches is described?",Direct instruction,Literature circle,Guided reading,Read-aloud,C,True,0.22878514,0.21035549,0.36631235,0.19454701
What is varicella?,a fancy pasta,a type of opera,the chicken pox virus,ancient Roman poetry,C,False,0.5181963,0.067972556,0.3732428,0.04058827
Which of the following materials has a resistance that is LEAST affected by temperature changes?,Copper,Carbon,Germanium,Silicon,A,False,0.08861544,0.14496519,0.600864,0.16555543
A second-year college student is usually called a what?,sophomore,senior,freshman,junior,A,True,0.5970771,0.0529936,0.26912373,0.08080559
In the film 'The Talented Mr Ripley' who plays Mr Ripley?,Jude Law,Matt Damon,Dustin Hoffman,Ben Affleck,B,False,0.14850412,0.24388735,0.42636687,0.18124168
A hard-edge painting is most likely to be characterized by,"an even, solid paint application",blurry color mixed on the painting's surface,scratchy brush marks clearly separated,translucent multiple layers of paint,A,False,0.16045848,0.16108648,0.49232,0.18613508
Who was president of the United States when Bill Clinton was born?,Herbert Hoover,Harry S Truman,Franklin Roosevelt,Dwight Eisenhower,B,True,0.07507986,0.49729195,0.2661812,0.16144706
Which of the following lists includes minerals only?,"Granite, gabbro, diorite, quartz, feldspar","Gold, quartz, topaz, diamond, corundum","Gneiss, schist, phyllite, chlorite, mica","Coal, chert, limestone, dolomite, halite",B,False,0.5172984,0.08849932,0.36113247,0.03306978
Which of the following is a likely outcome of the development and use of genetically modified plants?,Reduced cost of plant seeds,New plant varieties being patented,Increased genetic diversity within a planted field,Less oversight and fewer regulations than for unmodified crops,B,False,0.096847564,0.23051725,0.51543605,0.15719911
"A teacher reads aloud Where the Wild Things Are, a picture storybook in which a boy named Max encounters wild monsters that are vividly portrayed. The teacher then shows the students picture cards depicting scenes from the beginning, middle, and end of the story. Which of the following concepts of literary structure is the teacher helping students understand?",Plot sequence,Point of view,Character development,Setting,A,False,0.25663462,0.22647926,0.3250508,0.19183539
"Which movie popularized the phrase ""You talkin' to me?""",Ghost Busters,Taxi Driver,Joker,Groundhog Day,B,False,0.09804885,0.19197033,0.6393588,0.07062194
Which of the following most likely indicates the presence of water in the hydraulic system in a piece of farm machinery?,"A grayish, milky fluid",Excessive fluid use,Excessive thinning of the fluid,A noisy relief valve,A,False,0.18017638,0.1583852,0.47842467,0.18301374
What animal represents the year 2000 on the Chinese calendar?,dragon,rabbit,tiger,monkey,A,False,0.16673958,0.25030574,0.49779242,0.085162245
Which of the following is part of a farm combine?,Beater,Conditioner,Seed plate,Furrow opener,A,True,0.6993853,0.0660774,0.094651505,0.13988586
According to legend in what country are you most likely to meet a leprechaun?,Ireland,Poland,Greenland,Scotland,A,False,0.0324477,0.32262948,0.57514924,0.06977352
During which of the following processes within the hydrologic cycle do water molecules absorb energy?,Formation of ice from water,Formation of a cloud from water vapor,Runoff along the land surface,Evaporation from the ocean surface,D,False,0.089668766,0.11159459,0.6835997,0.11513698
What French city is home to a famous international film festival each spring?,Cannes,Marseille,Dijon,Lyon,A,False,0.06860356,0.33244333,0.5148983,0.084054835
What do you call three consecutive strikes in bowling?,yahtzee,mulligan,turkey,ace,C,True,0.19428302,0.14214051,0.6174302,0.046146266
Which of the boys on the TV show 'My Three Sons' is adopted?,Mike,Ernie,Chip,Robbie,B,False,0.12506895,0.19985962,0.5475357,0.12753572
Which of these horror films spawned the most sequels?,Scream',Jaws',Halloween',Friday the 13th',D,False,0.17143376,0.33044723,0.43098444,0.067134425
What is the name of the female character played by comedian Flip Wilson on his 1970s TV show?,Miss Jackie,Elizabeth Sanford,Geraldine Jones,Gladys Knight,C,True,0.16340502,0.26523253,0.51124907,0.060113344
What kind of animal is a peregrine?,moose,cat,bird,fish,C,False,0.38099158,0.4524387,0.12177223,0.0447975
What part of the human body does a gastroenterologist examine?,Brain,Skeleton,Stomach,Nose,C,False,0.5268089,0.3296686,0.13113311,0.012389358
A piece of paper that appears blue in sunlight is illuminated solely by a red light that is passed through a green filter. What color does the paper appear under this illumination?,Blue,Green,Red,Black,D,False,0.2144721,0.22301568,0.38084725,0.18166494
Meat should be kept frozen at what temperature in degrees Fahrenheit?,0 degrees or below,between 10 and 20 degrees,between 20 and 30 degrees,just below 32 degrees,A,True,0.5735292,0.16431887,0.18331094,0.07884105
What kind of animal is cartoon character Tennessee Tuxedo?,cat,skunk,walrus,penguin,D,False,0.034126673,0.3905591,0.5422376,0.033076704
What US president is mentioned by name in the opening theme song of TV's 'All in the Family'?,Calvin Coolidge,Harry Truman,Herbert Hoover,Richard Nixon,C,True,0.113431185,0.27210724,0.53276014,0.08170142
What is the heaviest confirmed noble gas?,Xenon,Argon,Radon,Krypton,C,False,0.15470693,0.70426697,0.0841127,0.056913495
How many moles of HCl must be added to sufficient water to form 3 liters of a 2 M HCI solution?,1 mol,2 mol,3 mol,6 mol,D,False,0.1557082,0.24400835,0.4265784,0.17370504
Who led the 1831 slave insurrection in SouthamptonVirginia?,John Brown,Dred Scott,Nat Turner,Harriet Tubman,C,False,0.14011247,0.43837315,0.25770625,0.16380808
For what purpose would you use an awl?,to shoot ducks,to polish floors,to make holes,to weigh fruit,C,True,0.20637573,0.17930233,0.4234555,0.19086635
Which of these bones is located in the wrist?,Patella,Humerus,Carpals,Coccyx,C,False,0.32255998,0.29831922,0.31755915,0.06156165
What do you call a young cow?,mare,lamb,kid,calf,D,False,0.4176291,0.2099971,0.3303718,0.042002063
Which of these is an Italian Design firm?,Escada,Fendi,Ghost,Mainbocher,B,True,0.38104528,0.43178087,0.15638067,0.030793179
Operant conditioning would be most useful for,determining whether a toddler is securely attached,increasing on-task behavior in the classroom,measuring a dependent variable,preventing anterograde amnesia,B,True,0.13004655,0.5737923,0.17775255,0.11840873
Which of these countries was not a member of the Axis alliance during World War II?,Germany,Italy,Spain,Japan,C,True,0.15688077,0.21110614,0.5224927,0.10952042
The demand for labor is called derived demand because it is,dependent on the demand for the final product that the labor is used to produce,inversely related to the wage rate,dependent on the availability of capital goods,directly related to the marginal utility of working,A,False,0.2495717,0.09038887,0.58027154,0.0797679
Which of the following actions is most important before removing the blade from a gas-powered lawn mower?,Adjusting the wheels to their highest level,Removing the spark plug,Emptying the gas tank,Removing the air filter,B,False,0.12761533,0.16514651,0.59239686,0.11484137
Which of the following is a force that is most responsible for causing a fixed-wing aircraft to move forward?,Lift,Drag,Thrust,Weight,C,True,0.014948792,0.095967114,0.8290293,0.060054686
Which of the following heavenly bodies have never had a spacecraft landed on it?,Venus,Mars,The Moon,Jupiter,D,False,0.030431451,0.1923327,0.76069057,0.016545294
The labor force primarily consists of all,employed workers under the age of 16,persons classified as unemployed or employed,persons who are employed as full-time workers,"unemployed, employed, and discouraged workers",B,False,0.17056476,0.1970872,0.4511371,0.18121096
Which of the following is an example of persuasive speech?,A campaign manager's introduction of a mayoral candidate,A professor's lecture on the structure of the heart,A company president's yearly sales report,A tour guide's discussion of an art museum installation,A,False,0.20545885,0.2274222,0.35430837,0.21281049
What is the name of the POW camp where 'Hogan's Heroes' are held?,Stalag 13,Alcatraz 17,Devil's Island,Leavenworth,A,False,0.10222662,0.32487553,0.43207467,0.14082313
Which value is the most reasonable estimate of the volume of air an adult breathes in one day?,100 liters,"1,000 liters","10,000 liters","100,000 liters",C,True,0.22155401,0.20813075,0.3957349,0.17458037
What is a Dutch oven?,a toaster oven,a microwave,a kettle pot,a sauna,C,False,0.55855983,0.19303313,0.16003008,0.088377
What does it mean to work 'probono'?,work overtime,work without pay,work as your own boss,not work at all,B,False,0.13777508,0.21255827,0.46426997,0.18539663
What is the largest animal ever to live on Earth?,blue whale,giant squid,woolly mammoth,Tyrannosaurus,A,False,0.061664727,0.7395834,0.1550251,0.043726835
Which of these is not a Hindudeity?,Shiva,Vishnu,Sanskrit,Brahma,C,True,0.2154243,0.24410772,0.47052994,0.069938034
What kind of angle is formed where two perpendicular lines meet?,obtuse,acute,right,invisible,C,True,0.16414842,0.23605205,0.45857084,0.14122868
The nineteenth-century photographic process used to create a daguerreotype was notable for its,quick exposure time,ability to capture sharp detail,capacity to be reproduced multiple times,use of paper negatives,B,False,0.11727503,0.35982424,0.437435,0.085465744
A business teacher has students analyze a scenario in which a few firms in the gas industry produce a homogeneous product and dominate the market. This situation would primarily produce a market structure representative of,an oligopoly,a pure monopoly,monopolistic competition,pure competition,A,False,0.27934116,0.26241672,0.39393416,0.06430799
In traditional English puppet shows who is married to the character Punch?,Debbie,Victoria,Judy,Barbara,C,False,0.15464886,0.68234277,0.08023077,0.08277757
In what sport do athletes compete for the Walker Cup?,cricket,tennis,squash,golf,D,False,0.1889966,0.32149404,0.43943024,0.05007911
A pita is a type of what?,Fresh Fruit,flat bread,French tart,fried bean dip,B,False,0.47029418,0.2638111,0.18416984,0.081724875
What is the oldest permanent European settlement in the United States?,St Augustine Florida,Plymouth Massachusetts,Newport News Virginia,Charlotte North Carolina,B,False,0.057726465,0.38235164,0.5065336,0.05338825
"As seen from Earth, the Moon goes through a series of phases due to changes in which of the following?",The amount of the Moon's surface that is in Earth's shadow,The amount of the illuminated side of the Moon that can be seen from Earth,The part of the Moon that faces Earth as the Moon rotates on its axis,The tilt of the Moon on its axis,B,False,0.21806923,0.22987758,0.36806148,0.18399169
In which of the following fields did Islamic civilization most influence Europeans at the time of the Crusades?,Music,Theology,Mathematics,Law,C,True,0.08684755,0.089604385,0.77406377,0.049484238
Which of the following is not a flavor of Ben & Jerry's Ice Cream?,Wavy Gravy,Bovinity Divinity,Cutie Patootie,Chubby Hubby,C,False,0.76980406,0.14923333,0.06832399,0.012638668
Which of the following terms refers to the use of distortion to create the illusion of an object extending into space?,Cantilevering,Contrapposto,Sfumato,Foreshortening,D,False,0.4973877,0.1801419,0.27900922,0.043461252
How much energy do Americans waste each year by throwing out the unused ice in their drinks?,6*10^8 J,6*10^11 J,6*10^14 J,6*10^17 J,C,True,0.16907063,0.17173313,0.5228125,0.13638379
Who wrote 'A Tale of Two Cities'?,Charles Dickens,Nathaniel Hawthorne,Washington Irving,Mark Twain,A,False,0.18811837,0.3982466,0.330158,0.08347702
What is your astrological sign if you were born on Halloween?,Scorpio,Capricorn,Libra,Cancer,A,False,0.15643172,0.2138168,0.57220346,0.057548016
In an adult human how long is the large intestine?,one foot,five feet,twelve feet,twenty feet,B,False,0.41681123,0.36783463,0.14404611,0.071307994
The purpose of an amicus curiae brief is to,influence the outcome of a Supreme Court case,explain the reasoning of a Supreme Court decision,request a writ of habeas corpus from the Supreme Court,order a party to comply with a Supreme Court decision,A,False,0.14420864,0.17394884,0.54423773,0.13760485
What are the names of the two primary M&M's spokes-candies?,Peanut and Plain,Red and Yellow,Mort and Marty,They don't have names,B,False,0.27042845,0.17735131,0.50522685,0.04699342
The accumulation of stress along the boundaries of lithospheric plates results in which of the following?,Earthquakes,Magnetic reversals,Hurricanes,Increased deposition of deep-sea sediments,A,False,0.14155619,0.329128,0.49407965,0.03523612
In bowling how many pins must you knock down to get a strike?,zero,8,10,12,C,False,0.41437718,0.28038162,0.19882034,0.10642087
Which of the following geometric shapes is most commonly used to give strength to the structure of truss bridges?,Circle,Triangle,Hexagon,Rectangle,B,False,0.02072839,0.13203496,0.8088122,0.038424365
What kind of item is a ginsu?,radio,knife,toothbrush,martial arts weapon,B,False,0.8477848,0.12213499,0.021897595,0.008182534
Which of these words is a synonym for 'perambulate'?,kiss,shout,stroll,heal,C,True,0.21571702,0.24926053,0.3420322,0.19299017
"After a visit to a rescue squad, Ms. Espinosa asks her 3-year-old students to help her write a thank-you letter to the rescue squad employees. She records the students' responses on a large sheet of chart paper as the students share their ideas. While writing, Ms. Espinosa focuses the students' attention on several early literacy skills. Which of the following is the most appropriate focus for 3-year-old students?",Paraphrasing ideas,Spelling words correctly,Expressing speech in print,Capitalizing proper nouns,C,True,0.25194097,0.22060686,0.34168258,0.1857696
What's the third letter of the Greek alphabet?,delta,gamma,phi,theta,B,False,0.59562385,0.18742135,0.19037282,0.026582
"A well on the side of a hill penetrates the water table at an elevation of 550 feet above sea level. If someone plans to drill on the top of the hill, where would the water table most likely be found?",The water table would be found at sea level.,The water table would be found at an elevation lower than 550 feet above sea level but above sea level.,The water table would be found at an elevation higher than 550 feet above sea level but many feet below the land surface.,"The water table would intersect with the land surface at the top of the hill, forming a spring.",C,True,0.25315487,0.21069418,0.32953197,0.206619
Before he went into coaching Phil Jackson played for which of the following NBA teams?,Boston Celtics,Los Angeles Lakers,New York Knicks,Philadelphia 76ers,C,True,0.096444495,0.33662435,0.521374,0.04555715
Old-fashioned steam engines were powered by coal transferred from the tender to the engine by human stokers using a shovel. What is the maximum power such an engine could attain?,6*10^3 W,6*10^5 W,6*10^7 W,6*10^11 W,B,False,0.19370244,0.21992272,0.41409224,0.17228252
People are supposed to drive on the left-hand side of the road in which country?,France,Italy,England,Germany,C,True,0.11536741,0.13278708,0.6434678,0.10837766
In the famous ballet 'The Nutcracker' who does the hero defeat?,Sugar Plum Fairy,Rat King,Snow Queen,Marzipan,B,False,0.3167007,0.23170319,0.37026063,0.08133546
An airplane's black box is usually what color?,black,white,orange,purple,C,False,0.36523873,0.32232204,0.25899306,0.053446237
Which of these sentences is written in the subjunctive?,I am not your man,I wish I were your man,Wherefore art your man?,Your man is where?,D,False,0.22025566,0.2515399,0.34381422,0.18439028
Which of the following terms refers to the process of using thick applications of paint?,Scumbling,Alla prima,Impasto,Frottage,C,True,0.22538427,0.11333033,0.5846023,0.076683134
What was Richard Nixon's middle name?,Michael,Milhous,Mortimer,Matthew,B,False,0.43429163,0.18678652,0.2893006,0.08962114
In what country did Pokemon originate?,France,Hungary,Japan,Canada,C,True,0.22669382,0.16328143,0.5029422,0.107082576
What important food crop is grown in fields called paddies?,wheat,rye,corn,rice,D,False,0.12507871,0.526601,0.30957276,0.038747575
A triad on a color wheel can be described as,three analogous colors,three colors equally spaced apart,three colors of equal value,a complementary set,B,False,0.7910396,0.099010214,0.09301148,0.016938651
Which of these famous baseball figures was once acquitted at court-martial for insubordination?,Abner Doubleday,Ty Cobb,Jackie Robinson,Billy Martin,C,True,0.02799269,0.20522992,0.6888809,0.07789649
Which of the following best describes an effect of the green revolution in the 1960s?,Increased varieties of each crop planted,Increased use of fertilizers,Decreased use of mechanization,Decreased use of pesticides,B,False,0.17700084,0.21225643,0.4415172,0.16922557
In what forest did Robin Hood live?,Black Forest,Petrified Forest,Nottingham Forest,Sherwood Forest,D,False,0.4035767,0.1461658,0.39731982,0.052937742
If a piece of music is in 'common time' how many quarter notes are there per measure?,one,four,five,ten,B,False,0.19681835,0.30963874,0.41020468,0.083338134
Which of these countries does not participate in NAFTA?,United States,Canada,Mexico,Guatemala,D,False,0.48651108,0.10039724,0.33963946,0.07345219
President Abraham Lincoln's Emancipation Proclamation declared free only those slaves who,were living in the areas still in rebellion,were serving in the Union armies,were living in the border states,had escaped to Northern states,A,False,0.041828107,0.4291015,0.4496945,0.079375796
Which of the following terms refers to Archaic Greek statues whose poses‚Äîrigidly frontal with clenched fists‚Äîrecall the stance of ancient Egyptian statues?,Caryatids,Telamones,Discoboloi,Kouroi,D,False,0.19744977,0.18261118,0.39267576,0.2272633
In 1978 who became the youngest jockey ever to win horse racing's triple crown?,Jerry Bailey,Steve Cauthen,Willie Shoemaker,Pasquale Devito,B,True,0.07885294,0.46817145,0.40044826,0.052527383
What does the Latin phrase 'e pluribus unum' mean?,What a crazy life,In God we trust,from many one,for the greater good,C,True,0.13002717,0.12801129,0.70292026,0.03904124
In the United States what is the first day of spring?,21-Feb,21-Mar,21-Apr,21-May,B,False,0.10687903,0.30926472,0.48654172,0.09731446
Which of the following is an example of a concurrent power?,The printing and coining of money,The power to declare war,The process of naturalization,The levying of taxes,D,False,0.18220761,0.13330594,0.6164004,0.06808601
Which of these animals shares its name with a luxury car?,yak,gazelle,sloth,jaguar,D,False,0.06945949,0.22421798,0.6288349,0.07748766
Who were the Know-Nothings?,a '60's comedy troupe,computer designers,a political party,a spy ring,C,False,0.68329084,0.02820278,0.24747154,0.041034803
Which of the following poses the greatest safety risk while being heated in a school laboratory?,A mixture of iron and sulfur,Mercury(II) oxide,Sodium chloride,Copper(II) sulfate hydrate,B,False,0.26270875,0.08938216,0.57380867,0.074100405
Who is the star of the TV show 'Everybody Loves Raymond'?,Ray Liotta,Ray Romano,Ray Parker Jr,Sugar Ray Leonard,B,False,0.21263707,0.3242328,0.3972583,0.06587188
In what sport do you find 'steel cage' matches?,boxing,fencing,pro wrestling,college basketball,C,False,0.091615535,0.43029708,0.41705823,0.061029103
Which of the following best helps explain why volcanoes tend to form along subduction zones?,Rock material carried deep below Earth's surface results in material melting and rising to the surface.,"Two plates pull away from each other, and magma oozes out.",The friction resulting from the collision of two continents causes rock to melt.,There is a row of hot spots at these boundaries.,A,False,0.19634996,0.2207622,0.36255634,0.22033145
How many sides does a rhombus have?,4,6,8,10,A,True,0.52361524,0.10805412,0.17266998,0.19566071
Which of the following degrees can be awarded by the local chapter of the FFA? I. Greenhand FFA Degree II. Chapter FFA Degree III. State FFA Degree IV. American FFA Degree,I only,II only,I and II only,"I , II , III , and IV",C,True,0.086726084,0.1671689,0.57893616,0.1671689
From whom does the Lutheran Church get its name?,Martin Luther King Jr,Martin Luther,Luther Vandross,Lex Luthor,B,True,0.24669401,0.38810417,0.31185046,0.053351324
What is the only metal that is a liquid at normal atmospheric pressure and temperature?,lead,antimony,uranium,mercury,D,False,0.045865886,0.08703816,0.7637356,0.10336037
"Which of the following has provided the most information about the structure of Earth's core, mantle, and lower crust?",Measurement of the intensity and fluctuations of Earth's magnetic field,Examination of flowing lava,Collection of samples from deep boreholes drilled into Earth,Studies of the speeds and travel paths of seismic waves passing through Earth,D,False,0.2078697,0.24927384,0.34947872,0.19337781
"When the production of a good generates negative externalities, the private market will",overproduce the good relative to the socially optimal level of output,underproduce the good relative to the socially optimal level of output,compensate the third parties harmed by the negative externality,charge lower than the market equilibrium price to compensate for the externality,A,False,0.20676,0.23292099,0.38103333,0.17928569
Some observers argue that a limitation of the official unemployment rate is that it understates the true unemployment level because it fails to include which of the following?,New entrants to the labor market,People who are laid off and are looking for new jobs,Discouraged people who have given up looking for jobs,Full-time students looking for part-time jobs,C,True,0.20316678,0.22183146,0.37808573,0.196916
Which fast food chain used the advertising slogan 'Where's the beef?',Wendy's,Kentucky Fried Chicken,Burger King,McDonald's,A,False,0.19728437,0.20675224,0.5532977,0.04266574
What city is known as 'the rubber capital of the world'?,Omaha Nebraska,Rockford Illinois,Grand Rapids Michigan,Akron Ohio,D,False,0.30229843,0.26264143,0.30705893,0.1280012
What was the first American college to become coeducational?,Oberlin College,Dartmouth College,Grinnell College,Antioch College,A,False,0.054703582,0.6984085,0.20009738,0.04679045
What color is Uncle Sam's goatee?,brown,black,white,dishwater blond,C,False,0.36992824,0.22790618,0.3115108,0.09065481
According to a famous line from the existentialist play 'No Exit' what is hell?,oneself,other people,little made,large hued in green and blue,B,False,0.45692906,0.075766265,0.41603863,0.051266022
"A passage from Zora Neale Hurston's Their Eyes Were Watching God is as follows. The people all saw her come because it was sundown. The sun was gone, but he had left his footprints in the sky. It was the time for sitting on porches beside the road. It was the time to hear things and talk. These sitters had been tongueless, earless, eyeless conveniences all day long. Mules and other brutes had occupied their skins. But now, the sun and the bossman were gone, so the skins felt powerful and human. They became lords of sounds and lesser things. They passed nations through their mouths. They sat in judgment. Zora Neale Hurston is associated with which of the following literary movements?",New England Puritanism,Transcendentalism,Naturalism,Harlem Renaissance,D,False,0.23048167,0.25964412,0.30001822,0.20985594
What is the 7-Eleven company's trademarked name for its super-large sodas?,Big Slurp,Big Gulp,Big Drink,Big Sip,B,False,0.18548697,0.21516864,0.41313148,0.18621296
The sport of judo comes from what Asian country?,Japan,Vietnam,Laos,Philippines,A,False,0.08259448,0.22451505,0.53858364,0.1543068
The demand for which of the following products is likely to be the most elastic?,Water,Bread,Salt,Pork,D,False,0.17535724,0.21110848,0.44257346,0.17096084
What country is the rock group U2 from?,England,Ireland,Belgium,Germany,B,False,0.3512979,0.31001928,0.300481,0.038201872
Elephant tusks are made of what material?,Coral,Ivory,Bone,Calcium,B,False,0.088694006,0.3619269,0.52660054,0.022778504
What city did the Beatles originally call home?,London,Leeds,Liverpool,Manchester,C,True,0.05770816,0.11476638,0.7966365,0.03088895
Which of these is not one of the three branches of the US government?,Judicial,Executive,Parliamentary,Legislative,C,True,0.1503647,0.22222461,0.5007909,0.12661977
In British currency how many pence make a pound?,10,100,500,1000,B,False,0.15540709,0.33417776,0.43584996,0.074565135
How are actors Charlie Sheen and Emilio Estevez related?,They're cousins,They're brothers,They're father and son,They're uncle and nephew,B,False,0.17643724,0.24784635,0.4224251,0.15329133
Which of the following requires the use of at least two needles?,macrame,braiding,crocheting,hand knitting,D,False,0.24716058,0.30759633,0.371032,0.07421107
In 1909 Frederick Cook claimed to be the first explorer to reach what location?,Mount Everest,Bermuda Triangle,Atlantis,North Pole,D,False,0.26550996,0.17412567,0.4309652,0.12939923
A clothes dryer that is set to run for 30 minutes is an example of which of the following control systems?,Open loop,Closed loop,Negative feedback,Positive feedback,A,True,0.9233361,0.020720392,0.05291137,0.0030320631
How many stars are on the American flag?,13,48,50,51,C,True,0.18466209,0.28102663,0.33503357,0.19927773
Who was the English king at the time of the American Revolution?,Charles I,James I,Edward III,George III,D,False,0.19853942,0.38872135,0.34304538,0.06969389
Which of these animals lays eggs?,cow,gerbil,frog,elephant,C,False,0.6294248,0.14950149,0.1694074,0.051666334
"An enterprise analysis shows an average return of $151 for each $100 of feed fed to hogs last year and a return of $130 for each $100 of feed fed to hogs this year. Assuming that feed costs are stable and there are no major death losses, which of the following is the most likely explanation for the difference in returns?",Lower feed efficiency,Poor record keeping,Lower market prices,Lower purchase prices,C,True,0.17626105,0.21850523,0.41465005,0.19058365
"If tickets to a baseball game generally cost between $10 and $30, a season has about 150 games, and each game is attended by 50,000-75,000 people, which of the following is a good estimate for ticket sales revenue for the 150 games combined?","$20,000,000","$200,000,000","$2,000,000,000","$20,000,000,000",B,False,0.24954835,0.2312457,0.32674626,0.19245975
Which of these is not a breed of cat?,Persian,Turkish Angora,Bichon Frise,Maine Coon,C,True,0.08671974,0.400988,0.44039917,0.071893185
Approximately how many movies are watched in homes in the United States in one year?,"200,000,000","2,000,000,000","20,000,000,000","200,000,000,000",C,True,0.24099074,0.22375232,0.35825422,0.17700265
Which of these is not found in a Snickers candy bar?,almonds,chocolate,nougat,caramel,A,False,0.14347516,0.32841796,0.45596313,0.072143845
In the children's game what color is 'Rover'?,Green,black,red,blue,C,True,0.197387,0.1741934,0.5623032,0.066116355
Which of the following breakfast cereals is shaped like the letter O?,Life Corn,Chex,Cheerios,Raisin Bran,C,False,0.34376997,0.29404202,0.30337593,0.058812108
"Normally, S-P arrival intervals from a minimum of how many seismic stations are required to uniquely locate the epicenter of an earthquake?",1,2,3,4,C,True,0.22050965,0.22529843,0.36072972,0.1934622
Which character on the TV show 'Friends' is a chef?,Joey,Monica,Ross,Rachel,B,True,0.1812594,0.5244914,0.20862828,0.08562087
"If the tax rate for a single person with $25,000 in taxable income is 24 percent, and the tax rate for a single person with $20,000 in taxable income is 20 percent, the tax rate over this income range is",regressive,progressive,proportional,revenue-neutral,B,False,0.11924535,0.17350096,0.52613515,0.18111856
The aesthetic philosophy that claims that the value of a work of art is determined by museums and galleries is known as,capitalism,conceptualism,structuralism,institutionalism,D,False,0.18215741,0.19239658,0.4464626,0.17898342
What is your hallux?,earlobe,tongue,eyelid,big toe,D,False,0.27934438,0.15669799,0.4826638,0.08129385
What metal device is used by police to immobilize the wheels of repeat parking offenders?,Brooklyn clamp,Denver boot,LoJack,The Club,B,True,0.21291979,0.41687673,0.31963047,0.050572887
What disease is sometimes referred to as the 'royaldisease'?,rickets,measles,hemophilia,tuberculosis,C,False,0.43629858,0.09435619,0.28169554,0.18764968
Which of the following statements accurately describes a JPEG compressed digital photograph?,The JPEG format is used only for color photos.,A JPEG compression alters the proportions of the original image by rearranging data.,A JPEG compression sharpens the details in an image.,The JPEG format compresses file size by selectively discarding data.,D,False,0.227574,0.22624448,0.35454488,0.19163653
What do herpetologists study?,Herpes,Blood,Insects,Reptiles and amphibians,D,False,0.08516831,0.32648352,0.5382803,0.05006787
Which of these is a virus?,Staphylococcus,Leukemia,Scoliosis,Chicken pox,D,False,0.6046621,0.05366681,0.2683172,0.07335384
What new token was recently added to the Monopoly board game?,piggybank,sack of money,globe,telephone,B,False,0.13694604,0.19463956,0.51682895,0.15158546
What is considered the proper way to address a duke?,Your Majesty',Your Eminence',Your Excellency',Your Grace',D,False,0.3212349,0.3017723,0.331432,0.0455608
Which of the following is about the Watergate scandal?,All the King's Men',All the Pretty Horses',All the President's Men',All the Right Moves',C,False,0.26516277,0.45105708,0.26516277,0.018617349
What causes the disease toxoplasmosis?,a bacterium,a protozoan,a virus,a prion,B,False,0.78471845,0.05864926,0.13636363,0.020268643
Which of these rock guitarists designed a colorful line of men's neckties?,Eric Clapton,Jerry Garcia,Jeff Beck,Keith Richards,B,False,0.20264448,0.1845099,0.5683305,0.04451509
In mobster lingo if you 'sing like a canary' what are you doing?,impersonating Sinatra,talking to the cops,killing an enemy,betting on horses,B,False,0.14714682,0.2792356,0.46763167,0.10598589
Where did Lewis and Clark begin their famous expedition in 1804?,Seattle,St Louis,New Orleans,Washington DC,B,False,0.23966348,0.2182161,0.40768135,0.13443904
According to a popular slogan what state should people not 'mess with'?,New York,Texas,Montana,Rhode Island,B,False,0.31154945,0.1566569,0.4750562,0.056737375
Each year in pro baseball the player voted as the best fielder at his position wins what?,a brand new car,the Gold Glove,the Silver Bat,the Brass Baseball,B,False,0.07201446,0.17547417,0.62210995,0.13040133
"Of the following objectives, which is most appropriate for a technology education program that has a goal of enabling students to develop creative technical solutions to present and future societal problems?","Design and construct a threedimensional model of a low-income, multifamily dwelling unit",Describe several construction careers that are related to home building,Categorize the components of a technical system,Identify the major tools and equipment used in highway construction,A,False,0.19574182,0.18103158,0.46408966,0.15913697
Who was the first US president to resign from that office?,Martin Van Buren,Andrew Jackson,Andrew Johnson,Richard Nixon,D,False,0.026964758,0.80043536,0.1189741,0.053625826
How much kale would be needed to provide enough calories for a person for an entire year?,2*10^3 kg/yr,2*10^4 kg/yr,2*10^5 kg/yr,2*10^6 kg/yr,A,False,0.15910093,0.1747382,0.5488472,0.11731367
How long has the average United States citizen spent as president?,1 seconds,10 seconds,1 minute,10 minutes,B,False,0.2175857,0.19811404,0.521961,0.06233935
What is the proletariat?,the homeless,the royalty,the upper class,the working class,D,False,0.3269331,0.24295604,0.36472023,0.06539073
According to the proverb necessity is the mother of what?,Invention,Luck,Problems,Procrastination,A,False,0.11379568,0.19971764,0.57790214,0.1085846
What rank entitles a general in the US Army to wear three stars?,brigadier general,corporal general,lieutenant general,major general,C,False,0.08339457,0.4508268,0.4508268,0.014951822
What is another way of writing-'six feet'?,6',6,6'',6#,A,False,0.05637982,0.4870473,0.41659364,0.03997928
"In construction, the plates are horizontal structures at the top and bottom of a wall. Which of the following are the vertical structures?",Rafters,Studs,Headers,Joists,B,False,0.086485095,0.14943284,0.6802579,0.083824225
What part of the world was once known as Cathay?,China,India,Iran,Indonesia,A,False,0.063145265,0.63774455,0.27860996,0.020500265
What is a shaddock?,a fish the offspring of a male shad and a female haddock,"a crystal such as quartz, that sticks out from a mineral vein",a plant that is a member of the nightshade family,a grapefruit,D,False,0.16132468,0.17105973,0.49112576,0.17648974
How many innings are there in a regular Major League Baseball game?,seven,eight,nine,ten,C,False,0.76953775,0.062188182,0.14235017,0.025923891
"Which of the following statements is correct about a trophic structure in which a leaf-eating grasshopper is eaten by a frog, which in turn is eaten by a snake?",The frog is a herbivore.,The snake is a secondary consumer.,The grasshopper is a primary consumer.,The snakes outnumber the grasshoppers in the community.,C,True,0.21288496,0.23841983,0.3586103,0.19008487
"People who believe their political views are important, that government will respect these views, and that their views can influence political affairs are said to have a strong sense of",political partisanship,political alienation,political allegiance,political efficacy,D,False,0.06790428,0.076945625,0.7532137,0.101936385
What was the average life expectancy of white males born in the U.S. just before the Civil War?,40 years,50 years,60 years,70 years,A,False,0.08111723,0.15758386,0.66345286,0.097846046
"What does the Yiddish word""'meshuga' mean?",crazy,sacred,stingy,sweet,A,False,0.13636833,0.23197035,0.41031373,0.22134764
What is the last letter of the Greek alphabet?,omicron,omega,upsilon,zeta,B,True,0.26649547,0.40635705,0.25429174,0.0728558
An elementary school student is able to follow fast and slow songs by playing appropriate rhythm patterns on the drum. Which of the following attributes of music does the student understand?,Dynamics,Pitch,Tempo,Harmony,C,True,0.09708417,0.15514007,0.5166953,0.23108044
When FDR carried states in the presidential election of 1932 how many states did he not carry?,six,seven,eight,ten,A,False,0.1809543,0.14540087,0.62180066,0.05184428
Which of these is a member of the cucumber family?,green pepper,watermelon,potato,green bean,B,False,0.27885178,0.1516091,0.51288694,0.056652177
"I became what I am today at the age of twelve, on a frigid overcast day in the winter of 1975. I remember the precise moment, crouching behind a crumbling mud wall, peeking into the alley near the frozen creek. That was a long time ago, but it's wrong what they say about the past, I've learned, about how you can bury it. Because the past claws its way out. Looking back now, I realize I have been peeking into that deserted alley for the last twenty-six years. The excerpt is an example of which of the following types of writing?",Informative,Persuasive,Descriptive,Narrative,D,False,0.23539487,0.25954255,0.30761302,0.19744955
Which of the following defenses may NOT be used to legally avoid payment on a negotiable instrument?,Breach of contract,Diminished economic resources,Fraud in the inducement,Mental incapacity,B,False,0.0699523,0.30385894,0.58570343,0.040485285
"Simple accompaniments, light texture and smooth melodies are qualities of",galant style,partitas,Sturm und Drang,serenade,A,False,0.069178574,0.34587112,0.46542045,0.11952986
Which of the following is true about a monopoly?,It competes with many firms selling the same product in the market.,It has to lower its price on all units to sell more output.,Its marginal revenue increases as output sold increases.,It sets a price below average variable cost to drive its competitors out of the market.,B,False,0.24212003,0.20151015,0.34144396,0.21492581
Which of these names has never belonged to a Pope?,Leo,Lando,Linus,Lawrence,D,False,0.6301257,0.2318103,0.10949943,0.028564632
Which of the following best helps explain why some localities have normally large tidal ranges (up to 60 feet) and others have one- to two-foot tidal ranges?,The position of the Sun is different at different localities.,The Coriolis effect and rotation of Earth tend to enhance tidal flow in the higher latitudes.,Ocean floor topography and the shape of the coastline serve to amplify tidal flow at specific localities.,Trade winds push the water into large tidal bulges near rocky shorelines.,C,True,0.22049509,0.21835232,0.35442078,0.20673183
"Which of these is typically not ""used as a spice?",Dill,Thyme,Hemlock,Marjoram,C,False,0.54364824,0.2031465,0.1374558,0.1157494
Who is the patron saint of animals?,St Isidore of Seville,St Anthony of Padua,St Francis of Assisi,St Joan of Arc,C,True,0.099487044,0.35826665,0.49740395,0.04484233
The dissolved salts in Earth's oceans are principally derived from,marine biological activity,atmospheric deposition,the weathering of continental rocks,the eruptions of undersea hot-spot volcanoes,C,False,0.11997536,0.58138394,0.26205027,0.036590416
What is the baseball term for a batter who substitutes for another batter?,Switchhitter,Shadow hitter,Clip hitter,Pinch hitter,D,False,0.57742685,0.10849529,0.2522591,0.061818752
In 1960 Nazi official Adolph Eichmann was finally captured in what country?,Brazil,East Germany,Argentina,Paraguay,C,False,0.048545107,0.4678363,0.42596978,0.05764874
What is the square root of 81 squared?,9,27,81,729,C,True,0.1118159,0.22943132,0.55037713,0.10837568
Which of the following has provided evidence that the Sun's atmosphere contains sodium atoms?,Absorption lines in the solar spectrum are consistent with the presence of sodium.,Stars with the same spectral class as the Sun are made mostly of sodium.,Solar samples returned to Earth by the Voyager spacecraft contained sodium.,The Sun gives off energy produced by the nuclear fusion of sodium in its core,A,False,0.039579112,0.08919291,0.73522496,0.13600294
What letters are on the '3' button of a touch-tone telephone?,ABC,DEF,GHI,WXY,B,True,0.22323185,0.40422064,0.3403879,0.032159593
"To best encourage student engagement in the classroom, a teacher should select texts based on which of the following?",The instructional objectives,The culture of the local community,The instructional reading level of the class,Topics that are interesting for the students,D,False,0.06602651,0.23045516,0.56153905,0.1419793
When born a Dalmatian puppy is always?,Black,black with white spots,white,white with black spots,C,False,0.17735156,0.06731506,0.25010577,0.50522757
Which of these countries is not in Europe?,Italy,Spain,Greece,Israel,D,False,0.1014639,0.1672857,0.62154174,0.10970863
What famous radio personality was also the voice of Shaggy on the cartoon 'Scooby-Doo'?,Rush Limbaugh,Casey Kasem,Larry King,Howard Stern,B,False,0.062733725,0.4090753,0.5012095,0.02698144
Many scientists think that some of the dinosaurs did not go extinct but rather evolved into what kind of creature?,amphibians,reptiles,birds,mammals,C,True,0.047914717,0.13649634,0.7733044,0.04228459
What are fans of the TV show 'Mystery Science Theater 3000' known as?,Mysterians,MiSTies,Bot Brigade,Gizmonics,B,False,0.1455113,0.22981738,0.48085523,0.14381604
What automobile company makes the Sonata?,Toyota,Honda,Subaru,Hyundai,D,False,0.3140399,0.17616041,0.3614577,0.14834194
Force equals mass times what?,Velocity,Distance,Acceleration,Weight,C,False,0.1844004,0.09272234,0.20571351,0.5171637
To create a tapestry one must traditionally engage in what activity?,Weaving,Sculpting,Baking,Singing,A,False,0.025356576,0.2947605,0.5954326,0.0844503
What element do organic compounds contain?,Carbon,Oxygen,Hydrogen,Nitrogen,A,True,0.5124552,0.16636986,0.1743541,0.14682089
What is the technical term for someone who studies fish?,entomologist,ichthyologist,marinologist,herpetologist,B,False,0.60129637,0.10448964,0.2318204,0.062393613
A person uses a remote control to change the volume level on a television. The signal that travels from the remote to the television is most likely encoded in a,visible light pulse,radio wave signal,series of infrared pulses,series of intense infrared beams,C,True,0.25023544,0.20423621,0.38984984,0.1556785
When it comes to measuring horses how long is a 'hand'?,four inches,seven inches,ten inches,two feet,A,False,0.317976,0.08294899,0.516126,0.08294899
What is the (approximate) value of lemon juice on the pH scale?,14,2,7,0,B,False,0.22279768,0.21176618,0.38571244,0.17972362
Which of the following best describes the situation after the price is raised on a product that has an inelastic demand?,The quantity demanded will not change.,The quantity demanded will increase.,Total revenue will decrease.,Total revenue will not change.,A,False,0.24460183,0.2240213,0.33367872,0.19769812
Which of the following statements reflects the Confucian worldview that figured prominently in classical Chinese culture?,Having faith in God will be rewarded in the afterlife.,Life's ultimate goal is to escape the suffering inherent in the endless cycle of death and reincarnation.,A life of quiet contemplation and isolation from worldly temptations will result in self-perfection.,Observing rules of proper behavior toward others will ensure social and political harmony.,D,False,0.2347163,0.24169448,0.3342513,0.189338
Which of these Democrats lost to Ronald Reagan in the 1984 presidential elections?,Michael Dukakis,Walter Mondale,Gary Hart,Jimmy Carter,B,False,0.08875606,0.17377593,0.5609556,0.1765125
Real gross domestic product (GDP) is defined as the ratio of nominal GDP to the,money supply,unemployment rate,government's budget deficit,GDP deflator,D,False,0.11143694,0.106333874,0.69338393,0.08884527
Which of these is another name for a golf course?,Pitch,Links,Steps,Suite,B,False,0.22709046,0.17141686,0.5038222,0.09767039
"When Corporation X pays out $300,000 in salaries, which of the following is the impact on assets and liabilities?","Salary expense is increased by $300,000; cash is increased by $300,000","Salary expense is increased by $300,000; cash is decreased by $300,000","Salary expense is decreased by $300,000; cash is increased by $300,000","Salary expense is decreased by $300,000; cash is decreased by $300,000",B,False,0.24407658,0.23795734,0.32972643,0.18823974
Who was not one of the Cartwright sons on the TV series 'Bonanza'?,Adam,Little Joe,Hoss,Ben,D,False,0.26294357,0.3026462,0.37664926,0.057761036
How long is a single term in the US Senate?,two years,four years,six years,eight years,C,False,0.34107754,0.31055462,0.28721607,0.061151832
On what body part should you wear a babushka?,head,hands,foot,legs,A,False,0.042170495,0.5383968,0.35308924,0.0663435
A kindergarten teacher has students determine the following. ‚Ä¢ How many students are absent that day ‚Ä¢ If there are enough snack cups for each student to have one during snack time ‚Ä¢ How many balls are taken outside during recess and how many are brought back inside after recess. Which of the following concepts is most closely aligned with the determinations the teacher is having the students make?,Classifying,Counting,Patterning,Ordering,B,False,0.09587478,0.23361348,0.39738992,0.27312183
"Grammar may be taught in two main ways‚Äî by experience with discourse that entails the varieties of word forms and sentence construction, or by analyzing dummy sentences and diagramming parts. Plentiful discursive experience is what really teaches grammar, for it exercises judgment and provides language intake, whereas formal grammar study has been proved irrelevant. Politics more than pedagogy retards the changing of the curriculum to fit this truth. The author of the passage above argues that",using language in a wide variety of situations improves grammar,good judgment can be improved by studying the rules of formal grammar,analyzing and diagramming provide exercise in logical thinking,formal study of grammar improves writing ability,A,False,0.016815212,0.3222762,0.24709773,0.41381085
Who was the mother of the Greek god Zeus?,Gaia,Phoebe,Rhea,Hera,C,False,0.27740836,0.65515095,0.059063654,0.008377006
Which of these evangelists is a cousin of rocker Jerry Lee Lewis?,Billy Graham,Oral Roberts,Jerry Falwell,Jimmy Swaggart,D,False,0.2385005,0.4743149,0.25388247,0.033302136
Which of the following prescribes standards for wages and overtime pay that affect most private and public employment?,The Employee Retirement Income Security Act,The American Recovery and Reinvestment Act,The Fair Labor Standards Act,The Federal Employees' Compensation Act,C,True,0.15114087,0.2164993,0.43056026,0.20179954
What organelle is primarily responsible for photosynthesis?,Nucleus,Chloroplast,Mitochondria,Golgi Apparatus,B,False,0.08806789,0.37661856,0.44724563,0.08806789
In what city is TV's 'The Mary Tyler Moore Show' set?,Dallas,Chicago,New York,Minneapolis,D,False,0.029655669,0.29486814,0.62423587,0.0512404
What Greek poet wrote 'The Iliad' and 'The Odyssey'?,Sophocles,Plato,Homer,Socrates,C,True,0.2817909,0.21270694,0.4364463,0.06905583
What is Delta Burke's character's job on the sitcom 'Designing Women'?,fashion designer,graphic designer,interior designer,website designer,C,True,0.11877753,0.17014095,0.5846435,0.12643802
Which of the following activities will best help a teacher collect data that will inform instruction to meet the individual needs of students?,Concentric circles,K-W-L chart,Book pass,Reciprocal teaching,B,False,0.22009285,0.07372187,0.6570759,0.04910935
On average what length of time passes between high tides?,3 hours 25 minutes,6 hours 25 minutes,12 hours 25 minutes,24 hours 25 minutes,C,False,0.7495803,0.13025753,0.09987192,0.02029021
An increase in the real interest rate in the United States relative to its trading partners will most likely result in which of the following?,An increase in United States imports,An increase in United States exports,A decrease in the demand for the United States dollar,A decrease in the United States trade deficit,A,False,0.013861295,0.033775155,0.91287637,0.039487157
The legal basis for the escalation of United States involvement in the Vietnam War was the,declaration of war by Congress,passage of the Gulf of Tonkin Resolution by Congress,United Nations resolution condemning the North Vietnamese invasion of South Vietnam,mutual defense provisions of the North Atlantic Treaty Organization (NATO),B,False,0.040043842,0.073651895,0.8298334,0.05647087
What professional sports team plays its home games in the Alamodome?,New York Jets,Detroit Tigers,Boston Bruins,San Antonio Spurs,D,False,0.2866087,0.14869063,0.47997925,0.08472137
What is the name of Howard Stern's female on-air sidekick?,Allison Norris,Jackie Reeses,Jackie Martling,Robin Quivers,D,False,0.2721975,0.41505164,0.27648398,0.036266807
In what decade did Israel become an independent state?,1920s,1940s,1950s,1960s,B,False,0.02047749,0.31535572,0.5534665,0.110700265
In cooking the term 'au gratin' is sometimes used to describe a dish with what topping?,cheese,fruit,gravy,whipped cream,A,False,0.15929261,0.23634063,0.40995827,0.19440849
Which of the following is the most effective way to evaluate the development of a student's drafting skills throughout the school year?,Baseline assessment,Portfolio assessment,Short-answer unit assessment,Teacher-created assessment,B,False,0.24844745,0.23248486,0.33042762,0.18864006
In the sci-fi movie 'Fantastic Voyage' where do the voyagers travel?,through outer space,through a human body,to the ocean floor,to the center of the earth,B,False,0.310879,0.24979828,0.3991765,0.04014624
What would be the most likely thing one would do with the compound MgSO4 7H2O?,power a car,blow up a building,soak ones feet,fertilize a lawn,C,True,0.1625435,0.26383418,0.41669393,0.15692838
Who originally proposed the idea of daylight-saving time?,Benjamin Franklin,Henry David Thoreau,Galileo,Albert Einstein,A,False,0.1789057,0.226158,0.46404606,0.1308902
If you ask for 'gai' at a Thai restaurant what will you get?,shrimp,chicken,beef,pork,B,False,0.15273309,0.25428545,0.42751473,0.16546671
On a set of jumper cables what color designates the negative connector?,black,red,orange,blue,A,False,0.029599449,0.09705286,0.8126136,0.060734123
Which of these is a commonly-known investment account?,CNN,EMC,IRA,IRS,C,False,0.53175664,0.05265104,0.37707195,0.038520325
If you are 'riding fakie' inside a 'half pipe' what are you probably doing?,skiing,biking,snowboarding,surfing,C,True,0.28594676,0.21249759,0.42925695,0.07229867
Which of these people was not alive in the 20th century?,Mark Twain,Thomas Edison,Sigmund Freud,Ulysses S Grant,D,False,0.19461529,0.24220265,0.49696758,0.066214524
What color is cartoon character Marge Simpson's hair?,yellow,purple,blue,brown,C,False,0.29064217,0.35610223,0.16560292,0.18765269
Which of these is not a fabric?,Velveteen,Celotex,Seersucker,Tencel,B,False,0.17630883,0.112068705,0.39731807,0.31430444
How is 4:00 pm expressed in military time?,1600,4,400,4:00,A,False,0.03318423,0.29118237,0.58820456,0.0874288
Which of the following is most likely to cause a rise in the average temperature of Earth's atmosphere in the future?,Atomic warfare,CO2 from fossil fuels,Dust clouds from volcanoes,Depletion of Earth's ozone layer,B,False,0.20951921,0.23237002,0.38236585,0.17574501
Which of the following activities is likely to have the greatest impact on biodiversity?,Copper mining in Chile,Soil erosion on the slopes of the Rocky Mountains,Large-scale deforestation of the Amazon or Congo basin tropical forests,Increased use of ethanol fuels in the United States,C,True,0.21648726,0.22599219,0.38593027,0.17159033
Whom did Billie Jean King defeat in the famous 'Battle of the Sexes' tennis match?,Jimmy Connors,Pete Sampras,John McEnroe,Bobby Riggs,D,False,0.1568668,0.3426286,0.3943631,0.10614139
Which of the following structures is most susceptible to damage by acid precipitation?,A monument made of granite,A roof made of slate,A tombstone made of marble,A statue made of gabbro,C,True,0.23159029,0.1721033,0.49027666,0.106029764
Who is an archenemy of the cartoon superhero Underdog?,OverCat,Muttley,Mr Whoopie,Dick Dastardly,A,False,0.105087794,0.15714043,0.651329,0.086442865
Mohair is made from the fleece of what animal?,camel,llama,goat,mole,C,False,0.47492784,0.08785282,0.393729,0.043490298
"The Burgess Shale is a rock formation in Canada that has a large number of fossils from the Cambrian period preserved in exquisite detail. Many primitive members of modern phyla, including arthropods, mollusks, and chordates, can be found among the fossils exposed in this region. Based on these fossils, it can be concluded that most of the modern groups of animal life first appeared roughly",3 billion years ago,540 million years ago,65 million years ago,"200,000 years ago",B,False,0.2500366,0.24760672,0.30456147,0.19779523
The Strauss family of composers popularized what dance?,waltz,tango,fox-trot,square dance,A,False,0.047847472,0.27107438,0.58290154,0.098176636
What was Ludwig Van Beethoven's final symphony?,Ninth,Tenth,Eleventh,Twelfth,A,False,0.21520631,0.29415214,0.27204624,0.21859531
A portrait that comically exaggerates a person's physical traits is called a what?,Landscape,Caricature,Still life,Impressionism,B,False,0.6798322,0.1402913,0.1614743,0.018402215
The government establishes a price floor in a market for a good in order to,eliminate a surplus in the market,eliminate a shortage in the market,help buyers of the good,help sellers of the good,D,False,0.14607506,0.14607506,0.61499894,0.09285095
A student is standing in front of the class delivering a presentation. Some students in the back of the room note that they are having trouble hearing what the presenter is saying. Which of the following suggestions to the presenter would best address this problem?,Engage your audience by making eye contact with people in the back of the room,Entertain your audience with exaggerated body language,Emphasize your main points by reading them directly from a paper,Project your voice by relaxing the rib cage and maintaining good posture,D,False,0.25710753,0.21356635,0.35905617,0.17026994
"A passage from Zora Neale Hurston's Their Eyes Were Watching God is as follows. The people all saw her come because it was sundown. The sun was gone, but he had left his footprints in the sky. It was the time for sitting on porches beside the road. It was the time to hear things and talk. These sitters had been tongueless, earless, eyeless conveniences all day long. Mules and other brutes had occupied their skins. But now, the sun and the bossman were gone, so the skins felt powerful and human. They became lords of sounds and lesser things. They passed nations through their mouths. They sat in judgment. The description of the sun in the second sentence contains which of the following literary devices?",Foreshadowing,Irony,Flashback,Personification,D,False,0.23130426,0.2590485,0.301089,0.20855825
Which of these is not one of the 3 methods of heat transfer?,Conduction,Radiation,Convection,Induction,D,False,0.20675376,0.102350526,0.64687526,0.044020414
Which of these is not an ingredient in Yorkshire pudding?,eggs,milk,chocolate,meat drippings,C,True,0.12051369,0.23687784,0.48604178,0.1565667
"Anna feels that she is confusing ""who"" and ""whom"" in her narrative. She wants to correct her error. Which of the following reference materials will best help Anna accomplish such a task?",A dictionary,A thesaurus,A glossary,A grammar guide,D,False,0.25838897,0.22713847,0.32282886,0.19164371
Where was the chicken First domesticated?,France,India,Peru,Zaire,B,False,0.2237229,0.07493778,0.64736366,0.05397566
Which of the following is not in Nevada?,Liberace Museum,Pikes Peak,Lake Mead,Hoover Dam,B,True,0.13274182,0.64324844,0.1369555,0.08705421
What famous folksinger founded the Institute for the Study of Non-Violence in 1965?,Bob Dylan,Woody Guthrie,Joan Baez,Peter Yarrow,C,True,0.11656256,0.3425964,0.48313838,0.057702653
Phoebe Dione and Helene are moons of what planet?,Jupiter,Saturn,Neptune,Pluto,B,True,0.29219386,0.40567097,0.19464305,0.107492104
Which of these companies is not an online stock brokerage?,E*Trade,EDigital,Datek Online,DLJ Direct,B,False,0.09011268,0.20149173,0.58760846,0.120787114
Which of these is not the name of one of rock musician Frank Zappa's children?,Dweezil,Ahmet,Moon Unit,Lumpy Gravy,D,False,0.20999257,0.2124679,0.40714994,0.17038964
How much does Peanuts character Lucy charge for her psychiatric advice?,5 cents,10 cents,75 cents,$125,A,False,0.1259077,0.21754901,0.60067207,0.055871207
Which of the following is the most reasonable action to take for an artist whose work requires the use of a specific hazardous product?,Finding a nontoxic product to use and adapting the art-making process as necessary,Reading the product's label and proceeding according to the label directions,Making sure no children are present when using the product,Checking with a qualified toxicologist before using the material,B,False,0.23738566,0.24159536,0.32383463,0.19718437
What children's storybook character believes that the sky is falling?,Chicken Little,Curious George,Jack Sprat,Tom Thumb,A,False,0.11277129,0.3697628,0.467424,0.050041955
Pop icon Tiny Tim was famous for playing what musical instrument?,ukulele,kazoo,accordion,fiddle,A,False,0.10602094,0.37587687,0.44636485,0.07173736
Which of the following is the highest level taxonomic rank?,Domain,Class,Phylum,Kingdom,A,False,0.017332114,0.27972618,0.6503828,0.05255899
When daylight-saving time arrives in the spring how do most Americans turn their clocks?,one hour forward,one hour backward,two hours forward,two hours backward,A,False,0.117257275,0.1328699,0.6961885,0.053684294
Which of these fashion designers was born in the United States?,Laura Ashley,Helmut Lang,Donna Karan,Christian Dior,C,True,0.06707341,0.42391703,0.43059275,0.078416765
Who was on the $500 bill?,Calvin Coolidge,Andrew Jackson,Aaron Burr,William McKinley,D,False,0.5843365,0.38925204,0.01820556,0.008205889
For a man and woman on a date 'dutch treat' means what?,The man pays,The woman pays,The Dutch pay,Each pays their own way,D,False,0.29880455,0.12072796,0.37186828,0.2085992
What city's residents are known as 'Knickerbockers'?,Boston,Philadelphia,New York City,London,C,True,0.18761411,0.11029264,0.6651498,0.03694341
Which of these college football programs has produced the most Heisman Trophy winners?,Notre Dame,USC,Oklahoma,Michigan,A,False,0.07678317,0.2256783,0.62311774,0.0744208
What does a pH level measure?,acidity,density,wavelength,humidity,A,False,0.28564048,0.20897903,0.3725454,0.13283515
If a hertz is equal to one cylce per second how many cycles per second does a megahertz equal?,-328716,1000,1000000,1000000000,C,True,0.025314143,0.19602424,0.7283184,0.05034319
"Every day was a happy day, and every night was peaceful. The sentence above can best be classified as",simple,compound,complex,compound-complex,B,False,0.21547987,0.12618022,0.5291675,0.1291725
Which of these holidays is not attached to a specific date?,Independence Day,New Year's Day,Thanksgiving,Christmas,C,True,0.15706119,0.24042706,0.42031756,0.18219417
Where is the Louvre museum?,Paris,Lyon,Geneva,Vichy,A,True,0.5776691,0.124929704,0.22621846,0.071182795
Which of the following guidance systems is principally a materials-handling device?,Escalator,Conveyor,Highway,Railroad,B,False,0.2440176,0.13267007,0.5247203,0.09859203
"A preschool teacher is teaching students about a color wheel, which is an organization of hues around a circle. Red, yellow, and blue are examples of which of the following kinds of colors on the color wheel?",Complementary,Primary,Secondary,Tertiary,B,False,0.5462201,0.06322957,0.32110623,0.0694441
A second-grade teacher has each student select a card at random that is marked with a three-digit number. Students then model their numbers with base ten blocks on a place value mat. Which of the following whole number concepts does the lesson best reinforce?,Comparing quantities,Describing quantities,Ordering quantities,Decomposing quantities,D,False,0.24886037,0.22881357,0.32584545,0.19648063
Which brand of cat food claims it's so tasty that 'cats ask for it by name'?,Fancy Feast,Cat Chow,Meow Mix,9-Lives,C,True,0.21133323,0.106265016,0.57446325,0.107938446
In the phrase 'Y2K' what does 'K' stand for?,millennium,computer code,catastrophe,thousand,D,False,0.18860203,0.2209292,0.3992705,0.19119829
What is the approximate speed of light?,165 miles per hour,122000 miles per hour,186000 miles per second,293000 miles per second,C,False,0.37880412,0.21248984,0.34490508,0.06380102
Which of these people was buried in the Valley of the Kings?,Louis XIV,Elvis Presley,Julius Caesar,King Tut,D,False,0.26556408,0.1466584,0.55348307,0.034294367
After Prince Charles who is next in line to be the king of England?,Prince William,Prince Andrew,Prince Edward,Fresh Prince,A,False,0.069501325,0.21745043,0.62921363,0.0838346
The disco band ABBA comes from what country?,Norway,Sweden,Switzerland,The Netherlands,B,True,0.22916868,0.63275504,0.106573336,0.031503018
When it's noon in New York during daylight-saving time what time is it in Honolulu?,6:00 AM,6:30 AM,7:00 AM,8:00 AM,A,False,0.122028224,0.24650379,0.5821641,0.049303863
"The total retail market value of all the goods and services produced in a nation, usually stated in annual terms, is the",ratio of profit to sales,current ratio,gross domestic product,trade surplus,C,True,0.20697132,0.19982141,0.40365034,0.18955697
What is the world‚Äôs most venomous fish?,Scorpion fish,Lion fish,Stonefish,Toadfish,C,True,0.22900061,0.061634675,0.652362,0.057002753
What force causes an ice cream cone to fly off of a spinning merry-go-round?,centrifugal,Vehicular,Gravitational,Torsal,A,False,0.3072906,0.17237441,0.44017348,0.08016154
Which of these words is spelled correctly?,decieve,foriegn,hygiene,wierd,C,False,0.15509467,0.4558486,0.17033817,0.21871854
The term 'chili con carne' refers to chili with what?,beans,meat,cheese,chili peppers,B,False,0.15101594,0.21632035,0.4951622,0.13750157
At what age can someone first attend an R-rated movie without an accompanying adult?,15,17,18,21,B,False,0.1321106,0.2046169,0.48893678,0.17433578
On TV's 'Seinfeld' what type of doctor did Mr Costanza go to when he sat on 'fusilli Jerry'?,ophthalmologist,cardiologist,neurologist,proctologist,D,False,0.1288323,0.17336279,0.6146245,0.08318038
In the comic strip 'Peanuts' what is Schroeder known for doing?,Dancing,playing football,playing the piano,Flying an imaginary plane,C,True,0.08750665,0.17676829,0.63656706,0.09915803
How is the Arabic numeral for '2' written?,2,II,I,ii,A,False,0.23677827,0.27682185,0.396529,0.0898709
What country gave us the fashionable headgear called the beret?,Switzerland,China,Mexico,France,D,False,0.33900008,0.24038705,0.37818193,0.042430837
How many spikes are on the Statue of Liberty's crown?,five,seven,nine,thirteen,B,False,0.4779443,0.30379987,0.17309996,0.045155823
In a game with no wild cards what is the highest possible poker hand?,straight flush,royal flush,full house,four of a kind,B,False,0.20822182,0.18664883,0.5660056,0.03912372
Moderate and frequent irrigation is normally most appropriate for a corn crop growing in a,dispersed alluvial fan soil,"heavy-textured soil, such as silty clay","light-textured soil, such as loamy sand",region of low humidity,C,True,0.22172499,0.10311169,0.58416754,0.09099575
What is the capital of North Dakota?,Bismarck,Fargo,Sioux Falls,Pierre,A,False,0.14662856,0.23431176,0.51178396,0.10727575
A fiscal policy to combat a recession would call for,an increase in taxes,an increase in government spending,a decrease in the reserve requirement,a decrease in the discount rate,B,False,0.40145302,0.16735052,0.3328162,0.09838029
An electric fence installed to keep both mature cattle and sheep in a field should have a wire placed at which of the following heights? I. 6 inches II. 18 inches III. 40 inches IV. 60 inches,I only,II only,II and III only,III and IV only,C,True,0.19616723,0.24508956,0.37517965,0.1835636
How much chicken excrement is produced in the United States every year?,4*10^10 kg,4*10^12 kg,4*10^14 kg,4*10^16 kg,A,False,0.048021514,0.06878764,0.8512017,0.031989224
According to the American Kennel Club what is the most popular breed Of dog in the US as of 1999?,Poodle,Beagle,German shepherd,Labrador retriever,D,False,0.047907867,0.32231516,0.4545372,0.17523971
What singer appeared in the 1992 baseball film 'A League of Their Own'?,Brandy,Madonna,Garth Brooks,Whitney Houston,B,True,0.06492267,0.63552207,0.25279322,0.04676204
How is the word 'ambulance' normally written on the front of American ambulances?,in French,in reverse,in braille,in gibberish,B,False,0.118491344,0.19766203,0.48541108,0.19843565
What is the colored part of the eye called?,iris,pupil,retina,cochlea,A,True,0.4372812,0.20335464,0.24529251,0.11407162
If you work as a 'dolly grip' what business are you in?,sheep farming,film production,construction,moving,B,True,0.075121894,0.59087944,0.2501941,0.083804525
Who was the longest reigning monarch in French history?,Louis XIII,Louis XIV,Louis XV,Louis XVI,B,False,0.10335036,0.4151956,0.4489335,0.032520637
The principles of xeriscaping are best exemplified by a homeowner who,installs an in-ground sprinkler system that operates on a timer,lowers the cutting height on the lawn mower to reduce the surface area in contact with the cutting blade,increases the use of fertilizer on the turfgrass to promote growth,replaces nonnative ornamentals with native shrubs that do not require irrigation,D,False,0.16894063,0.19293626,0.48126706,0.15685606
What was the revenue for flat screen televisions sold in Australia in the past 12 months (as of 2013)?,$120 million annual Revenue,$1.2 billion annual Revenue,$12 billion annual Revenue,$120 billion annual Revenue,B,False,0.21047664,0.20924698,0.41858277,0.16169353
What native empire controlled Large areas of South African Territory during the 19th century?,Hutu,Zulu,Aztec,Masai,B,False,0.24280709,0.21095446,0.4465906,0.099647835
How many keys are on a Standard piano?,20,54,88,100,C,False,0.9047387,0.04720601,0.030958457,0.017096885
The most important consideration in designing successful messages to be transmitted through graphic communications is knowledge and understanding of,current technologies,the capabilities of the designer,the limitations of the printer,the nature of the audience,D,False,0.22585544,0.2267394,0.36162156,0.18578362
Which one of these world leaders was assassinated?,Indira Gandhi,Ferdinand Marcos,Golda Meir,Neville Chamberlain,A,False,0.14871769,0.2001215,0.58818984,0.062971026
Which of these candy bars was named for a baseball player?,Baby Ruth,Clark Bar,Reggie Bar,Butterfinger,C,False,0.079083,0.61239225,0.23981625,0.06870851
The common term for someone who has difficulty seeing objects in the distance is what?,farsighted,nearsighted,hindsighted,hypermetropic,B,False,0.19486849,0.31139895,0.31630278,0.17742977
Where did jazz great Sun Ra claim he was born?,Atlantis,Mount Olympus,Saturn,in a saxophone,C,True,0.27176934,0.2984802,0.3832562,0.046494253
By what name is Bob Keeshan better known?,Bozo the Clown,Pee Wee Herman,Captain Kangaroo,Buffalo Bob,C,False,0.19280022,0.6943003,0.085554585,0.027344886
Where would you typically find a bailiff?,grocery store,courtroom,football stadium,doctor's office,B,True,0.26491383,0.38544735,0.23746723,0.11217157
Girls of what religious community traditionally wear bonnets?,Amish,Sikh,Roman Catholic,Christian,A,False,0.19878572,0.58426374,0.1524143,0.06453627
What New Age musician released a 1998 album titled 'King of the Pan3Flute'?,Zamfir,Yanni,Vangelis,Kenny G,A,False,0.102088355,0.22649291,0.59672934,0.07468943
Which of these is a fish?,sea horse,sea cow,sea snake,sea lion,A,False,0.24343473,0.076600134,0.59316576,0.08679933
How many airplanes are in the air worldwide right now (as of 2014)?,"5,000","20,000","80,000","320,000",B,False,0.15528414,0.24911454,0.45640546,0.1391958
Reindeer herding as an economic activity of the Sami in Norway is an example of which of the following types of diffusion?,Stimulus,Hierarchical,Relocation,Contagious,A,False,0.17181785,0.21550788,0.44219345,0.17048076
"When cool air flows from a high mountain region to a region of lower elevation, the air will",increase in moisture content,"condense, forming large amounts of dew",undergo adiabatic warming,undergo adiabatic cooling,C,True,0.09835857,0.13870783,0.6514787,0.11145487
In Greek mythology what is the name of Zeus' father?,Apollo,Cronus,Prometheus,Hercules,B,True,0.15058355,0.4425897,0.3726979,0.034128852
What disease does a carcinogen cause?,cancer,influenza,emphysema,heart disease,A,True,0.81319666,0.035175435,0.115335815,0.036292024
Who sang lead vocals for the band Big Brother and the Holding Company?,Grace Slick,Janis Joplin,Mama Cass,Karen Carpenter,B,False,0.27918974,0.28358635,0.3698663,0.06735766
Which Pope immediately preceded John Paul II?,John XXIII,Paul VI,John Paul I,Hank II,C,False,0.06148447,0.58334845,0.31224394,0.04292308
Which of these is not a spice?,dill,aniseed,cucumber,cayenne,C,True,0.17474635,0.22437875,0.47500983,0.12586507
Which of the following protocols is used to transport HTML pages from Web servers to Web browsers?,BOOTP,HTTP,SNMP,SMTP,B,False,0.083528176,0.38623035,0.48824093,0.042000607
What is the correct spelling of New Mexico's largest city?,Albuqerque,Albuquerque,Albequerque,Santa Fe,B,True,0.13147286,0.62722194,0.22017562,0.02112961
Which of the following best defines federalism?,A government in which the political leader is also the religious leader,The concentration of government power in the hands of a small group of people,The division of national power into different branches of government,The division of a country's power into national and subnational units,D,False,0.054730535,0.037032533,0.6667544,0.24148245
What sport is known as 'The Sport of Kings'?,polo,archery,yachting,horse racing,D,False,0.110930905,0.14243811,0.70110494,0.045525957
Which of the following is matched with its correct function?,Ovule ..... production of pollen,Vascular cambium ..... formation of apical meristem,Xylem ..... transport of sugars,Guard cell ..... regulation of transpiration rate,D,False,0.79476386,0.06225072,0.12773018,0.015255194
Which of the following protocols is usually associated with hyperinflation?,A rapid decrease in total spending,A rapid increase in money supply,A slow increase in exports,A slow increase in labor productivity,B,False,0.18657905,0.15958951,0.48394924,0.16988216
In which century was the greatest number of chemical elements discovered?,17th,18th,19th,20th,C,True,0.095492065,0.20939018,0.5431168,0.15200096
"The term ""Cold War"" refers to the",race between the United States and the Soviet Union to claim ownership of Antarctica,contest between the United States and the European Union for economic domination in the West,struggle between the United States and the Soviet Union to gain political hegemony in world affairs,competition between the Soviet Union and China for the resources of the Pacific Rim,C,True,0.23844066,0.15334868,0.413601,0.1946096
Which of the following articles of clothing has a hood?,Parka,kilt,lederhosen,sarong,A,False,0.19094166,0.20645717,0.5109864,0.091614805
Which of these measurements is equal to one square foot?,50 square inches,77 square inches,100 square inches,144 square inches,D,False,0.07924387,0.12466811,0.7062929,0.089795075
Which of the following is a disorder in ruminants that is characterized by an excessive accumulation of gas in the rumen?,Agalactia,Bloat,Bovine pleuropneumonia,Grass tetany,B,False,0.49443424,0.20611085,0.26881924,0.030635644
"_Whenever the mood strikes her_, Angela takes a short walk around the block. In the sentence above, the underlined portion can best be described as",an adjective clause,a relative clause,a subordinate clause,an independent clause,C,True,0.17789072,0.08944907,0.5310836,0.20157659
"What term is used to describe a""group of geese?",gaggle,gang,gander,grist,A,True,0.35245988,0.23848628,0.33631957,0.07273421
If you dial '411' on a telephone who are you calling?,the police,the White House,directory assistance,Moviefone,C,False,0.050265912,0.46951592,0.46951592,0.010702231
Which of these are not legumes?,beans,peas,radishes,peanuts,C,True,0.12700288,0.063861065,0.76592547,0.04321056
"In 1989 scientists from Norway discovered that there are far more viruses in oceans lakes, and streams than previously believed. How many viruses did they find that a milliliter of natural water might contain?",up to 250,up to 25000,up to 2500000,up to 250000000,D,False,0.23524347,0.22099079,0.3517655,0.19200012
Which company holds an annual self-named 'Bake-Off'?,Betty Crocker,Duncan Hines,Pillsbury,Keebler,C,True,0.011662563,0.4047457,0.5707829,0.01280882
Which of the following fiscal policy actions is most expansionary?,Increasing both government spending and taxes,Increasing government spending and decreasing taxes,Decreasing government spending and increasing taxes,Decreasing both government spending and taxes,B,False,0.04717416,0.10798273,0.7495487,0.09529442
Which of the following steps should be taken first to effectively present new information to coworkers?,Analyzing the audience,Determining the objective,Creating three to five key messages,Choosing a communication tool,B,False,0.23737554,0.20989273,0.37563872,0.17709295
What is the name of the character Played by Woody Allen in the 1967 James Bond film 'Casino Royale'?,Dr Evil,Q,Little Jimmy Bond,M,C,True,0.07485518,0.31515208,0.5277804,0.08221234
Which of the following is generally the first step taken in a large-scale commercial construction venture?,Filing applications for building permits and variances,Ordering the materials needed for the building foundation,Drafting a contract that spells out the details of the building plan,Holding a discussion between the developer and the designer/contractor about the scope of the construction,D,False,0.047181204,0.12430591,0.71533114,0.11318182
How many eyes does a Giraffe have?,one,two,three,four,B,False,0.6267866,0.086162165,0.15360066,0.13345057
What pro wrestler grapples with Sylvester Stallone in the movie-'Rocky III'?,Dolph Lundgren,Hulk Hogan,Andre the Giant,The Iron Sheik,B,False,0.17985244,0.20944905,0.4775645,0.13313392
Which of the following activities will be most effective in introducing kindergartners to the concept of how plants transport water?,Demonstrating that a celery stalk can be peeled lengthwise but not crosswise,Placing celery stalks in water colored with a dye and observing the results,Collecting rainwater in a rain gauge and comparing the amount of rainfall to a plant's growth rate,"Planting bean seeds in paper cups, placing them on the windowsill, and watering them daily",B,False,0.24161777,0.24590251,0.32134435,0.19113539
What is the function of mitochondria in the cell?,To generate energy,To process waste,To kill viruses or other antigens,To repair damage,A,False,0.14459954,0.1930657,0.46314055,0.19919428
Which of these is not one of the four basic forces in nature?,electromagnetic,gravitational,nuclear,centrifugal,D,False,0.04155702,0.08073151,0.7780214,0.09969011
Which of these is a slang term for 'police'?,fuzz,shrinks,bean counters,aardvarks,A,False,0.07813146,0.56836724,0.32384592,0.029655358
What is the name of the fruit that is half tangerine and half grapefruit?,graperine,tangefruit,tangelo,kumquat,C,True,0.14696342,0.2048371,0.5169759,0.13122356
What are the Smothers Brothers'(first names?,Frank and Bill,Tom and Dick,Dave and George,Ed and Pete,B,False,0.42182964,0.18428372,0.34428734,0.04959929
Which of the following great apes (the Hominidae) is NOT native to Africa?,Gorilla,Human,Chimpanzee,Orangutan,D,False,0.059014294,0.18608755,0.66491205,0.089986056
In the movie 'Star Wars' what kind of creature is Chewbacca?,Woolie,Woobie,Wookiee,Klingon,C,True,0.24684367,0.15690337,0.5476466,0.048606396
In the film 'Easy Rider' what emblem is on the back of Peter Fonda's leather jacket?,peace symbol,American flag,two white doves,Harley-Davidson logo,B,False,0.14458445,0.2875405,0.48153973,0.08633532
What are the tallest trees on Earth?,Coast Redwood,Coast Douglas Fir,Giant Sequoia,Sitka Spruce,A,False,0.12405984,0.22464335,0.44675666,0.2045401
Which of these painting tools has bristles on it?,Easel,Knife,Brush,Palette,C,True,0.16173038,0.13200049,0.59158516,0.114684016
Astronaut John Glenn served as a pilot in what branch of the military?,Army,Air Force,Marines,Navy,C,False,0.80528855,0.13145974,0.053114537,0.010137087
On the TV show 'CHiPs' what was Officer Frank Poncherello's-nickname?,Franky,Ponch,Chipper,Hot Dog,B,False,0.14827505,0.37276343,0.37863362,0.10032792
Which of the following criteria is the most important when assessing reading comprehension?,Ability to spell inventively,Ability to decode new words,Ability to identify the main idea,Ability to recognize rhyming patterns,C,True,0.1948723,0.18093282,0.44606715,0.1781277
Which of these games is not played with cards?,baccarat,rummy,craps,solitaire,C,False,0.36609465,0.22204763,0.3548311,0.05702655
In American football how many points is a touchdown worth?,two,three,six,seven,C,True,0.32134542,0.21074349,0.34207043,0.12584068
What is the most likely impact of an increase in interest rates?,Investment levels diminish,Employment increases,The value of the U.S. dollar increases,Mortgage rates decline,A,False,0.060829125,0.23501073,0.5593742,0.14478591
Whose profile can you see on the front of dimes that are currently in circulation?,George Washington,Thomas Jefferson,Benjamin Franklin,Franklin Roosevelt,D,False,0.060662746,0.10481583,0.7624827,0.0720388
Who is considered the owner of a 'publicly held' company?,the CEO,the stockholders,the president,the government,B,False,0.41042748,0.11397159,0.3402563,0.13534461
Which of the following candies is traditionally fruit flavored?,M&M's,Skittles,Reese's Pieces,Junior Mints,B,False,0.36587915,0.19280477,0.32797194,0.11334407
In 1926 the Harlem Globetrotters basketball team was formed in what city?,Boston,Philadelphia,Chicago,New York City,C,True,0.15277132,0.17930682,0.48931414,0.17860778
Which of the following steps in the design of a dog house would be earliest?,Acquiring all the tools necessary for the building,Purchasing all the materials for building the structure,"Identifying the color, shape, and style of the exterior surface",Accessing the measurements of the dog and all the interior materials,D,False,0.19929722,0.19166225,0.45977387,0.14926672
What was the name of the 1999 art exhibit that sparked a national debate about censorship?,Sticks & Stones',Pulsation',Black & White',Sensation',D,False,0.09623556,0.46634415,0.34118468,0.09623556
What was the title of Beethoven's only completed opera?,Faust',The Silence',Immortal Beloved',Fidelio',D,False,0.110920206,0.52096665,0.3260126,0.04210056
What is the name of the StarKist tuna mascot?,Charlie,Sam,Al,Morris,A,False,0.1624313,0.30824047,0.47741216,0.051916163
Which of the following groups was converted to Christianity in the tenth century C.E. by missionaries from the Byzantine Empire?,Franks,Visigoths,Russians,Anglo-Saxons,C,True,0.24810109,0.22945598,0.46351382,0.05892917
Which of these words is an adverb?,hurried,fast,speedy,quickly,D,False,0.07308167,0.12726419,0.6412713,0.15838283
On which part of a car would you find the 'caliper'?,battery,engine,radiator,brakes,D,False,0.18901132,0.56428355,0.18035586,0.06634921
Which of these plants is the national emblem of Scotland?,ivy,thistle,rose,linden,B,False,0.056219205,0.24805076,0.61393154,0.081798464
How much does it cost to air condition all American automobiles for a year (as of 2018)?,$10m,$100m,$1 billion,$10 billion,C,True,0.16437884,0.14005253,0.58734435,0.1082242
What fictional character claims to be 'smarter than the average bear'?,Paddington Bear,Fozzie Bear,Smokey Bear,Yogi Bear,D,False,0.24967712,0.4247151,0.24580625,0.079801604
If you are truly afraid of the dark what do you suffer from?,hypnophobia,cryptophobia,hadephobia,nyctophobia,D,False,0.056042783,0.22868957,0.60724235,0.108025305
Which of the following is a way in which Congress can influence the federal bureaucracy?,Increasing or decreasing departmental salaries,Appropriating funds,Appointing agency heads,Dismissing cabinet secretaries,B,False,0.097419456,0.1798831,0.6229677,0.099729694
What country was once ruled by shoguns?,China,Japan,North Korea,Taiwan,B,True,0.13474773,0.4558457,0.31823158,0.09117488
On what continent can you find tigers in the wild?,Africa,Asia,Europe,South America,B,False,0.1155791,0.40976346,0.44305995,0.031597566
"The construction of a transportation network that included roads, canals, and steamboats that took shape in the United States in the early decades of the nineteenth century had which of the following effects in the years before the Civil War?",It decreased the need for immigrant labor.,It stimulated the development of a market revolution.,It weakened the plantation system in the southern states.,It transformed the United States into an international military power.,B,False,0.22680123,0.24001816,0.34515578,0.18802482
What is the more common name for the disease 'pertussis'?,whooping cough,tennis elbow,black lung,German measles,A,False,0.18370406,0.19863147,0.56584835,0.05181611
The primary purpose of a Supervised Agricultural Experience ( SAE ) program is to,provide a basis for students to apply for and win proficiency awards,provide students with an income to be used to learn money management skills,"give students a chance to earn enough money to qualify for local, state, and national FFA degrees",allow students to apply skills learned in the classroom and learn new skills in a specialized area,D,False,0.23992363,0.22232689,0.3357135,0.20203593
An early-nineteenth-century railroad steam engine is an excellent example of which of the following power systems?,Internal combustion engine,External combustion engine,Rotary engine,Reaction engine,B,True,0.019978901,0.55713177,0.401287,0.021602342
With which of the following statements would both Thomas Hobbes and John Locke most probably have agreed?,Government authority is created as the result of a social contract.,Government must enforce religious law to prevent moral decay.,Government must enforce the majority's will regardless of the wishes of the minority.,Government must bend to the will of the educated minority.,A,False,0.120102756,0.1506426,0.5176427,0.2116119
In the classic song 'Take Me Out to the Ballgame' for whom do we 'root root root'?,the umpire,the home team,the bat boy,Mighty Casey,B,False,0.15814893,0.040616006,0.7544863,0.04674873
Who was Charlie McCarthy?,a US senator,a Chicago gangster,a famous baseball pitcher,a wooden dummy,D,False,0.7565958,0.12351087,0.06508566,0.05480762
How many states were in the Confederate States of America?,11,13,16,22,A,True,0.6172712,0.35171053,0.011483755,0.019534526
Who were the Chicago Seven?,war protesters,bluegrass musicians,bank robbers,mobsters,A,True,0.6794883,0.11993681,0.10420291,0.096371934
Which dwarf planet is closest to the Sun?,Pluto,Eris,Ceres,Makemake,C,True,0.19759226,0.17990978,0.57175213,0.050745886
What company makes perfumes called 'Beautiful' and 'Pleasures'?,Estee Lauder,Ralph Lauren,Elizabeth Arden,Calvin Klein,A,False,0.04685864,0.39234254,0.47325546,0.08754346
What nationality was Karl Marx?,Russian,German,Danish,English,B,False,0.7009442,0.118058264,0.040799845,0.14019765
In America what is the main ingredient in pepperoni?,Fish,pepper,wheat,meat,D,False,0.4749027,0.2042531,0.25025615,0.070587985
A student in the process of solving a fabrication problem in the manufacturing laboratory asks the teacher what assembly procedures should be used. The teacher's best response would be to,give an opinion as to the best assembly procedure for the particular problem,suggest two or three possible assembly procedures and have the student select one,place the responsibility completely on the student for making the judgment,use leading questions to help the student review and analyze the relative merits of several assembly procedures,D,False,0.20821944,0.20821944,0.42391375,0.15964738
"If the government places a price ceiling on leather garments that is below the equilibrium price, which of the following will occur in the market for leather garments?",There will be a shortage.,There will be a surplus.,The demand curve for leather garments will shift leftward.,The supply curve for leather garments will shift rightward.,A,False,0.22087209,0.22347566,0.35572085,0.19993141
"During President Dwight Eisenhower's administration in the 1950s, the federal government promoted significant changes in transportation in the United States by",establishing generous subsidies for urban mass transit,sponsoring research to develop less polluting automobiles,funding the construction of the interstate highway system,funding the establishment of a national railroad passenger system,C,True,0.13437587,0.13864143,0.5314669,0.19551575
Animals in which of the following groups may have a backbone and a spinal cord?,Mollusks,Chordates,Invertebrates,Echinoderms,B,False,0.36965168,0.058487386,0.54630977,0.025551248
Which of the following statements best illustrates active listening on the part of a second-grade teacher who is helping a student solve a personal problem?,"I have gathered the facts, and I know what really happened.","I understand you, and I know what is best for you.",I believe you understood the class rules.,I respect you as a person with your own ideas and feelings.,D,False,0.24906215,0.24376827,0.31545958,0.19170997
Which of the following stages is the first step in the writing cycle?,Outlining,Brainstorming,Publishing,Editing,B,False,0.101956695,0.101956695,0.65453374,0.14155285
Which of these is a government agency established to protect investors?,AAA,NBA,SEC,MADD,C,True,0.030730834,0.14891736,0.7802712,0.040080562
What character did Woody replace on the TV show 'Cheers'?,Coach,Diane,Norm,Frasier,A,False,0.11869054,0.3277151,0.4694302,0.084164195
Which of the following rocks would most likely form from the metamorphism of a shale?,Granite,Quartzite,Schist,Marble,C,True,0.10610343,0.40673602,0.43296823,0.054192327
"Which of the following states of matter is characterized by a closely packed arrangement of particles, resulting in a stable, definite shape and definite volume?",Solid,Liquid,Gas,Plasma,A,True,0.45827955,0.0902406,0.35690847,0.09457133
How old is the Earth approximately?,"50,000 years",300 million years,4.5 billion years,no one knows,C,True,0.13372372,0.22394508,0.57186383,0.07046745
"As part of a staffing strategy, a human resources manager hires new personnel through a hidden market. Which of the following best represents the use of a hidden market?",Posting the job opening to a social media Web site,Advertising the job opening on job posting Web sites,Receiving a recommendation from a current employee,Participating in a career fair at a local community college,C,True,0.24189018,0.23814,0.31982714,0.20014273
What liqueur is used to make a Pink Lady cocktail pink?,grenadine,schnapps,triple sec,pernod,A,False,0.18934488,0.24217579,0.40715548,0.16132386
What is the proper nautical use of an anchor?,to catch large fish,to calculate water depth,to hold a ship in place,to damage other boats,C,True,0.091996476,0.19248755,0.5882894,0.1272265
In ice hockey which of the following is not a penalty?,hooking,charging,carving,butt-ending,C,False,0.0613305,0.4749228,0.43242213,0.031324554
"Ethan, a new preschool student, does not talk or play with other students during center time. Which of the following strategies will best help him develop interpersonal relationships?",Demonstrating empathy for Ethan when there is a conflict during center time,Modeling how to show appropriate affection in the classroom,Encouraging students to name and discuss their feelings throughout the day,Identifying a student to be Ethan's partner and participate in center time with him,D,False,0.24399534,0.2319143,0.3322019,0.19188857
If a business files under Chapter 11 what is it doing?,declaring bankruptcy,selling stock,buying a smaller,company suing the government,A,False,0.07862907,0.16516237,0.65835315,0.097855456
How many $100 bills does it take to equal one million dollars?,one thousand,five thousand,ten thousand,one hundred thousand,C,False,0.37682194,0.14302547,0.36522833,0.1149242
A prekindergarten teacher is planning a lesson with a teaching objective of categorizing geometric objects by type of shape. Which of the following actions must children be able to perform successfully before the teacher teaches the lesson?,Identifying attributes of objects,Recognizing the position of whole numbers,Creating sets of objects using counters,Matching values with their numerical representatives,A,False,0.2344505,0.18474254,0.4082713,0.17253564
What former 'Today' show personality played a neighbor on the TV sitcom 'The Hogan Family'?,Jane Pauley,Willard Scott,Deborah Norville,Joe Garagiola,B,False,0.22509558,0.28902844,0.42715633,0.058719687
"If one party to a contract is forced to sign, the contract is defined as",enforceable,executory,unilateral,voidable,D,False,0.036212597,0.18679878,0.70497125,0.07201735
What was the name of the first ship to sail around the world?,Triton,Victoria,Magellan,Elizabeth II,B,False,0.22359383,0.2739529,0.4309884,0.07146488
Which of the following was a direct result of the First Opium War of 1839-1842?,The Chinese commissioner of trade in Canton (Guangzhou) banned the opium trade in that city.,China was forced to open some of its ports to international trade.,Chinese revolutionaries toppled the Qing dynasty.,Chinese leaders set out to remake their economy along Western lines.,B,False,0.23028515,0.24322958,0.33180675,0.19467852
What animal is considered sacred in India?,Sheep,Cow,Chicken,Dog,B,False,0.03825149,0.032718234,0.8843098,0.04472052
In computer terminology what does the acronym 'FTP' stand for?,file transfer protocol,full time portal,full text processor,free to print,A,False,0.03386584,0.18888848,0.75883305,0.018412538
What is the art of elegant handwriting called?,calligraphy,engraving,decoupage,lithography,A,False,0.14123063,0.2517708,0.40390328,0.20309532
By what collective name do Christians refer to God the Father God the Son and the Holy Ghost?,the Trio,the Troika,the Triumvirate,the Trinity,D,False,0.16080895,0.16334131,0.59747773,0.078372024
In what year did the United States last win an Olympic gold medal in men's ice hockey?,1976,1980,1984,1988,B,False,0.06369336,0.41533285,0.4352651,0.08570878
What term describes the passing of genetic traits from one generation to the next?,heredity,heresy,homogeneity,hemoglobin,A,False,0.03602513,0.12574005,0.7583096,0.07992524
Modern computer microchips are primarily composed of what element?,Sodium,Silicon,Aluminum,Silver,B,False,0.052515626,0.38804093,0.5061008,0.05334263
The film 'Stand By Me' is based on a novel by what author?,Anne Proulx,Stephen King,Dean Koontz,Frank McCourt,B,False,0.11673144,0.17251788,0.59979904,0.11095167
What kind of car did Burt Reynolds drive in the movie 'Smokey and the Bandit'?,Lamborghini,Camaro,Corvette,Transam,D,False,0.08219737,0.6990682,0.17675212,0.041982308
Which of the following is the best description of traditional phonics instruction?,Students study lists of high-frequency words in order to increase reading speed and comprehension.,"Students are taught individual letter sounds first, followed by letter combination sounds and the rules of putting these combinations together to make words.","Students are immersed in written language, and encouraged to decode entire words using context clues.",Students analyze patterns of organization and syntax as a way of learning to recognize common structures.,B,False,0.23410994,0.21693958,0.3487057,0.20024484
Who composed the 'Moonlight Sonata'?,Mozart,Handel,Bach,Beethoven,D,False,0.08140266,0.58298296,0.29775855,0.037855756
The first commercial radio station was located in what city?,Chicago,Austin,Pittsburgh,Cleveland,C,True,0.25029996,0.30191937,0.4062769,0.0415038
Which of these is not a position on an American football team?,quarterback,tight end,striker,free safety,C,True,0.3192227,0.21599686,0.36742306,0.097357415
Which of these is not a type of primate?,baboon,marmot,orangutan,chimpanzee,B,False,0.100443594,0.12897211,0.65497446,0.11560986
In 1986 Libyan leader Muammar Qaddafi drew a so-called 'Line of Death' overwhat body of water?,Gulf of Sidra,Gulf of Oman,Red Sea,Persian Gulf,A,False,0.03366538,0.32443818,0.5349081,0.106988356
What is the nickname of Florida's controversial death row electric chair?,Old Yeller,Old Geezer,Old Smoky,Old Sparky,D,False,0.099209934,0.44462806,0.3686096,0.08755246
The dance known as the 'fandango' is of what origin?,Australian,African,Native American,Spanish,D,False,0.15706882,0.25896272,0.531357,0.052611466
In what restaurant can you order a Grand Slam breakfast?,Denny's,McDonald's,Burger King,Hardee's,A,False,0.111913815,0.30900395,0.40301713,0.17606515
Which of these minerals is hardest on the Mohs scale?,Corundum,Quartz,Apatite,Calcite,A,False,0.10888342,0.15355024,0.6566511,0.08091529
Which of the following beverages is brewed from the leaves of a plant?,tea,coffee,ginger ale,wine,A,False,0.06662491,0.1912853,0.642074,0.10001584
"According to Erik Erikson, the primary dilemma faced in adolescence is",industry vs. inferiority,identity vs. identity confusion,generativity vs. stagnation,integrity vs. despair,B,False,0.24884892,0.23838265,0.32456017,0.18820825
What literary work is the source of the quote 'Abandon every hope all you who enter here'?,Paradise Lost',The Wizard of Oz',The Divine Comedy',Beowulf',C,True,0.07204602,0.113344304,0.6522514,0.16235821
What's the popular name of the breakfast meal consisting of sausages wrapped in pancakes?,ducks in a pond,pigs in a blanket,cows in a pasture,dogs in the oven,B,False,0.17120376,0.19399929,0.55265254,0.08214446
Which of the following is not a TV cartoon duo?,Chip and Dale,Beavis and Butt-head,Simon and Garfunkel,Tom and Jerry,C,False,0.4126831,0.1889401,0.2972445,0.10113234
Which of these is not a 'lock' function on a standard desktop computer keyboard?,print lock,number lock,scroll lock,caps lock,A,False,0.19985563,0.22602421,0.38673955,0.18738064
The American patriot Paul Revere was named for his father whose original name was what?,John Paul Revere,Paul Silver,Apollos Rivoire,Paolo Reverini,C,True,0.18086408,0.21310996,0.44070283,0.16532315
Which of these movies does not star Jim Carrey?,Patch Adams',The Truman Show',Dumb and Dumber',The Mask',A,True,0.44107163,0.354411,0.14097497,0.063542396
What is the name of Mario's brother in the 'Super Mario' video games?,Louis,Luigi,Luciano,Zelda,B,False,0.30467805,0.25656465,0.3675119,0.07124543
Who wrote the lyrics of the Frank Sinatra anthem 'My Way'?,Frank Sinatra,Kris Krist offerson,Carole King,Paul Anka,D,False,0.19945015,0.22163528,0.4029004,0.17601416
In the movie Austin Powers: The Spy Who Shagged Me what is the name of Dr Evil's diminutive clone?,Little Buddy,Mini-Me,Small Fry,Dr Evil Jr,B,False,0.039053235,0.21111979,0.6709373,0.0788897
What is the chemical process wherein a solid is turned to a liquid via the application of heat?,distillation,photosynthesis,freezing,melting,D,False,0.12820092,0.24711373,0.51502925,0.10965606
In what state is the 1999 movie Magnolia' set?,California,South Carolina,Georgia,Texas,A,True,0.56600773,0.06974584,0.3541986,0.010047841
How long is the time on an NBA shot clock?,18 seconds,24 seconds,30 seconds,35 seconds,B,False,0.76491636,0.13086176,0.07456278,0.029659025
The Pointillist paintings of Georges Seurat are most notable for containing which of the following characteristics?,An expressionistic use of broad brushstrokes and tactile surface texture,Lively figures created through the use of forceful lines,Static figures and a sense of optical surface movement,An emotional use of strident colors with a high degree of simplification,C,True,0.16920455,0.22154808,0.40274188,0.2065055
Backgammon is a how many player game?,Two,Three,Four,Six,A,True,0.389203,0.08821051,0.29378584,0.22880064
According to the children's nursery rhyme what type of ocean did Columbus sail in 1492?,calm,blue,windy,really big,B,True,0.10554438,0.60736597,0.26122487,0.025864761
Which of these refers to an alcoholic drink laced with a knockout drug?,Zombie,Kamikaze,Mickey Finn,Molotov cocktail,C,True,0.11030448,0.17764854,0.5870556,0.12499136
"Students are reading the following passage from the National Park Service's Web site. Ten miles long and nearly 500 feet deep (152.4 m meters), Lake McDonald, the largest lake in the park, is a direct result of glacial carving. High peaks surrounding the lake all show evidence of the power of glaciers to carve even the hardest of rock. The powerful glaciers that carved the broad U-shaped valley that Lake McDonald sits in also carved smaller hanging valleys with wonderful waterfalls that are accessible by numerous hiking trails. Which of the following best identifies the intended audience of the passage?",Scientists researching glacier development,Teachers interested in creating virtual park field trips,Academics studying the historical context of national parks,Families interested in visiting Lake McDonald,D,False,0.2380032,0.2533531,0.31777596,0.1908678
How do you express 3/4 as a decimal?,0.25,0.5,0.75,0.9,C,False,0.14651899,0.35148078,0.34603158,0.15596865
What tea is known for its distinctive bergamot flavor?,Earl,Grey Darjeeling,English Breakfast,Prince of Wales,A,False,0.09403309,0.34937534,0.4280636,0.12852801
"Science fiction: readers claim to either love it or loathe it; either they avoid it like poison or they devour favorite works and authors like chocolate addicts gulping down fudge truffles. The author of the passage compares certain readers with ""chocolate addicts"" primarily in order to",suggest that science fiction is not a serious literary genre,indicate the depth of certain readers' feelings about science fiction,explain why some readers consider science fiction to be dangerous,contrast the characteristics of science fiction with those of other literary genres,B,False,0.4065515,0.20442694,0.32160872,0.067412846
Which of these foods could contain small amounts of naturally occurring opium?,chocolate truffles,poppy seed bagels,carbonated soda,sesame chicken,B,True,0.15976216,0.6318716,0.18103424,0.027332082
What is the slowest wind speed a hurricane can have according to the Saffir-Simpson scale?,50 m.p.h.,74 m.p.h.,96 m.p.h.,110 m.p.h.,B,False,0.15100011,0.29449126,0.40409726,0.15041141
In which of the following bands did Jimmy Page not play guitar?,Bad Company,The Firm,Led Zeppelin,The Yardbirds,A,False,0.08548952,0.6027598,0.23976128,0.071989395
Which of these magazines does not focus on natural science?,Tiger Beat,Outside,National Geographic,Smithsonian,A,False,0.09441468,0.20541663,0.5562034,0.1439652
Which of the following artists is an English landscape painter who created a poetic sense of changing atmospheric effects by using tiny applications of local color?,John Constable,William Morris,William Hogarth,Joshua Reynolds,A,False,0.061621424,0.20846258,0.6729255,0.056990504
A flashing red traffic light signifies that a driver should do what?,stop,speed up,proceed with caution,honk the horn,A,True,0.48873964,0.27847546,0.19139318,0.041391682
Which composer was famous for writing approximately 600 lieder?,Schubert,Beethoven,Liszt,Mozart,A,False,0.1280905,0.5651618,0.25078905,0.0559586
"Students in a fourth-grade science class are learning about processes that change Earth's surface. Which of the following is the best example of an agent that gradually shapes Earth's surface by taking bits of rock, soil, and other substances away from their original locations and depositing them in other locations?",Fire,Lightning,Water,Sunlight,C,True,0.123634,0.13472869,0.49862626,0.24301103
What country does Bordeaux wine come from?,France,Spain,Australia,United States,A,False,0.19956534,0.5424748,0.2059002,0.052059725
What is the loudest animal on earth?,African elephant,sperm whale,blue whale,Indian elephant,C,False,0.34973797,0.48556307,0.1266667,0.038032237
Which of these household pets should be vaccinated for parvovirus?,hamster,cat,dog,bird,C,True,0.11909993,0.18884006,0.52344483,0.16861519
Which color is not considered to be one of the primary colors of light?,red,yellow,green,blue,B,False,0.15825357,0.24510793,0.42350852,0.17312993
If someone has cataracts what part of their body might need an operation?,ear,hand,eye,knee,C,True,0.13973255,0.084752075,0.72079533,0.054720055
"""I counted seven ministers all preaching at once . . . . Some of the people were singing, others praying, some crying for mercy in the most piteous accents."" The quotation above describes group participation in an event that was most characteristic of which of the following?",A meeting of the Pennsylvania Quakers during the time of the Revolution,A frontier camp meeting of the Second Great Awakening during the early nineteenth century,A presentation to a Chautauqua Assembly during the late nineteenth century,A convention of the Women's Christian Temperance Union during the late nineteenth century,B,False,0.23931903,0.23560873,0.3401409,0.1849314
In baseball how many balls make a walk?,one,two,three,four,D,False,0.7554733,0.052220203,0.10065708,0.091649316
What term describes a tribe that has no set homeland and wanders from place to place?,Nomadic,Pedantic,Schematic,Cathartic,A,True,0.4950449,0.12131596,0.30025992,0.083379164
What is the official language of The Netherlands?,Danish,Swedish,German,Dutch,D,False,0.2731787,0.06799955,0.4100898,0.24873203
Which of these foods is not traditionally considered kosher?,citrus fruits,barley,chicken,shellfish,D,False,0.30112284,0.43133858,0.12750344,0.14003514
The use of inexpensive labor in Asian countries by footwear companies based in the United States and Europe is an example of which of the following?,Primary economic activity,Global division of labor,Intervening opportunity,Global-local continuum,B,False,0.14454846,0.1856039,0.51047087,0.15937679
Which one of the following instruments is used to measure humidity?,anemometer,ammeter,hygrometer,barometer,C,False,0.21219057,0.415449,0.21219057,0.16016985
"Jacques, Hedwig, and Reyes want to form a business entity through which they can raise capital by selling equity shares to the public. Which of the following business structures should they adopt?",LLC,PC,Corporation,LLP,C,True,0.23417222,0.2283013,0.34339088,0.1941356
In the Arthurian legend who is married to Guinevere?,Merlin,King Arthur,Lancelot,Camelot,B,False,0.42243323,0.39068687,0.14372566,0.04315427
What does the 'ROM' in CD-ROM stand for?,Really Obscure Memory,Run-Other Memory,Random Object Memory,Read-Only Memory,D,False,0.08047574,0.28531128,0.4929737,0.14123933
In the card game blackjack how much are a queen and a king worth-together?,11,15,20,21,C,True,0.21208972,0.23293498,0.38254762,0.17242773
Which of these performers made her film debut in Spike Lee's 'Dothe Right Thing'?,Jennifer Lopez,Rosie Perez,Paula Abdul,Tisha Campbell,B,False,0.10255187,0.3061633,0.45960557,0.1316792
"A farmer buys a new tractor for $40,000 and expects to use it for 20 years, after which the tractor will have a salvage value of $10,000. What is the straight-line depreciation that can be taken for the first year of ownership?",1500,1667,2000,2250,A,False,0.25132653,0.21878316,0.35512012,0.17477016
In which kind of geometry is the sum of the angles inside a triangle exactly equal to 180 degrees?,elliptical,euclidean,hyperbolic,linear,B,False,0.20995533,0.21367858,0.39071897,0.18564716
Which of the following short-run costs always increases as output increases?,Average total cost,Marginal cost,Total fixed cost,Total variable cost,D,False,0.09035805,0.18540268,0.6888545,0.035384722
"The book announced an insane world of dehumanization through terror in which the individual was systematically obliterated by an all-powerful elite. Its key phrases‚ÄîBig Brother, doublethink, Newspeak, the Ministry of Peace (devoted to war), the Ministry of Truth (devoted to lies), the Ministry of Love (devoted to torture)‚Äîburned their way at once into the modern consciousness. The passage above discusses",E.M. Forster's A Passage to India,Thomas Pynchon's V.,George Orwell's 1984,Flannery O'Connor's The Violent Bear It Away,C,True,0.11247769,0.23442362,0.50409,0.14900872
What is the capital of New Zealand?,Sydney,Wellington,Auckland,Melbourne,B,False,0.103383124,0.088428274,0.728922,0.07926659
What popular toy is featured in the film 'The Hudsucker Proxy'?,Beanie Babies,Hula Hoop,Lincoln Logs,Lite Brite,B,True,0.032069586,0.47125915,0.45676002,0.039911248
What is the most popular month for weddings in America?,January,May,August,November,C,True,0.027814964,0.4087379,0.52482986,0.038617253
Which of the Three Stooges was not related to the others?,Moe,Larry,Curly,Shemp,B,False,0.15221535,0.2549127,0.49909487,0.09377715
What is the name for the thin board used to mix colors while painting?,pestle,easel,shoe,palette,D,False,0.02681324,0.11113779,0.77749974,0.08454917
Which of these foods could you catch at sea?,shallot,stollen,scallop,scone,C,False,0.51810265,0.21937846,0.19664958,0.06586936
If a ring has the number 925 stamped into it it is most likely made of what material?,platinum,gold,steel,silver,D,False,0.12228725,0.07773051,0.76089686,0.039085355
Which of the following questions can a student ask to best determine whether an author is using the persuasive technique of pathos in a passage?,Does the author use tone and style to convey authority on the subject to the audience?,Does the author use credible and reliable sources to convince the audience of the argument?,Does the author use facts and sound reasoning to substantiate claims made to the audience?,Does the author use personal connections and stories to appeal to the audience's emotions?,D,False,0.24778694,0.2229841,0.3347388,0.1944902
During which war did US troops fight the Battle of New Orleans?,American Revolution,Civil War,Mexican War,War of 1812,D,False,0.2939724,0.31293198,0.2761615,0.116934136
What animal is used to make lard?,pig,cow,snake,chicken,A,False,0.32555825,0.10569329,0.512175,0.05657354
"If the permeability of subsoil is rapid, the subsoil texture is most likely classified as",coarse,medium,fine,silty,A,False,0.21246938,0.19959651,0.4047741,0.18316005
"A passage Jane Eyre is as follows. This was all the account I got from Mrs. Fairfax of her employer and mine. There are people who seem to have no notion of sketching a character, or observing and describing salient points, either in persons or things: the good lady evidently belonged to this class; my queries puzzled, but did not draw her out. Mr. Rochester was Mr. Rochester in her eyes, a gentleman, a landed proprietor‚Äìnothing more: she inquired and searched no further, and evidently wondered at my wish to gain a more definite notion of his identity. Mrs. Fairfax differs from the speaker in that Mrs. Fairfax",has more interest in the complexities of people's personalities,judges people by their social station in life,is more willing to take people at face value,has a more positive opinion of Mr. Rochester,C,True,0.05590156,0.32169127,0.46805802,0.15434915
Earth's seasons are caused by which of the following?,The tilt of Earth's axis of rotation relative to the ecliptic as Earth revolves around the Sun,The varying amount of sunspot activity,Earth's orbit about the Sun as an ellipse rather than a circle,The rotation of Earth during a 24-hour day,A,False,0.08953014,0.04295703,0.671961,0.1955518
According to the Bible Moses and Aaron had a sister named what?,Jochebed,Ruth,Leah,Miriam,D,False,0.24463783,0.40969127,0.3190679,0.02660313
Where is the Frank Lloyd Wright-designed house known as Falling Water?,Connecticut,Pennsylvania,Illinois,New York,B,True,0.10208014,0.57832336,0.25265077,0.06694579
In the story 'Jack and the Beanstalk' what does Jack trade to get the magic beans?,a cow,a hat,a harp,a goose,A,False,0.12795971,0.1891122,0.56458473,0.11834339
Which of these vitamins was the first to be named?,Vitamin A,Vitamin-12,Vitamin E,Vitameat avegimen,A,False,0.22764887,0.22809394,0.3437497,0.20050743
How many water molecules are in a human head?,8*10^21,8*10^23,8*10^25,8*10^27,C,True,0.1625506,0.11708081,0.66330796,0.057060633
Who wrote musicals with Oscar Hammerstein II?,Richard Rodgers,Rogers Hornsby,Gilbert O' Sullivan,George Rogers Clark,A,False,0.068449005,0.2996609,0.5426158,0.08927433
If Christmas Day is on a Saturday then the following New Year's Day falls on what day of the week?,Sunday,Monday,Friday,Saturday,D,False,0.15131989,0.23436882,0.43107024,0.18324101
What Mexican holiday takes place on May 5th?,Mexican Independence Day,Santa Anna's Birthday,Cinco de Mayo,Christmas,C,False,0.08343452,0.666598,0.22679855,0.023168929
Which of the following is a type of bacterium that produces a toxin in food under anaerobic conditions?,Clostridium botulinum,Clostridium tetani,Mycobacterium bovis,Staphylococcus aureus,A,False,0.05804016,0.26628646,0.5593415,0.11633195
Which of the following lists the gases that were most likely the largest components of Earth's early atmosphere?,N_2 and O_3,C_2H_4 and O_2,"Ne, Ar, Kr, and Rn","N_2, H_2O, CO_2, CH_4, and NH_3",D,False,0.2219933,0.23769934,0.34856305,0.19174433
What disease is characterized by a body's inability to properly metabolize glucose?,Influenza,Septicemia,Diabetes,Arthritis,C,True,0.22499646,0.2113646,0.49917644,0.064462565
Who co-founded Microsoft with Bill Gates?,Steve Jobs,Steve Wozniak,Paul Williams,Paul Allen,D,False,0.027632106,0.06525831,0.83316225,0.07394735
Who was the first First Lady to run for political office?,Hillary Clinton,Rosalynn Carter,Bess Truman,Eleanor Roosevelt,A,False,0.052727696,0.48487487,0.39574334,0.06665406
Who or what was Big Bertha?,a comet,a World War I gun,a pro wrestling champion,a giant Muppet,B,False,0.85303164,0.06786677,0.060835388,0.018266095
To ward off bad luck what do many people do to wood?,knock on it,kiss it,thank it,scratch it,A,False,0.08281783,0.17532535,0.63384193,0.108014815
What kind of flying contraption is featured in the movie 'Chitty Chitty Bang Bang'?,boat,car,truck,bike,B,False,0.0154152,0.29544392,0.65547097,0.033669893
"What is the name of the disease that has been referred to as the ""disease of kings""?",hemophilia,jaundice,rubella,syphilis,A,False,0.18449698,0.25515008,0.38153234,0.17882061
Among these elements which one has the highest atomic mass?,Helium,Sodium,Uranium,Copper,C,False,0.58826566,0.16854094,0.1909819,0.05221154
What car company once manufactured and sold the 'Datsun' line of automobiles?,Nissan,Mazda,Toyota,Daihatsu,A,False,0.13534556,0.2910387,0.32467714,0.2489386
Which part of the electromagnetic spectrum has the shortest wavelength?,Gamma rays,X-rays,Radio waves,Microwaves,A,False,0.16628902,0.18843013,0.4737133,0.17156759
Which of the following is a renewable energy source?,Wood,Oil,Natural gas,Coal,A,True,0.4939495,0.10516792,0.32394,0.076942496
A _ is a plant cell that helps control the passage of materials into and out of the stomates.,Cell membrane,Cytoplasm,Guard cell,Cellulose,C,True,0.32021642,0.18532702,0.44457644,0.049880095
Which of the following has reduced the power of political parties?,An increase in the number of direct primary elections,A surge in soft-money campaign contributions,Stricter voter registration requirements,A decline in the number of political action committees,A,False,0.41924384,0.08787829,0.4677003,0.02517755
Poverty as defined by the United States government is best understood as,the index value of government services such as Medicaid and public housing,the concept of relative deprivation and is based on changes in the distribution of income,an absolute level set in the 1960s and since adjusted to reflect inflation at the consumer level,a concept based on lifestyle and measured on a sliding scale based on the needs of an individual,C,True,0.22943388,0.10181067,0.5251794,0.14357606
What internet company goes by the acronym AOL?,America Over Lines,America Online,Americans On Links,Americans On LOR,B,False,0.08075091,0.13523233,0.7310591,0.052957743
What was the original name of the Apple Macintosh XL computer?,Lisa 2,Mac Daddy,Granny Smith,Orange XL,A,False,0.043435156,0.153991,0.71204716,0.09052664
What country is famous for making wooden shoes?,Russia,Thailand,The Netherlands,Australia,C,True,0.16217463,0.13656473,0.574959,0.12630172
A knish is traditionally stuffed with what filling?,potato,creamed corn,lemon custard,raspberry jelly,A,True,0.7275053,0.17828284,0.07788601,0.016325794
Including the bottom how many sides are on a square-based pyramid?,three,four,five,six,C,False,0.24577779,0.5804495,0.11978253,0.05399022
Which of these is not a traditional Greek dish?,sukiyaki,souvlaki,moussaka,finikia,A,False,0.30063856,0.2868713,0.36263934,0.049850762
What color is Pepto-Bismol liquid?,pink,blue,clear,green,A,False,0.22044037,0.18275149,0.4453018,0.1515063
Which of the following groups was converted to Christianity in the tenth century AD by missionaries from the Byzantine Empire?,Franks,Visigoths,Russians,Anglo-Saxons,C,False,0.43491074,0.14567685,0.36055365,0.058858767
"A passage from Zora Neale Hurston's Their Eyes Were Watching God is as follows. The people all saw her come because it was sundown. The sun was gone, but he had left his footprints in the sky. It was the time for sitting on porches beside the road. It was the time to hear things and talk. These sitters had been tongueless, earless, eyeless conveniences all day long. Mules and other brutes had occupied their skins. But now, the sun and the bossman were gone, so the skins felt powerful and human. They became lords of sounds and lesser things. They passed nations through their mouths. They sat in judgment. Which of the following is the best way of describing the last three sentences of the passage (""They became . . . in judgment"") ?",The sentences emphasize the weariness the sitters feel after a long day's work.,The sentences are used to paint a picture of the way in which the sitters wish they spent their evenings.,The sentences are a vivid way of describing the ease and authority the sitters feel during the evening.,The sentences highlight the contrast between the feelings of the sitters and the feelings of the bossman.,C,True,0.23397064,0.2554652,0.30042425,0.21013995
What Native American tribe did chief Crazy Horse lead?,Apache,Comanche,Sioux,Iroquois,C,True,0.27372772,0.29138163,0.34602425,0.088866375
Which of the following people would benefit most if the value of the United States dollar increased relative to the Japanese yen?,A United States car dealer importing Japanese cars,A Japanese tourist vacationing in the United States,A worker in the United States beer industry,A Japanese baker buying United States wheat,A,False,0.20407465,0.21936819,0.39183062,0.18472654
What is the fundamental basis of competition in a market with poorly differentiated products?,Promotion,Product placement,Price,Value proposition,C,True,0.21591425,0.20683317,0.39790347,0.17934915
The phrase 'hospital corners' refers to what?,bed sheets,paint,landscaping,scissors,A,False,0.24477713,0.45730385,0.22994682,0.067972146
What sporting event is held annually on Memorial Day weekend?,Iditarod,Kentucky Derby,Indianapolis 500,Super Bowl,C,True,0.37201557,0.12460962,0.41501337,0.08836145
"A student comes across the unfamiliar words ""intercontinental,"" ""interglacial,"" ""interface,"" and ""intercept"" in his reading. The student can use his knowledge of affixes to understand that all of the words share which meaning?",between; among,not; opposite of,earth; environment,under; too little,A,False,0.22782046,0.23140812,0.35771257,0.18305889
"Ballad opera, opera buffa and opéra comique shared which feature?",They contained da capo arias,They began with a French overture.,They focused on everyday problems.,They contained obbligato recitative.,C,True,0.14303565,0.15956779,0.35959157,0.33780503
What is the national animal of Australia?,koala,kangaroo,platypus,alligator,B,False,0.109916955,0.048775353,0.81218255,0.029125094
"In weaving, the vertical and horizontal threads in a loom are called the",bobbin and quill,shuttle and paddle,ply and twist,warp and weft,D,False,0.24492946,0.23371333,0.33023298,0.19112419
The majority of calcium in the human body is found where?,Hair,Blood,Bones,Digestive tract,C,False,0.11316173,0.60226226,0.23956338,0.045012623
Which of these is made from cacao seeds?,marzipan,soy sauce,chocolate,anchovies,C,False,0.76138264,0.081512876,0.11860054,0.038503956
Which of the following charts is used in advanced manufacturing to record results data for a preproduction process?,R chart,Run chart,X-bar chart,Pareto chart,B,False,0.17461862,0.18299875,0.5636758,0.07870678
A first-grade teacher is planning activities to introduce students to nonstandard units of measurement. Which of the following activities will best meet the teacher's goal?,"Asking students to stand in a line, from the shortest person to the tallest",Asking students to use pencils to measure the length of a desk,Asking students to determine how many one-liter bottles of water can fill a onegallon container,Asking students to use a measuring tape to measure the length of the classroom door,B,False,0.22861823,0.19516599,0.38889274,0.18732308
"When scanning a drive for viruses, it is typically important to check files having which of the following extensions?",.jpg,.pdf,.wav,.exe,D,False,0.1078289,0.1556692,0.57838124,0.15812063
What term describes a word created by rearranging the letters of another word?,onomatopoeia,malapropism,anagram,antonym,C,True,0.094699055,0.26559004,0.5200001,0.119710825
What biological process replicates DNA?,molting,mitosis,diffusion,peristalsis,B,True,0.3108757,0.35781574,0.2700935,0.061215058
Louis Pasteur developed which vaccine?,polio,rabies,smallpox,anthrax,B,True,0.11865248,0.427284,0.37123078,0.08283278
Which of these planets has no known moon?,Neptune,Mercury,Mars,Saturn,B,False,0.4484161,0.07094973,0.1525659,0.32806826
According to a Yale University study what smell is the most recognizable to American adults?,tuna,laundry,popcorn,coffee,D,False,0.3591729,0.17780349,0.39447427,0.06854935
According to the USDA which food group should you eat the most servings of per day?,vegetables,dairy,meats,breads,D,False,0.24456377,0.14154266,0.47883266,0.13506095
Which of these organs comes in A pair?,liver,kidney,stomach,gallbladder,B,False,0.6632905,0.06465646,0.23283687,0.039216127
"Carmen spends her entire weekly income on two goods: X and Y. At her current consumption level of the two goods, the marginal utility of the last dollar spent on good X is 5 and the marginal utility of the last dollar she spent on good Y is 10. To maximize her utility, Carmen should",maintain her current consumption level of the two goods,buy fewer units of X and more units of Y,buy fewer units of Y and more units of X,buy fewer units of both X and Y,B,False,0.2295421,0.22598337,0.3639527,0.18052189
The British dish 'bangers and mash' is made up of sausage and what?,eggs,bacon,liver,potatoes,D,False,0.17160614,0.5043785,0.27854428,0.045471102
Where are fireworks first known to have been developed?,Italy,China,Great Britain,Greece,B,False,0.2962084,0.11599689,0.25735033,0.33044437
What is the name of the Swedish company that specializes in affordable furniture?,Gambro,Electrolux,Saab,IKEA,D,False,0.047298487,0.15387888,0.7515241,0.047298487
A committee of middle school teachers is meeting to begin the process of finding a software program to improve students' drafting skills. Which of the following steps should the committee take first in the process?,Downloading a trial version of the most popular software for evaluation,Conducting a survey to determine the importance of drafting skills in the classroom,Defining the learning objectives they would like the software to meet,Deciding what type of user interface would be most appropriate,C,True,0.22316752,0.22535758,0.3587164,0.19275855
Which of the following words cannot be decoded through knowledge of letter-sound relationships?,Flight,Said,Things,Lamp,B,False,0.053232223,0.20727342,0.6285489,0.11094547
In what country are police officers referred to as 'bobbies'?,Israel,Greece,England,France,C,False,0.14207314,0.5531986,0.25327277,0.051455487
The ability to do which of the following is a characteristic of all living organisms?,Move from place to place,Detect and respond to changes in the environment,Produce sugars by photosynthesis,Produce heat to maintain a constant internal temperature,B,False,0.16096197,0.19644585,0.4712491,0.17134312
In 1924 the United States Congress passed a bill that significantly altered immigration patterns by,suspending further immigration from Latin America,making it illegal for employers to hire or recruit undocumented workers,"promoting family unification, enabling close relatives of people already resident in the United States to be admitted","reducing immigration quotas sharply, leading to a dramatic decline in immigration",D,False,0.046622425,0.19024861,0.5952352,0.1678938
Astronomers have proposed that the solar system formed from a vast rotating cloud of gas and dust. This explanation is known as which of the following?,Kepler's laws,Big bang theory,Cosmic string theory,Nebular hypothesis,D,False,0.2177352,0.23960286,0.36180022,0.18086173
"The term that best describes an artwork that incorporates theatrical elements such as body movement, audience participation, music, and projected images is",mimesis,installation art,performance art,digital collage,C,False,0.062249497,0.38732937,0.3365176,0.2139036
What substance was used for blood in the famous shower scene from the movie 'Psycho'?,tomato juice,red wine,chocolate syrup,ketchup,C,True,0.17309035,0.2629023,0.3915918,0.17241552
What is actor Antonio Banderas native language?,Spanish,Russian,German,French,A,False,0.22708656,0.09466377,0.54475236,0.1334973
A preschool teacher is teaching students to forward roll. Which of the following is a problem most characteristic of preschoolers' forward rolling?,Keeping the chin tucked,Keeping the knees and hips flexed,Losing the curl,Using the hands to cushion the head contact,C,True,0.14346367,0.06991861,0.7400419,0.046575837
John Rockefeller made his fortune in what industry?,automobile,oil,steel,railroad,B,False,0.7737938,0.11501418,0.092416495,0.018775549
What is the name of the South African political party that was headed by Nelson Mandela?,African National Congress,South African Democrats,Inkatha Freedom Party,Aryan National Assembly,A,False,0.038305435,0.28749827,0.59919786,0.0749984
A kindergarten teacher notices that a new student who is from a foreign country is being excluded from play by a majority of the other students. Which of the following activities is best to help the class become aware of the common interests they share with the new student?,Inviting a member of the new student's family to discuss the family's culture with the class,Creating a chart with the class that shows the many ways students in the class are similar,Using a globe to show the class which country the new student's family comes from,Asking the class to help the new student learn the classroom rules by having students role-play,B,False,0.24626411,0.2290955,0.32944855,0.19519182
How many periods are there in an ice hockey game?,One,Two,Three,Four,C,False,0.6329654,0.27223504,0.04444115,0.05035841
Which of the following parts of the Sun is easily visible only during a total solar eclipse?,Core,Photosphere,Sunspots,Corona,D,False,0.034010325,0.4550531,0.46221915,0.04871754
In what decade was the Hula-Hoop invented?,1890s,1920s,1950s,1970s,C,True,0.1261038,0.2628229,0.53091687,0.08015646
Which of the following sequences of events is consistent with the presence of a layer of sandstone in bedrock just above a layer of shale?,"A volcano erupted, sending lava out over a layer of shale. The lava cooled and hardened into sandstone.",The water level of a large lake lowered. A beach then formed where previously there had been lake bottom.,"One-celled organisms developed a colony on the seafloor. Shells made by these organisms accumulated and lithified, forming the sandstone.",Mud was deposited and lithified. Subsequent contact metamorphism resulted in localized recrystallization of the shale into sandstone.,B,False,0.23368381,0.25168738,0.31630388,0.19832487
In what US city can you find the Basketball Hall of Fame?,Canton Ohio,Cooperstown New York,Springfield Massachusetts,Lawrence Kansas,C,True,0.042843852,0.21757902,0.7023537,0.037223384
Which of the following concepts in Robert's Rules of Order requires that motions be dealt with in order of importance?,Order of business,Orders of the day,Order of precedence,Point of order,C,True,0.39948395,0.11445406,0.41216493,0.0738971
When it first appeared on the Internet amazoncom sold only what?,Books,Compact discs,Cars,Clothes,A,False,0.064094,0.710949,0.21346562,0.011491421
How many digits are in a standard Visa credit card number?,12,15,16,20,C,True,0.2822619,0.14643553,0.52733463,0.043967925
"A passage Jane Eyre is as follows. This was all the account I got from Mrs. Fairfax of her employer and mine. There are people who seem to have no notion of sketching a character, or observing and describing salient points, either in persons or things: the good lady evidently belonged to this class; my queries puzzled, but did not draw her out. Mr. Rochester was Mr. Rochester in her eyes, a gentleman, a landed proprietor‚Äìnothing more: she inquired and searched no further, and evidently wondered at my wish to gain a more definite notion of his identity. The passage suggests that the speaker would describe the ""account"" mentioned in the first sentence as",enlightening,mystifying,deficient,erroneous,C,False,0.10280349,0.41299865,0.400292,0.083905764
What is the birthstone for the month of January?,topaz,garnet,opal,diamond,B,True,0.20995319,0.49584314,0.21325949,0.080944166
Who kills Tony at the end of the film 'West Side Story'?,Riff,Chino,Bernardo,He kills himself,B,False,0.27319673,0.23005472,0.42979878,0.06694974
In what country did Magic Johnson play professional basketball during the 1999 season?,United States,Sweden,Israel,Turkey,B,False,0.45224103,0.1885221,0.31082043,0.04841648
According to the Mother Goose nursery rhyme which child is full of woe?,Monday's child,Wednesday's child,Thursday's child,Saturday's child,B,False,0.081529,0.27259576,0.5463733,0.09950197
What is called a 'lorry' in Britain?,a toaster,a truck,a babysitter,an elevator,B,False,0.04238638,0.2536333,0.558331,0.14564936
What newspaper do Lois Lane and Clark Kent work for?,The Bugle,The Daily Planet,The Metropolis Tribune,The New York Times,B,True,0.04565295,0.55616677,0.34804028,0.05013996
Which of the following should a computer user do to prevent screen-induced eyestrain?,Use eye drops regularly,Change choice of software programs,Limit the resolution on the monitor,Take periodic breaks to view natural lighting,D,False,0.3679226,0.20003605,0.3978192,0.034222133
What percent of the observable universe has received radio transmissions from Earth?,10^-24 %,10^-29 %,10^-34 %,10^-39 %,A,False,0.21335304,0.26970354,0.417725,0.09921838
Where is Ghirardelli Square located?,Milan,Rome,Washington DC,San Francisco,D,False,0.1340057,0.09355105,0.6595991,0.1128441
"A research report states that a special education program for children aged 3-5 under study increases their chances of success in future schooling. Therefore, implementing a similar education program for all children will improve them in the future opportunities for success in school education. Which of the following best illustrates the logical loopholes summarized above?",Children's cognitive abilities are constantly changing at the age of 3-5,Establishing such education and training programs on a national basis requires a special public expenditure,Many parents mistakenly believe that early formal education will occupy the time that children would have been able to better explore the world independently,Investigators are unaware that they include a large group of children who have previously received another education,A,False,0.24891731,0.24649832,0.30379087,0.2007935
"The traitor is a traitor, so you are a traitor, so I am a patriot.The words of a patriot are the most valuable, so my words are good.Since my words are good, you are undoubtedly a traitor! Which of the following makes the same logical mistake as above?","Literature and art are not worthy of attention. Modernization must relies on science and technology, so science and technology are worthy of our attention. But literature and art are not science and technology.","Non-university can also become an outstanding talent. Gorky, Edison, Faraday, Franklin, etc. have not attended college, but they have all become outstanding talents.","The earth is a sphere, which can be proved from the fact that when we stand at a height and watch the sailing boat in the sea, we always see the mast first and then the hull. The reason for this is because the earth is a sphere.",I saw them coming out of this chemical plant several times before I realized that this young man who was eager to help patients was originally a worker in this chemical plant.,C,True,0.2338536,0.26088253,0.30679494,0.19846895
"The tobacco industry has a lot of money, and it is expected to continue to do so. Last year, the total amount of tobacco sold by American tobacco farmers increased significantly, but the number of smokers in the country continued to decline. If the following are true, they can be the reason for the above phenomenon, except:",More women start smoking this year than men who have quit.,People who continue to smoke consume more tobacco than in previous years.,The number of people who started smoking grass or taking snuff this year is more than the number who have given up smoking.,More cigarettes produced in the U.S. are exported to other countries this year than last year.,A,False,0.24529028,0.2555602,0.3058655,0.19328408
Which of the following is most characteristic of gesture drawing?,An outline,Action and movement,Gradual shading,Carefully observed details,B,False,0.061242227,0.16261728,0.6233757,0.15276478
What type of meat is on a traditional Reuben sandwich?,turkey,bologna,corned beef,pepperoni,C,False,0.40597245,0.29701582,0.25805178,0.03895999
Which of the following is the best source of objective information about a prospective employer that is publicly traded?,Annual reports,Press releases,Newspaper articles,10-K filings with the SEC,D,False,0.24562056,0.21507254,0.3539028,0.1854041
What children's TV character is known as 'Da Niao' in China?,Barney,Big Bird,Mickey Mouse,Tinky Winky,B,False,0.031847086,0.18042602,0.7596219,0.028104953
On Valentine's Day 2000 NASA's NEAR spacecraft began a yearlong orbit of what asteroid?,Eros,Cupid,Aphrodite,Venus,A,False,0.081128694,0.2701998,0.5994645,0.04920704
"The gasoline tank in a car holds 15 gallons when full. If there are 7 gallons of gasoline in the tank, how many gallons of gasoline are needed to fill the tank? Which of the following is most appropriate to use to correctly answer the question shown?",Multiplication,Subtraction,Estimation,Division,B,False,0.22951323,0.23633671,0.34792128,0.18622886
What cartoon character traveled in a time machine with Mr Peabody?,Rocky,Jonny Quest,Underdog,Sherman,D,False,0.12601729,0.49840805,0.3070603,0.068514414
Which of these is a type of a artwork consisting of pieces of wood inlaid in geometric patterns?,marquetry,parquetry,harquetry,sharquetry,B,False,0.11443194,0.16649748,0.6090225,0.110048115
What term describes someone who does not believe in the existence of God?,hedonist,deist,agnostic,atheist,D,False,0.21242522,0.24449994,0.4427322,0.10034257
What animated character has a crush on the Little Red Haired Girl?,Richie Rich,Charlie Brown,Bugs Bunny,Jonny Quest,B,False,0.31162474,0.23157983,0.42594048,0.030855026
Which of these dishes is made from pig intestines?,haggis,chitlins,grits,chop suey,B,False,0.31073275,0.20699263,0.4382034,0.044071276
Water's high heat capacity allows it to,change density significantly as its temperature changes,gain and lose large amounts of heat without significantly changing the temperature of the water,conduct sound efficiently without significant loss of velocity as the sound waves travel long distances,cause the ocean's surface temperature to fluctuate rapidly as the seasons change,B,False,0.20910083,0.19681609,0.39141554,0.20266749
Which of the following is the government regulator for all securities firms operating in the United States?,Federal Trade Commission,Federal Deposit Insurance Corporation,Federal Reserve Board,Financial Industry Regulatory Authority,D,False,0.15707448,0.14929718,0.53345585,0.1601725
Which of the following elements is a metal?,S,Se,I,Ga,D,False,0.47227058,0.16839325,0.27332926,0.086006865
How many ribs are there in the human body?,18,24,30,42,B,False,0.5069342,0.26299402,0.1570409,0.0730308
Which of these snakes is poisonous?,anaconda,boa constrictor,copperhead,python,C,True,0.03958373,0.20102279,0.72391087,0.03548263
What's unique about a skeleton key?,It opens many locks,It's made of bone,It's extremely old,It hangs in a closet,A,False,0.2638637,0.24403405,0.43503773,0.05706453
What color is a ruby?,red,black,yellow,blue,A,True,0.46219495,0.18968442,0.12635706,0.22176355
In the 1960s 'Batman' TV series who was not a guest villain?,The Minstrel,The Archer,The Bookworm,The Squeegee Guy,D,False,0.15612054,0.16107632,0.60789573,0.07490745
Which of these is commonly used to treat allergies?,antimatter,anticoagulants,antiseptics,antihistamines,D,False,0.40510023,0.45192197,0.11074824,0.032229576
"How many ships did Columbus set sail with on his initial voyage to ""the New World""?",Two,Three,Five,Ten,B,False,0.32221058,0.20480949,0.44734505,0.025634913
What does the acronym 'REM' stand for?,random energy module,rapid eye movement,red entertainment machine,really energetic music,B,False,0.15695257,0.27979818,0.51462764,0.048621636
Where did the Exxon Valdez run aground in March of 1989?,Monterey Bay,Prince William Sound,Cape Cod,Gulf of Mexico,B,False,0.58862686,0.0960907,0.2492403,0.0660421
What is the name of the baby who appears in cartoons and comic strips with Popeye the Sailor?,Pun'kin,Lamikins,Suga'baby,Swee'pea,D,False,0.22346824,0.2622834,0.33677855,0.17746983
A geographer beginning a study of the cultural landscape within a specific region would most likely benefit from which of the following activities?,Describing and mapping the building types on a plat map,Determining how many cars travel along the highway system,Establishing the percentage of adults with a college education,Graphing and analyzing economic data for the past century,A,False,0.36451638,0.064340964,0.4982348,0.072907865
Fragile works of sculpture can be displayed most securely by placing the works,in glass-paneled cases,on a series of pedestals,on wall-mounted shelves with sturdier works around them,"in shadow boxes with signs that read ""Do Not Touch""",A,False,0.13756877,0.2065152,0.5613665,0.094549544
In the Jimmy Buffet song 'Margaritaville' what is the singer searching for?,a lime,a shaker of salt,his car keys,the bartender,B,False,0.34325415,0.06251123,0.52340007,0.070834495
Which of the following actions by the Federal Reserve System would be most likely to increase consumer spending?,Increasing the discount rate to member banks,Decreasing the discount rate to member banks,Selling large amounts of government securities,Keeping reserve requirements of member banks constant,B,False,0.21254827,0.19352742,0.40889812,0.18502617
Which one of these is NOT a mineral?,Quartz,Lithium,Diamond,Calcite,B,False,0.13225389,0.05260696,0.42030197,0.39483717
According to the title of a popular children's TV show what color is Bear's big house?,red,green,purple,blue,D,False,0.3643557,0.28822908,0.31655774,0.030857526
Which of these rocks will float In water?,granite,limestone,shale,pumice,D,False,0.08056586,0.069996834,0.8136864,0.035750885
Who is the twin sister of 'Dear Abby' columnist Abigail VanBuren?,Martha Stewart,Dr Ruth Westheimer,Ann Landers,Miss Manners,C,False,0.24378012,0.43458506,0.2151352,0.10649965
Which of the following would be provided in the marketing segment of a business plan?,How the products and services will be priced,The organizational structure of the business,Any factors that could affect employee retention,The details of the budget plan,A,False,0.22254707,0.2296115,0.36406273,0.18377872
"From the very beginning, I wrote to explain my own life to myself, and I invited any readers who chose to make the journey with me to join me on the high wire. I would work without a net and without the noise of the crowd to disturb me. The view from on high is dizzying, instructive. I do not record the world exactly as it comes to me but transform it by making it pass through a prism of fabulous stories I have collected on the way. I gather stories the way a lepidopterist hoards his chloroformed specimens of rare moths, or Costa Rican beetles. Stories are like vessels I use to interpret the world to myself. ----------Pat Conroy Which of the following best describes the organization of the passage?",The author provides several explanations for taking a certain course of action.,The author uses analogies to explain his experience of a particular action.,The author makes a comparison between his own experiences and that of others in his profession.,The author chronicles the various phases of his work in a particular discipline.,B,False,0.2271953,0.25997242,0.30393857,0.20889373
What is the normal playback speed of a 12'' long-playing record?,12 1/2 rpm,33 1/3 rpm,45 rpm,100 rpm,B,False,0.2160365,0.17156781,0.44675478,0.16564094
During what war did Francis Scott Key write the words to 'The Star-Spangled Banner'?,American Revolution,War of 1812,Civil War,World War I,B,False,0.75695467,0.09775148,0.12749197,0.017801868
What are the names of Donald Duck's three nephews?,Quick Quack Quock,Alvin Simon Theodore,Robbie Chip Ernie,Huey Dewey Louie,D,False,0.062381085,0.152001,0.7251562,0.06046182
What company makes Oreo cookies?,General Mills,Nabisco,Keebler,Kraft,B,False,0.20627102,0.13317859,0.5785014,0.082048945
A student is conducting a research project and has learned of a website that may have useful information. The domain extension for the site is .org. Which of the following assumptions about the website is correct?,All of the information on the site is current.,The site has been evaluated for bias.,The site might belong to a nonprofit agency.,The author of the site is well respected in his or her field.,C,True,0.2473712,0.21241592,0.36203808,0.1781748
To make an international telephone call from within the US what are the first numbers you should dial?,11,101,888,911,B,False,0.057428084,0.27828854,0.64704025,0.017243039
The 'Arkansas toothpick' is better known by what name?,Scottie Pippen,spare rib,pinkie finger,Bowie knife,D,False,0.56367326,0.2207376,0.16149509,0.05409408
What colors are the two circles in the MasterCard logo?,pink and orange,blue and green,black and white,red and yellow,D,False,0.21593504,0.22148797,0.37823835,0.18433864
Which of the following was a significant reason for the electoral success of Franklin Roosevelt's New Deal coalition during the 1930s?,A major shift of African American voters from the Republican to the Democratic Party,A major shift of urban voters in Northern states from the Republican to the Democratic Party,A focus on a bipartisan approach to major social and economic legislation,A focus on mobilizing young voters,A,False,0.22770771,0.24429472,0.33587354,0.192124
What is the name of the mountain where the mythological Greek gods live?,Jupiter,Olympus,Vesuvius,Valhalla,B,True,0.17271888,0.5575434,0.22177544,0.047962304
The first sound recording to be made and reproduced was a recitation of what nursery rhyme?,Humpty Dumpty',Mary Had a Little Lamb',Jack Be Nimble',Home Sweet Home',B,True,0.2869022,0.33542264,0.23785028,0.13982496
Which actress played a pointy-eared Vulcan in the movie 'Star Trek II: The Wrath of Khan'?,Whoopi Goldberg,Jennifer Grey,Kirstie Alley,Helen Hunt,D,False,0.20970045,0.23808628,0.37971845,0.17249489
Which of the following is most likely to result from a collision between a continental lithospheric plate and an oceanic lithospheric plate?,A chain of coastal volcanic mountains,A magnetic reversal,A mid-oceanic ridge,A transform fault,A,False,0.10440734,0.07175805,0.7595111,0.0643235
The process of drilling holes in the skull is called what?,bifurcation,trepanation,aeronomy,skullduggery,B,False,0.14572226,0.13689339,0.64295673,0.07442764
Who is the creator of the comic strip 'The Far Side'?,Jim Davis,Gary Larson,Garry Trudeau,Charles Schulz,B,False,0.12325564,0.15580972,0.65598345,0.06495116
Which of these is not a type of chili pepper?,habanero,cheyenne,jalapero,guajillo,B,False,0.36900118,0.36900118,0.1770487,0.0849489
"In the definition of a public good, the term ""nonrival"" means that",one person's use of the public good does not reduce the amount available to others,the public good is produced by the government without any competition,the public good is produced at zero marginal cost,the public good is mostly consumed by free riders,A,False,0.17440292,0.19005352,0.4834266,0.15211692
Which of these foods is poisonous to dogs?,peanut butter,bananas,chocolate,olives,C,False,0.20475921,0.5742614,0.11307878,0.10790052
What type of substance is 'terra-cotta'?,metal,ceramic,wood,glass,B,True,0.28355306,0.43917555,0.2622437,0.0150277605
What disease causes a buildup of fluid pressure in the eyeball and damages the optic nerve at the back of the eye?,astigmatism,cataract,glaucoma,retinitis,C,True,0.15658124,0.25415644,0.5054504,0.083811894
What article of clothing best describes a 'pashmina'?,shoes,pants,scarf,underwear,C,False,0.49602652,0.13143393,0.3202588,0.05228081
Who was the first American in space?,John Glenn,Buzz Aldrin,Alan Shepard,Neil Armstrong,C,True,0.25866947,0.24299747,0.46838987,0.02994316
Stevie Wonder and Michael Jackson have both recorded duets with which former Beatle?,Paul McCartney,John Lennon,George Harrison,Ringo Starr,A,True,0.30926996,0.29510745,0.2686984,0.12692414
In which layer of Earth is the geomagnetic field generated?,Outer core,Crust,Mantle,Inner core,A,False,0.16283736,0.22963749,0.52564543,0.081879765
Which of these is not one of Aesop's fables?,The Dog and the Squirrel',The Hare and the Tortoise',The Eagle and the Beetle',The Ox and the Frogs',A,False,0.09837398,0.28465453,0.5114316,0.10553987
An accounts payable entry appears in the,asset section of the balance sheet,liability section of the balance sheet,cost of goods sold section of the income statement,operating expense section of the income statement,B,False,0.717556,0.24413612,0.030083476,0.008224364
What is a balalaika?,musical instrument,Russian peasant,type of hat,breed of shark,A,False,0.27051565,0.24630733,0.4255809,0.05759611
From what language does the term 'RSVP' originate?,Russian,Italian,Portuguese,French,D,False,0.10379461,0.33505312,0.4951764,0.065975875
Which of the following is a true statement about the flow of energy in an ecosystem?,Smaller organisms need less energy per gram of body weight than do larger organisms.,Energy transfer between organisms normally involves conservation of heat energy.,Energy flow between trophic levels is inefficient.,"Chemical energy is converted into radiant energy, which is then converted into chemical energy at the next trophic level.",C,True,0.23470092,0.24405032,0.31892392,0.20232482
The Federal Reserve implements an expansionary policy by doing which of the following?,Buying Treasury bonds in the open market,Raising the federal funds rate,Raising the discount rate,Raising the required reserve ratio,A,False,0.047789805,0.22445771,0.67010695,0.05764551
"Determining how a product can be useful, identifying the target price, finding a place to sell the product, and deciding how to promote it best exemplifies using",market research,positioning,marketing mix,segmenting,C,True,0.2500073,0.21678628,0.34777936,0.18542713
In golf what is one stroke overpar called?,eagle,bogey,dormy,birdie,B,True,0.11406022,0.7917348,0.06398198,0.030222947
What actress starred on 'Charlie's Angels' for the show's entire run?,Cheryl Ladd,Farrah Fawcett,Jaclyn Smith,Kate Jackson,C,True,0.21750365,0.2266102,0.3824771,0.17340904
If you are watching a Shavian play who is the author?,Shakespeare,Aeschylus,George Bernard Shaw,Anton Chekhov,C,True,0.18216936,0.362287,0.40416038,0.051383227
In which of these sports do competitors use a 'funny car'?,supercross,dogsledding,gymnastics,drag racing,D,False,0.3076089,0.13438438,0.49929854,0.058708187
The TV show 'House of Style' airs on what network?,E,WB,MTV,Home Shopping Network,C,True,0.3139227,0.11369527,0.5257216,0.046660442
By what nickname is the Federal National Mortgage Association known?,Morty,FEMA,Freddie Mac,Fannie Mae,B,False,0.4376182,0.253274,0.23424014,0.07486764
In computer terminology what does the acronym 'ISP' stand for?,Individual Site Privacy,Investment Stability Plan,Internal Security Position,Internet Service Provider,D,False,0.2741914,0.18552719,0.5043152,0.035966087
Which of these television series was not set in the United States?,Picket Fences',M*A*S*H',Northern Exposure',The Paper Chase',B,False,0.07112776,0.29481637,0.5682734,0.06578243
What day of the week is sometimes called 'hump day'?,Wednesday,Thursday,Friday,Saturday,A,False,0.08196233,0.19356912,0.56893134,0.15553717
Which of the following figures is a contemporary installation artist who uses image projection and videos?,Bill Viola,Betye Saar,Damien Hirst,Rachel Whiteread,A,False,0.08569037,0.59480906,0.28988677,0.029613798
Scientists believe that a worldwide catastrophic event occurred during the late Cretaceous period and that this event likely caused which of the following?,The movement of aquatic animals onto land,The sudden demise of the dinosaurs,The emergence of Homo sapiens on the grasslands of Africa,The first appearance of mammals,B,False,0.09874125,0.20260389,0.5594073,0.13924749
"According to Article III, Section 1, of the United States Constitution, judges ""shall hold their offices during good behavior..."" A consequence of this clause is that:",Congress cannot remove federal judges from office,federal judges have political independence to fulfill their duties,the president has no influence over the composition of the Supreme Court,federal judges lack opportunity for advancement or promotion,B,False,0.149821,0.32469258,0.36222073,0.16326568
How many cups of coffee were consumed in the United States in the past week (as of 2013)?,300 million cups per week,1 billion cups per week,3 billion cups per week,9 billion cups per week,C,True,0.23720501,0.23444149,0.34648207,0.1818714
In what city would you find people studying art and design at the Fashion Institute of Technology?,Paris,New York,Los Angeles,Melbourne,B,False,0.09834155,0.18955828,0.6412674,0.07083275
What is the traditional 20th wedding anniversary gift?,paper,leather,china,silver,C,True,0.1820341,0.27756888,0.43667713,0.103719905
"Many employers rely on temporary workers to provide flexibility in times of fluctuating need. However, an important consideration in hiring temporary workers is that they",are often less experienced and less committed to the job than full-time employees,are limited to 30 days on the job before they must be offered a permanent position,must be offered health care and other benefits like regular full-time employees,are required to receive pay equal to that of regular full-time employees doing the same job,A,False,0.22775942,0.24103218,0.344589,0.18661937
Someone would most likely contract salmonella poisoning from eating which of the following?,carrots,chicken,tofu,rice,B,False,0.24776524,0.31813687,0.35490733,0.07919053
Amps are a unit of measurement of what?,electric charge,electric current,electric field strength,electric potential,B,False,0.7634095,0.10494324,0.10013753,0.03150967
The maximum depth that plant roots can readily penetrate without encountering a restrictive soil layer is referred to as the,effective depth,depth to the subsoil,depth to a parent material,O horizon,A,False,0.03757415,0.28200966,0.5923685,0.08804771
How much more electrical energy will the United States need to generate if everyone drives electric cars?,2*10^19 J,2*10^21 J,2*10^23 J,2*10^25 J,A,False,0.21181236,0.22547309,0.3888224,0.17389214
Which of the following must be obtained by foreigners wishing to permanently reside in the US?,visa,bill of landing,driver's license,carte blanche,A,False,0.232323,0.19832866,0.38303587,0.18631253
What is the largest moon in the Solar System?,Ganymede,The Earth's Moon,Pluto,Europa,A,False,0.20284516,0.31912023,0.23715001,0.24088459
Islam first spread to Indonesia through,military conquest by the Mughal empire,mass migrations of African Muslims across the Indian Ocean,Dutch colonization in the 18th century,increased commercial contacts with Indian and Arab merchants,D,False,0.53164154,0.040995795,0.4013041,0.026058512
Which of these is not a city in the state of New York?,Perskippity,Kerhonkson,Schenectady,Lackawanna,A,False,0.24690637,0.18064056,0.49103194,0.08142108
In the original 'Get Smart' TV series what is agent Maxwell Smart's code name?,Agent 86,Agent 99,Larrabee,The Chief,A,False,0.06776397,0.24594134,0.5899826,0.096312016
In horse racing what is the term for a wager on the 1st 2nd and 3rd place finishers in a specific race?,triple action,trifecta,exacta,triple crown,B,False,0.144091,0.3856075,0.397848,0.07245351
What principle explains why cold food warms up and hot food cools off when stored at room temperature?,entropy,chemical equilibrium,momentum,relativity,A,False,0.36333564,0.07735862,0.51238537,0.046920374
How much does our highway gas mileage decrease in a heavy rain?,About 0.1%,About 2%,About 10%,About 50%,C,True,0.08002041,0.1949819,0.53001577,0.1949819
"What quantity of oxygen, O_2 , contains very nearly the same number of molecules as 36.0 grams of water, H_2O ?",64.0 grams,32.0 grams,16.0 grams,8.0 grams,A,False,0.20434766,0.22225095,0.40165922,0.17174222
The loss of water in the form of vapor from plants is referred to as the,transpiration,respiration,oxidation,condensation,A,False,0.074947886,0.17155743,0.63741314,0.11608156
"In a holistic evaluation of student essays, evaluations are made on the basis of the",number and variety of errors made by each student,average sentence length and the complexity demonstrated in each essay,ability of each student to communicate in a variety of discourse modes,overall quality of each student's essay in relation to the topic,D,False,0.2612517,0.23418452,0.32640553,0.17815818
Which of the following scenarios does not include a producer?,Direct selling,Reverse channels,Indirect channels,Dual distribution,B,False,0.7075865,0.044533197,0.17890589,0.06897436
In soccer which player is allowed to use his or her hands in the field of play?,midfielder,center,sweeper,goalkeeper,D,False,0.16466837,0.14306636,0.65127605,0.0409892
As of 1999 which state has the most Girl Scouts?,California,Illinois,New York,Pennsylvania,D,False,0.07710271,0.15575178,0.698031,0.06911443
In the 1992 animated film 'Aladdin' what device does the hero use to travel from place to place?,talking car,winged horse,magic carpet,hot air balloon,C,True,0.1448408,0.066312954,0.73556226,0.053283952
Which one of these World War II leaders was not at the Yalta Conference?,Stalin,Mussolini,Churchill,Roosevelt,B,False,0.062140714,0.1255277,0.76895034,0.04338121
What is the technical term for the offspring of a female donkey and a male horse?,burro,dorse,hinny,honker,C,True,0.15577719,0.27770284,0.4507562,0.11576377
The atmospheric concentration of which of the following gases is most likely to be directly affected by widespread deforestation?,Carbon dioxide,Ozone,Nitrous oxide,Argon,A,False,0.07764616,0.34259093,0.48313063,0.096632205
Which of the following words does not appear in the Lewis Carroll poem 'Jabberwocky'?,brillig,bandersnatch,wabe,grelp,D,False,0.1923618,0.38858154,0.3376055,0.08145112
What is the final word of the Pledge of Allegiance?,America,stands,indivisible,all,D,False,0.11564537,0.24102564,0.5182866,0.12504245
Which of the following is a sports award?,Oscar,Emmy,Nobel,Espy,D,False,0.36521795,0.17799303,0.41384616,0.042942815
What term is used to describe a group of fish?,Knot,Drape,School,Gaggle,C,False,0.32769576,0.37132794,0.13875511,0.16222116
"Assume that the marginal propensity to consume increased from 0.75 in year 1 to 0.80 in year 2. Based on this information, which of the following is a correct conclusion?","In year 1, a $100 billion increase in government spending would have increased real output by a maximum of $75 billion.","From year 1 to year 2, the spending multiplier increased from 4 to 5.",A given change in government spending would have had a more powerful effect in year 1 than in year 2.,The marginal propensity to save increased from year 1 to year 2.,B,False,0.2469904,0.23706487,0.32657066,0.1893741
At the equator how fast is the earth's surface turning?,about 100 miles per hour,about 500 miles per hour,about 1000 miles per hour,about 2000 miles per hour,C,False,0.6462544,0.069187365,0.23774372,0.046814516
Which of the following components is present in both pneumatic and hydraulic systems?,Exhaust,Reservoir,Compressor,Control value,D,False,0.17702751,0.23088741,0.4036402,0.18844481
The primary purpose of antitrust laws is to,help businesses that are in financial trouble,encourage business investment,prevent business behavior that hampers competition,establish trust between government and businesses,C,False,0.3132311,0.2942534,0.26792076,0.124594726
How many pairs of chromosomes are in the genome of a typical person?,1,23,88,7921,B,False,0.2342272,0.20270672,0.38242245,0.18064357
"What was the acronym for the first computer, made back in 1946?",ENIAC,CASD,CNAC,CSREN,A,False,0.09849352,0.28388932,0.47542515,0.14219199
"When a gas turns into a liquid, the process is called",condensation,evaporation,deposition,sublimation,A,False,0.046328373,0.11288612,0.75947666,0.08130883
Which of the following types of stress dominates at divergent boundaries?,Compressional,Left-lateral shear,Right-lateral shear,Tensional,D,False,0.089975215,0.12491821,0.42924774,0.35585886
Which of the following terms refers to pottery that has not been bisque fired?,Raku,Greenware,Terracotta,Stoneware,B,False,0.49499145,0.16580138,0.2338174,0.10538977
In what year did the Great Depression begin?,1884,1929,1953,1975,B,False,0.048326805,0.39836207,0.44440502,0.10890613
Cheddar cheese got its name from a village in what country?,England,France,Switzerland,Denmark,A,False,0.3393409,0.41576913,0.19035298,0.05453704
Who is the mythological Roman goddess of flowers?,Diana,Echo,Flora,Niobe,C,False,0.2778319,0.6664841,0.04827995,0.0074039698
According to legend if you give someone the 'evil eye' what are you doing?,cursing them,blessing a child,counting money,passing time,A,False,0.17214732,0.2794227,0.5220303,0.026399646
"Which of these rivers flows""through France?",Volga,Seine,Mekong,Allegheny,B,False,0.10690895,0.17353036,0.67568535,0.043875344
What condition is caused by malfunctioning sebaceous glands?,bad breath,shingles,acne,carpal tunnel syndrome,C,True,0.08080713,0.1130695,0.6713245,0.13479888
What was the name of Huey Lewis band?,The News,The Attractions,The Silver Bullet Band,Louie and Dewey,A,False,0.18831724,0.24753836,0.3833949,0.18074957
What high school does the gang from the 'Archie' comic strip attend?,Ridgemont High,Riverdale High,Rumson High,Riker's Island High,B,False,0.2337165,0.30482382,0.3975652,0.06389454
Cheese is a necessary ingredient in which of these dishes?,sushi,french fries,veal parmigiano,chicken pot pie,C,True,0.07704476,0.18266754,0.61075693,0.12953068
What city's airport uses the code ORD?,Chicago,Orlando,New York City,Portland,A,False,0.094869114,0.1424154,0.6585221,0.10419333
Which of the following digital camera settings can be used to keep colors accurate under a variety of light conditions?,White balance,Aperture,ISO speed,Shutter speed,A,False,0.06674686,0.23296945,0.62345856,0.07682517
At what speed will a sedan flip over when it slides sideways into a curb?,10 mph,20 mph,40 mph,80 mpg,B,False,0.13935253,0.24648952,0.52796936,0.08618863
"The intention of making traditional, saleable art objects was abandoned by",Impressionists,Pop artists,Abstract Expressionists,Conceptual artists,D,False,0.18248174,0.30086154,0.46598345,0.05067335
Which of these popular games relies on bluffing?,Outburst,Balderdash,Pictionary,Scattergories,B,False,0.33242697,0.11310257,0.41371202,0.14075842
What sport is featured in the 1996 movie 'Kingpin'?,wrestling,golf,chess,bowling,D,False,0.07080942,0.28446692,0.56573004,0.07899361
Which of the following is an example of a chemical change?,Tearing up a piece of paper,Melting ice,Mixing vinegar with baking soda,Filling a balloon with air,C,True,0.047116354,0.14973547,0.51452553,0.28862265
Soil structure refers to which of the following?,Arrangement of soil particles,"Proportion of sand, silt, and clay",Organic composition,Profile depth,A,False,0.047853462,0.11660224,0.19527201,0.64027226
"At the border of two countries there is a port where fishermen work. The fishermen do not speak the same language, so they communicate using one that has been invented by them for the purpose of trade. The scenario above most accurately describes which of the following types of language?",A dialect,A creole,A pidgin,A regionalism,C,True,0.25680315,0.235196,0.32590017,0.18210071
"With what would you use a""wah-wah pedal?",bicycle,stock car,electric guitar,baby,C,True,0.32848257,0.2518563,0.3607675,0.058893677
Who is the career hit leader among players never elected to Baseball's Hall of Fame?,Steve Garvey,Jim Rice,Pete Rose,Ken Griffey Jr,C,False,0.13789809,0.48131162,0.31565186,0.065138444
Which of these is not one of the official languages of the United Nations?,Japanese,English,Russian,Spanish,A,False,0.18775044,0.22913985,0.36616442,0.21694525
What people ruled the Andes Mountains until they were conquered by the Spanish in 1532?,Pueblo,Aztec,Inca,Apache,C,False,0.37615034,0.2585241,0.31675035,0.048575237
Which of these organizations is not part of the US government?,NAACP,NASA,CIA,FBI,A,False,0.080212675,0.06445269,0.79755956,0.057775024
Which of these men has never been a head coach in the NFL?,Dick Vermeil,Bill Parcells,Chuck Noll,Pat Riley,D,False,0.23495893,0.3472468,0.3472468,0.07054747
Which of these is not a style of shoe?,gingham,brogan,espadrille,docksider,A,False,0.117355675,0.22977126,0.5177975,0.13507557
Which of these words means 'yes'-in French?,qui,oui,ja,okey-dokey,B,True,0.105191,0.68593144,0.162923,0.04595454
Which of these sounds is commonly associated with owls?,chirp,bark,growl,hoot,D,False,0.24513476,0.16847849,0.50298387,0.083402894
What do the initials 'E E' in poet E E Cummings' name stand for?,Edward Estlin,Edmund Earl,Ernest Eakins,Eugene Evan,A,False,0.048788395,0.17569377,0.7282304,0.047287337
"The true length of a block of wood is 1.010 cm. Three measurements of this block produced the following values: 1.4 cm, 1.2 cm, and 0.9 cm. Which of the following statements is true concerning these measurements?",They are precise and accurate.,They are precise but not accurate.,They are accurate but not precise.,They are neither precise nor accurate.,D,False,0.2306392,0.24076548,0.33361754,0.19497783
What is the medical term for a doctor's identification of a disease?,Hypnosis,Prognosis,Trichinosis,Diagnosis,D,False,0.40405405,0.1251701,0.34560573,0.1251701
Gerry Adams is the president of what organization?,Greenpeace,NASCAR,Sinn Fein,PLO,C,True,0.2966898,0.19763803,0.34686553,0.1588066
What was the birth name of civil rights leader Malcolm?,Michael Brown,Malcolm Little,Malcolm Lincoln,Michael Lloyd,B,True,0.04987515,0.7103607,0.20998222,0.029781813
Which of the following dental topics is developmentally appropriate for toddlers?,Growth of permanent teeth,Correct use of incisors while eating,Correct toothbrushing technique,Evolution of the human tooth,C,True,0.014462985,0.07231038,0.8672633,0.045963272
What topic does Spin magazine primarily cover?,politics,washing machines,books,music,D,False,0.4761938,0.13858029,0.27559984,0.10962603
What is the name of Raggedy Ann's doll brother?,Red,Freckles,Randy,Andy,D,False,0.12315891,0.7312281,0.103710204,0.04190271
Which of the following tools is LEAST likely to be used in the process of creating a wood sculpture?,A rasp,A gouge,A lathe,An extruder,D,False,0.22492044,0.06648635,0.65082884,0.05776434
What exercise apparatus is used during a 'Spinning' class?,stationary bicycle,treadmill,rowing machine,barbells,A,False,0.14970376,0.37052032,0.4133453,0.066430636
In the 1976 remake of the classic film 'KingKong' what New York landmark does the giant ape climb?,Statue of Liberty,Empire State Building,World Trade Center,Chrysler Building,C,True,0.102231085,0.20015876,0.6262413,0.071368806
Which of these items is useful for removing ink stains?,baking soda,nail polish,hair spray,butter,C,True,0.03016593,0.12700331,0.74236286,0.10046788
How much angular momentum did Hurricane Florence have when it hit land?,L = 10^16 kg * m^2 / s,L = 10^19 kg * m^2 / s,L = 10^22 kg * m^2 / s,L = 10^25 kg * m^2 / s,B,False,0.17074299,0.24457802,0.5342075,0.05047153
Which of the following responsibilities of a human resources manager would have the most negative impact on a company if performed incorrectly?,Recruiting and hiring new employees,Providing professional development opportunities for employees,Ensuring company compliance with laws and regulations,Filing employee compensation and benefits forms,C,True,0.2459705,0.22483525,0.35579413,0.17340021
A car-manufacturing factory is considering a new site for its next plant. Which of the following would community planners be most concerned with before allowing the plant to be built?,The amount of materials stored in the plant,The hours of operations of the new plant,The effect the plant will have on the environment,The work environment for the employees at the plant,C,True,0.2765004,0.13060954,0.5085621,0.084327854
What team has won the most World Series?,Chicago Cubs,Los Angeles Dodgers,New York Yankees,San Francisco Giants,C,False,0.5290821,0.37517542,0.060296178,0.03544629
What is the name of the Newtonian law that states 'An object in Motion tends to stay in motion'?,Law of Inertia,Law of Thermodynamics,Law of Relativity,Law of Gravitation,A,False,0.11336997,0.17085458,0.5602106,0.15556486
Who was the WNBA's Most Valuable Player of 1999?,Rebecca Lobo,Sheryl Swoopes,Lisa Leslie,Yolanda Griffith,D,False,0.1523207,0.4691808,0.32246295,0.056035656
Ada Lovelace is credited with being the first person to have made what?,a computer program,a souffle,a brassiere,a mystery novel,A,False,0.073859036,0.4816214,0.32082903,0.12369061
Which of the following is true of a profitmaximizing firm in the short run?,The firm will shut down to minimize losses if product price falls below average total cost.,The firm will shut down if marginal revenue equals marginal cost but exceeds average variable cost.,"The firm will continue to produce as long as total revenue exceeds total variable cost, even if it incurs loss.",The firm will continue to produce as long as average variable cost is less than average fixed cost.,C,True,0.24321666,0.23573367,0.3178345,0.20321512
From 1971 to 1997 the Democratic Republic of Congo was known as what?,Zaire,Angola,Rhodesia,Belgian Congo,A,False,0.1631826,0.38538578,0.35089776,0.100533895
What is New Mexico's nickname?,The Desert State',Gateway to Paradise',Land of Enchantment',The Garden State',C,True,0.04860733,0.09081045,0.8221307,0.038451567
A kindergarten teacher sets up a literacy center with an activity that asks students to match pictures of objects with pictures of letters to correctly indicate the beginning sound. Which of the following is the teacher trying to develop in students through the center?,Phonics,Vocabulary,Letter recognition,Phonemic awareness,D,False,0.23025584,0.19313893,0.3955221,0.1810832
Which of the following is the best description of a consumer checking account?,An asset for the consumer and a liability for the bank,A liability for the consumer and an asset for the bank,An asset for both the consumer and the bank,A liability for both the consumer and the bank,A,False,0.22882919,0.21538538,0.400042,0.15574346
What was the name of the first nuclear-powered submarine?,Nautilus,Neptune,Nordenfelt III,Nicholas,A,False,0.3470318,0.14466439,0.4057213,0.10258241
What is Andromeda?,The nearest major galaxy to the Milky Way,A bacteria that can cause death,An array of radio telescopes,An element of the Periodic Table,A,True,0.6038561,0.0985768,0.25172466,0.04584247
Which of these is not one of superhero Captain Marvel's abilities?,the power of Apollo,the strength of Hercules,the courage of Achilles,the wisdom of Solomon,A,False,0.04977726,0.5970096,0.32970002,0.02351311
Which of these animals is a rodent?,Bat,Wolverine,Beaver,Koala,C,False,0.37991482,0.4172548,0.16086605,0.04196442
Which two planets are most similar in size diameter wise?,Mars and Mercury,Venus and Earth,Uranus and Neptune,Jupiter and Saturn,B,False,0.5922666,0.1301037,0.21117917,0.06645048
Which of these stores is not owned by Gap Inc?,Gap,Banana Republic,Old Navy,J Crew,D,False,0.091339394,0.47116444,0.41580114,0.021695009
What is the largest city in Pennsylvania?,Philadelphia,Stewartsville,Harrisburg,Pittsburgh,A,False,0.16753255,0.08164884,0.65233135,0.0984873
A prekindergarten teacher uses a basket of red and yellow apples to reinforce concepts during a mathematics lesson. Which of the following tasks is best targeted at teaching students to compare quantities?,Having students count all the apples in the basket,Having students put one apple in the middle of the place mat on their desks,Having students make a Venn diagram for the color of the apples,Having students determine whether the numbers of red and yellow apples are equal,D,False,0.24792212,0.22750612,0.3265246,0.19804718
