0,1,2,3,4,5,MOSS-7B-A800-FlashAttention-500_correct,MOSS-7B-A800-FlashAttention-500_choiceA_probs,MOSS-7B-A800-FlashAttention-500_choiceB_probs,MOSS-7B-A800-FlashAttention-500_choiceC_probs,MOSS-7B-A800-FlashAttention-500_choiceD_probs
An important source of information on the credit rating of retail businesses is,the Retail Merchants Association,the local chamber of commerce,"Dun & Bradstreet, Inc.",the United States Retail Credit Association,C,True,0.000160207,0.002143546,0.995342,0.0023542244
"In preparation for a writing unit on short stories, a teacher presents students with several examples of short stories and works with them to identify defining characteristics of the genre. Which of the following best describes this instructional strategy?",Conferencing,Discipline-based inquiry,Self-Regulated Strategy Development,Introduction-Body-Conclusion strategy,B,False,0.018548978,0.39044604,0.48591793,0.105087124
Paper will burn at approximately what temperature in Fahrenheit?,986 degrees,2125 degrees,3985 degrees,451 degrees,D,True,0.004932324,0.049814705,0.034237113,0.9110158
The Apple iMac computer is available in all of the following colors except which?,Tangerine,Strawberry,Kiwi,Grape,C,False,0.062865935,0.18768303,0.09437296,0.6550781
What were the first names of the early American explorers Lewisand Clark?,Morgan and Mason,Meriwether and William,Cabot and Joseph,Meredith and George,B,True,0.00066614314,0.9984951,0.00055225205,0.00028650457
"A teacher provides support for small, flexible groups of beginning readers. As students read a text or a book that is unfamiliar to them, the teacher works with the students to teach them how to use a variety of reading strategies. Which of the following reading approaches is described?",Direct instruction,Literature circle,Guided reading,Read-aloud,C,True,0.0012495285,0.47355416,0.5200975,0.005098856
What is varicella?,a fancy pasta,a type of opera,the chicken pox virus,ancient Roman poetry,C,True,5.914727e-05,0.00072056125,0.9988955,0.00032478242
Which of the following materials has a resistance that is LEAST affected by temperature changes?,Copper,Carbon,Germanium,Silicon,A,False,0.17426904,0.4180497,0.21020858,0.19747269
A second-year college student is usually called a what?,sophomore,senior,freshman,junior,A,False,0.0041981125,0.0300657,0.96500665,0.00072952255
In the film 'The Talented Mr Ripley' who plays Mr Ripley?,Jude Law,Matt Damon,Dustin Hoffman,Ben Affleck,B,True,0.027994758,0.89853644,0.05567422,0.01779455
A hard-edge painting is most likely to be characterized by,"an even, solid paint application",blurry color mixed on the painting's surface,scratchy brush marks clearly separated,translucent multiple layers of paint,A,False,0.02506819,0.5886606,0.09027403,0.29599714
Who was president of the United States when Bill Clinton was born?,Herbert Hoover,Harry S Truman,Franklin Roosevelt,Dwight Eisenhower,B,False,0.0006873068,0.030627571,0.95279574,0.015889373
Which of the following lists includes minerals only?,"Granite, gabbro, diorite, quartz, feldspar","Gold, quartz, topaz, diamond, corundum","Gneiss, schist, phyllite, chlorite, mica","Coal, chert, limestone, dolomite, halite",B,True,0.28429225,0.4989484,0.118510626,0.098248765
Which of the following is a likely outcome of the development and use of genetically modified plants?,Reduced cost of plant seeds,New plant varieties being patented,Increased genetic diversity within a planted field,Less oversight and fewer regulations than for unmodified crops,B,False,0.0036519298,0.05201363,0.022370784,0.92196363
"A teacher reads aloud Where the Wild Things Are, a picture storybook in which a boy named Max encounters wild monsters that are vividly portrayed. The teacher then shows the students picture cards depicting scenes from the beginning, middle, and end of the story. Which of the following concepts of literary structure is the teacher helping students understand?",Plot sequence,Point of view,Character development,Setting,A,False,0.32781327,0.6519345,0.013959972,0.006292253
"Which movie popularized the phrase ""You talkin' to me?""",Ghost Busters,Taxi Driver,Joker,Groundhog Day,B,True,0.0006317551,0.9923953,0.0015155016,0.0054575307
Which of the following most likely indicates the presence of water in the hydraulic system in a piece of farm machinery?,"A grayish, milky fluid",Excessive fluid use,Excessive thinning of the fluid,A noisy relief valve,A,False,0.28244418,0.3626655,0.3302107,0.024679698
What animal represents the year 2000 on the Chinese calendar?,dragon,rabbit,tiger,monkey,A,False,0.005528151,0.989652,0.0030529348,0.0017669031
Which of the following is part of a farm combine?,Beater,Conditioner,Seed plate,Furrow opener,A,False,0.10641124,0.4208646,0.30791113,0.16481295
According to legend in what country are you most likely to meet a leprechaun?,Ireland,Poland,Greenland,Scotland,A,True,0.9805535,0.013139424,0.0012414029,0.0050656996
During which of the following processes within the hydrologic cycle do water molecules absorb energy?,Formation of ice from water,Formation of a cloud from water vapor,Runoff along the land surface,Evaporation from the ocean surface,D,False,0.002771805,0.9564693,0.00853776,0.03222117
What French city is home to a famous international film festival each spring?,Cannes,Marseille,Dijon,Lyon,A,True,0.9859686,0.00826785,0.0051738885,0.00058963563
What do you call three consecutive strikes in bowling?,yahtzee,mulligan,turkey,ace,C,False,0.019077571,0.07545326,0.2116139,0.6938552
Which of the boys on the TV show 'My Three Sons' is adopted?,Mike,Ernie,Chip,Robbie,B,False,0.053505633,0.23241785,0.1205768,0.5934998
Which of these horror films spawned the most sequels?,Scream',Jaws',Halloween',Friday the 13th',D,True,0.0039059834,0.04758462,0.050653562,0.8978559
What is the name of the female character played by comedian Flip Wilson on his 1970s TV show?,Miss Jackie,Elizabeth Sanford,Geraldine Jones,Gladys Knight,C,True,0.0005152266,0.0048883343,0.99163157,0.0029649248
What kind of animal is a peregrine?,moose,cat,bird,fish,C,True,8.338596e-05,0.0011332615,0.9985954,0.00018791317
What part of the human body does a gastroenterologist examine?,Brain,Skeleton,Stomach,Nose,C,True,7.711589e-05,0.0012641868,0.9985499,0.000108750835
A piece of paper that appears blue in sunlight is illuminated solely by a red light that is passed through a green filter. What color does the paper appear under this illumination?,Blue,Green,Red,Black,D,False,0.05136319,0.61603063,0.28203937,0.050566874
Meat should be kept frozen at what temperature in degrees Fahrenheit?,0 degrees or below,between 10 and 20 degrees,between 20 and 30 degrees,just below 32 degrees,A,True,0.97447634,0.017848156,0.0043738787,0.0033015772
What kind of animal is cartoon character Tennessee Tuxedo?,cat,skunk,walrus,penguin,D,True,0.012074666,0.118197806,0.049272176,0.8204554
What US president is mentioned by name in the opening theme song of TV's 'All in the Family'?,Calvin Coolidge,Harry Truman,Herbert Hoover,Richard Nixon,C,False,0.046371702,0.6708626,0.043562185,0.23920342
What is the heaviest confirmed noble gas?,Xenon,Argon,Radon,Krypton,C,False,0.6376174,0.2919225,0.05659176,0.013868408
How many moles of HCl must be added to sufficient water to form 3 liters of a 2 M HCI solution?,1 mol,2 mol,3 mol,6 mol,D,False,0.057784002,0.41383275,0.42696923,0.10141408
Who led the 1831 slave insurrection in SouthamptonVirginia?,John Brown,Dred Scott,Nat Turner,Harriet Tubman,C,True,7.243339e-05,0.0011154826,0.99840814,0.00040400104
For what purpose would you use an awl?,to shoot ducks,to polish floors,to make holes,to weigh fruit,C,True,0.0001737503,0.0010156095,0.99836,0.00045067398
Which of these bones is located in the wrist?,Patella,Humerus,Carpals,Coccyx,C,True,0.0010986187,0.020729415,0.9680693,0.010102711
What do you call a young cow?,mare,lamb,kid,calf,D,True,0.00010816695,0.0009792636,0.005724016,0.9931886
Which of these is an Italian Design firm?,Escada,Fendi,Ghost,Mainbocher,B,True,0.0014187836,0.98898077,0.004875267,0.004725271
Operant conditioning would be most useful for,determining whether a toddler is securely attached,increasing on-task behavior in the classroom,measuring a dependent variable,preventing anterograde amnesia,B,True,0.0041565425,0.926055,0.0573793,0.012409144
Which of these countries was not a member of the Axis alliance during World War II?,Germany,Italy,Spain,Japan,C,True,0.003348988,0.021838145,0.92858154,0.04623135
The demand for labor is called derived demand because it is,dependent on the demand for the final product that the labor is used to produce,inversely related to the wage rate,dependent on the availability of capital goods,directly related to the marginal utility of working,A,False,0.010802708,0.97242874,0.005965822,0.010802708
Which of the following actions is most important before removing the blade from a gas-powered lawn mower?,Adjusting the wheels to their highest level,Removing the spark plug,Emptying the gas tank,Removing the air filter,B,True,0.03345395,0.4338374,0.3076368,0.22507189
Which of the following is a force that is most responsible for causing a fixed-wing aircraft to move forward?,Lift,Drag,Thrust,Weight,C,True,0.00020466628,0.00912028,0.99029267,0.00038236697
Which of the following heavenly bodies have never had a spacecraft landed on it?,Venus,Mars,The Moon,Jupiter,D,False,0.09640705,0.24618402,0.55478424,0.10262477
The labor force primarily consists of all,employed workers under the age of 16,persons classified as unemployed or employed,persons who are employed as full-time workers,"unemployed, employed, and discouraged workers",B,True,0.0032099562,0.9623539,0.005375665,0.02906057
Which of the following is an example of persuasive speech?,A campaign manager's introduction of a mayoral candidate,A professor's lecture on the structure of the heart,A company president's yearly sales report,A tour guide's discussion of an art museum installation,A,False,0.035429254,0.30606204,0.504611,0.15389767
What is the name of the POW camp where 'Hogan's Heroes' are held?,Stalag 13,Alcatraz 17,Devil's Island,Leavenworth,A,True,0.803947,0.16333173,0.020126417,0.012594791
Which value is the most reasonable estimate of the volume of air an adult breathes in one day?,100 liters,"1,000 liters","10,000 liters","100,000 liters",C,True,0.04315999,0.18747845,0.3846808,0.3846808
What is a Dutch oven?,a toaster oven,a microwave,a kettle pot,a sauna,C,True,0.0006935937,0.004890312,0.99203277,0.0023833478
What does it mean to work 'probono'?,work overtime,work without pay,work as your own boss,not work at all,B,True,0.000107066575,0.9985663,0.00045786568,0.0008688764
What is the largest animal ever to live on Earth?,blue whale,giant squid,woolly mammoth,Tyrannosaurus,A,False,0.0017384206,0.02151181,0.9736988,0.0030510232
Which of these is not a Hindudeity?,Shiva,Vishnu,Sanskrit,Brahma,C,False,0.113672435,0.43575096,0.16030383,0.2902727
What kind of angle is formed where two perpendicular lines meet?,obtuse,acute,right,invisible,C,True,0.00018161509,0.0037052818,0.99576306,0.00035007228
The nineteenth-century photographic process used to create a daguerreotype was notable for its,quick exposure time,ability to capture sharp detail,capacity to be reproduced multiple times,use of paper negatives,B,False,0.004166218,0.01700077,0.95767516,0.021157801
A business teacher has students analyze a scenario in which a few firms in the gas industry produce a homogeneous product and dominate the market. This situation would primarily produce a market structure representative of,an oligopoly,a pure monopoly,monopolistic competition,pure competition,A,False,0.26614007,0.45271954,0.21384956,0.06729075
In traditional English puppet shows who is married to the character Punch?,Debbie,Victoria,Judy,Barbara,C,True,0.05896108,0.33403727,0.48602134,0.12098028
In what sport do athletes compete for the Walker Cup?,cricket,tennis,squash,golf,D,True,0.0011890308,0.28643554,0.0034405747,0.7089348
A pita is a type of what?,Fresh Fruit,flat bread,French tart,fried bean dip,B,True,0.0003197704,0.9989681,0.0005355146,0.00017659397
What is the oldest permanent European settlement in the United States?,St Augustine Florida,Plymouth Massachusetts,Newport News Virginia,Charlotte North Carolina,B,True,0.0035362977,0.99595827,0.00029949137,0.00020583722
"As seen from Earth, the Moon goes through a series of phases due to changes in which of the following?",The amount of the Moon's surface that is in Earth's shadow,The amount of the illuminated side of the Moon that can be seen from Earth,The part of the Moon that faces Earth as the Moon rotates on its axis,The tilt of the Moon on its axis,B,False,0.013651993,0.3412569,0.6375518,0.007539347
In which of the following fields did Islamic civilization most influence Europeans at the time of the Crusades?,Music,Theology,Mathematics,Law,C,True,0.007763288,0.115877196,0.8562231,0.020136438
Which of the following is not a flavor of Ben & Jerry's Ice Cream?,Wavy Gravy,Bovinity Divinity,Cutie Patootie,Chubby Hubby,C,False,0.07648299,0.34277296,0.2587386,0.3220054
Which of the following terms refers to the use of distortion to create the illusion of an object extending into space?,Cantilevering,Contrapposto,Sfumato,Foreshortening,D,True,0.0002859468,0.0027129876,0.00044985747,0.99655116
How much energy do Americans waste each year by throwing out the unused ice in their drinks?,6*10^8 J,6*10^11 J,6*10^14 J,6*10^17 J,C,False,0.07138799,0.48028502,0.282345,0.16598207
Who wrote 'A Tale of Two Cities'?,Charles Dickens,Nathaniel Hawthorne,Washington Irving,Mark Twain,A,True,0.983304,0.015404633,0.00080375833,0.00048750403
What is your astrological sign if you were born on Halloween?,Scorpio,Capricorn,Libra,Cancer,A,False,0.09973409,0.2078637,0.07183577,0.62056637
In an adult human how long is the large intestine?,one foot,five feet,twelve feet,twenty feet,B,False,0.0068383436,0.078260705,0.84138185,0.073519126
The purpose of an amicus curiae brief is to,influence the outcome of a Supreme Court case,explain the reasoning of a Supreme Court decision,request a writ of habeas corpus from the Supreme Court,order a party to comply with a Supreme Court decision,A,False,0.040315636,0.7489067,0.11849424,0.092283405
What are the names of the two primary M&M's spokes-candies?,Peanut and Plain,Red and Yellow,Mort and Marty,They don't have names,B,True,0.0015182862,0.9942187,0.0017204436,0.002542651
The accumulation of stress along the boundaries of lithospheric plates results in which of the following?,Earthquakes,Magnetic reversals,Hurricanes,Increased deposition of deep-sea sediments,A,True,0.98829854,0.00939084,0.00060033635,0.001710199
In bowling how many pins must you knock down to get a strike?,zero,8,10,12,C,True,0.008495288,0.44955653,0.46382698,0.07812121
Which of the following geometric shapes is most commonly used to give strength to the structure of truss bridges?,Circle,Triangle,Hexagon,Rectangle,B,False,0.000980689,0.092515394,0.9056248,0.00087908393
What kind of item is a ginsu?,radio,knife,toothbrush,martial arts weapon,B,True,0.000526813,0.9982116,0.00074292533,0.0005186455
Which of these words is a synonym for 'perambulate'?,kiss,shout,stroll,heal,C,True,0.00019370495,0.0016733556,0.99770325,0.00042975324
"After a visit to a rescue squad, Ms. Espinosa asks her 3-year-old students to help her write a thank-you letter to the rescue squad employees. She records the students' responses on a large sheet of chart paper as the students share their ideas. While writing, Ms. Espinosa focuses the students' attention on several early literacy skills. Which of the following is the most appropriate focus for 3-year-old students?",Paraphrasing ideas,Spelling words correctly,Expressing speech in print,Capitalizing proper nouns,C,True,0.0116300145,0.07013796,0.8954615,0.022770463
What's the third letter of the Greek alphabet?,delta,gamma,phi,theta,B,False,0.0017347466,0.0070788497,0.971641,0.019545332
"A well on the side of a hill penetrates the water table at an elevation of 550 feet above sea level. If someone plans to drill on the top of the hill, where would the water table most likely be found?",The water table would be found at sea level.,The water table would be found at an elevation lower than 550 feet above sea level but above sea level.,The water table would be found at an elevation higher than 550 feet above sea level but many feet below the land surface.,"The water table would intersect with the land surface at the top of the hill, forming a spring.",C,False,0.028324837,0.3141872,0.12303749,0.5344505
Before he went into coaching Phil Jackson played for which of the following NBA teams?,Boston Celtics,Los Angeles Lakers,New York Knicks,Philadelphia 76ers,C,False,0.0018018312,0.9781651,0.0056374315,0.014395684
Old-fashioned steam engines were powered by coal transferred from the tender to the engine by human stokers using a shovel. What is the maximum power such an engine could attain?,6*10^3 W,6*10^5 W,6*10^7 W,6*10^11 W,B,True,0.082238905,0.6885779,0.14433376,0.08484945
People are supposed to drive on the left-hand side of the road in which country?,France,Italy,England,Germany,C,True,0.013521558,0.022293279,0.9045253,0.05965991
In the famous ballet 'The Nutcracker' who does the hero defeat?,Sugar Plum Fairy,Rat King,Snow Queen,Marzipan,B,True,0.025141908,0.9434432,0.023252465,0.008162383
An airplane's black box is usually what color?,black,white,orange,purple,C,False,0.6833178,0.25935817,0.027766632,0.029557426
Which of these sentences is written in the subjunctive?,I am not your man,I wish I were your man,Wherefore art your man?,Your man is where?,D,False,0.07159936,0.7231279,0.13801138,0.067261375
Which of the following terms refers to the process of using thick applications of paint?,Scumbling,Alla prima,Impasto,Frottage,C,True,0.0004911374,0.022230577,0.97527415,0.002004147
What was Richard Nixon's middle name?,Michael,Milhous,Mortimer,Matthew,B,True,0.0009822056,0.9961725,0.0009519864,0.0018932509
In what country did Pokemon originate?,France,Hungary,Japan,Canada,C,True,0.0001006305,0.00051909167,0.99907035,0.0003099638
What important food crop is grown in fields called paddies?,wheat,rye,corn,rice,D,True,3.942246e-05,0.00020020377,0.00031008167,0.99945027
A triad on a color wheel can be described as,three analogous colors,three colors equally spaced apart,three colors of equal value,a complementary set,B,False,0.0033192856,0.109919645,0.048776545,0.8379845
Which of these famous baseball figures was once acquitted at court-martial for insubordination?,Abner Doubleday,Ty Cobb,Jackie Robinson,Billy Martin,C,False,0.031176059,0.6069221,0.18801568,0.17388609
Which of the following best describes an effect of the green revolution in the 1960s?,Increased varieties of each crop planted,Increased use of fertilizers,Decreased use of mechanization,Decreased use of pesticides,B,True,0.05795241,0.85160446,0.04239889,0.048044235
In what forest did Robin Hood live?,Black Forest,Petrified Forest,Nottingham Forest,Sherwood Forest,D,True,7.950082e-05,0.001097475,0.0010637093,0.99775934
If a piece of music is in 'common time' how many quarter notes are there per measure?,one,four,five,ten,B,True,0.012601896,0.9702922,0.009219744,0.007886064
Which of these countries does not participate in NAFTA?,United States,Canada,Mexico,Guatemala,D,True,0.015157922,0.04668969,0.029217662,0.9089348
President Abraham Lincoln's Emancipation Proclamation declared free only those slaves who,were living in the areas still in rebellion,were serving in the Union armies,were living in the border states,had escaped to Northern states,A,False,0.05714599,0.10029434,0.05368369,0.78887606
Which of the following terms refers to Archaic Greek statues whose poses‚Äîrigidly frontal with clenched fists‚Äîrecall the stance of ancient Egyptian statues?,Caryatids,Telamones,Discoboloi,Kouroi,D,True,0.03675414,0.12828454,0.32758608,0.50737524
In 1978 who became the youngest jockey ever to win horse racing's triple crown?,Jerry Bailey,Steve Cauthen,Willie Shoemaker,Pasquale Devito,B,True,0.0032551857,0.91678625,0.0313707,0.048587892
What does the Latin phrase 'e pluribus unum' mean?,What a crazy life,In God we trust,from many one,for the greater good,C,True,0.00019387281,0.0010318178,0.9985678,0.00020637654
In the United States what is the first day of spring?,21-Feb,21-Mar,21-Apr,21-May,B,True,0.024839405,0.51475,0.2932957,0.16711485
Which of the following is an example of a concurrent power?,The printing and coining of money,The power to declare war,The process of naturalization,The levying of taxes,D,False,0.09308763,0.39191356,0.20977622,0.3052226
Which of these animals shares its name with a luxury car?,yak,gazelle,sloth,jaguar,D,True,0.012249533,0.05157246,0.07741944,0.85875857
Who were the Know-Nothings?,a '60's comedy troupe,computer designers,a political party,a spy ring,C,True,9.453773e-05,0.0005882335,0.99911386,0.00020328807
Which of the following poses the greatest safety risk while being heated in a school laboratory?,A mixture of iron and sulfur,Mercury(II) oxide,Sodium chloride,Copper(II) sulfate hydrate,B,True,0.13805348,0.6383528,0.09789458,0.12569912
Who is the star of the TV show 'Everybody Loves Raymond'?,Ray Liotta,Ray Romano,Ray Parker Jr,Sugar Ray Leonard,B,True,0.00042954157,0.9972119,0.0017527977,0.0006057507
In what sport do you find 'steel cage' matches?,boxing,fencing,pro wrestling,college basketball,C,True,0.00016271728,0.0027954942,0.9952649,0.0017769242
Which of the following best helps explain why volcanoes tend to form along subduction zones?,Rock material carried deep below Earth's surface results in material melting and rising to the surface.,"Two plates pull away from each other, and magma oozes out.",The friction resulting from the collision of two continents causes rock to melt.,There is a row of hot spots at these boundaries.,A,False,0.049037296,0.9252659,0.011647379,0.01404942
How many sides does a rhombus have?,4,6,8,10,A,False,0.1041539,0.4667854,0.3869787,0.042081982
Which of the following degrees can be awarded by the local chapter of the FFA? I. Greenhand FFA Degree II. Chapter FFA Degree III. State FFA Degree IV. American FFA Degree,I only,II only,I and II only,"I , II , III , and IV",C,False,0.028942805,0.0948998,0.12971266,0.74644476
From whom does the Lutheran Church get its name?,Martin Luther King Jr,Martin Luther,Luther Vandross,Lex Luthor,B,True,0.00030526269,0.9994123,0.00022685197,5.5592467e-05
What is the only metal that is a liquid at normal atmospheric pressure and temperature?,lead,antimony,uranium,mercury,D,True,0.0019770842,0.0011265086,0.004251399,0.992645
"Which of the following has provided the most information about the structure of Earth's core, mantle, and lower crust?",Measurement of the intensity and fluctuations of Earth's magnetic field,Examination of flowing lava,Collection of samples from deep boreholes drilled into Earth,Studies of the speeds and travel paths of seismic waves passing through Earth,D,True,0.0020521104,0.03210041,0.08457331,0.88127416
"When the production of a good generates negative externalities, the private market will",overproduce the good relative to the socially optimal level of output,underproduce the good relative to the socially optimal level of output,compensate the third parties harmed by the negative externality,charge lower than the market equilibrium price to compensate for the externality,A,False,0.06862079,0.737743,0.093793504,0.09984266
Some observers argue that a limitation of the official unemployment rate is that it understates the true unemployment level because it fails to include which of the following?,New entrants to the labor market,People who are laid off and are looking for new jobs,Discouraged people who have given up looking for jobs,Full-time students looking for part-time jobs,C,True,0.0030800547,0.026195098,0.9527212,0.01800361
Which fast food chain used the advertising slogan 'Where's the beef?',Wendy's,Kentucky Fried Chicken,Burger King,McDonald's,A,False,0.0013622766,0.051119052,0.41484597,0.53267276
What city is known as 'the rubber capital of the world'?,Omaha Nebraska,Rockford Illinois,Grand Rapids Michigan,Akron Ohio,D,True,0.00018402185,0.001447444,0.0050520757,0.9933164
What was the first American college to become coeducational?,Oberlin College,Dartmouth College,Grinnell College,Antioch College,A,False,0.03354735,0.6135169,0.024543764,0.32839197
What color is Uncle Sam's goatee?,brown,black,white,dishwater blond,C,False,0.003291219,0.98671675,0.004032486,0.005959628
According to a famous line from the existentialist play 'No Exit' what is hell?,oneself,other people,little made,large hued in green and blue,B,True,0.0039344295,0.94779754,0.039120276,0.009147823
"A passage from Zora Neale Hurston's Their Eyes Were Watching God is as follows. The people all saw her come because it was sundown. The sun was gone, but he had left his footprints in the sky. It was the time for sitting on porches beside the road. It was the time to hear things and talk. These sitters had been tongueless, earless, eyeless conveniences all day long. Mules and other brutes had occupied their skins. But now, the sun and the bossman were gone, so the skins felt powerful and human. They became lords of sounds and lesser things. They passed nations through their mouths. They sat in judgment. Zora Neale Hurston is associated with which of the following literary movements?",New England Puritanism,Transcendentalism,Naturalism,Harlem Renaissance,D,False,0.0020007922,0.7465168,0.22066996,0.030812427
What is the 7-Eleven company's trademarked name for its super-large sodas?,Big Slurp,Big Gulp,Big Drink,Big Sip,B,True,0.001273561,0.9903584,0.0044451645,0.003922844
The sport of judo comes from what Asian country?,Japan,Vietnam,Laos,Philippines,A,True,0.99521625,0.0044669686,0.00017320318,0.00014359049
The demand for which of the following products is likely to be the most elastic?,Water,Bread,Salt,Pork,D,False,0.175016,0.53908724,0.19221747,0.09367932
What country is the rock group U2 from?,England,Ireland,Belgium,Germany,B,True,6.2993786e-05,0.9994006,9.910313e-05,0.0004372635
Elephant tusks are made of what material?,Coral,Ivory,Bone,Calcium,B,True,0.00032397153,0.99640155,0.0023938438,0.0008806459
What city did the Beatles originally call home?,London,Leeds,Liverpool,Manchester,C,True,0.0004562174,0.0038198617,0.99497163,0.0007521754
Which of these is not one of the three branches of the US government?,Judicial,Executive,Parliamentary,Legislative,C,True,0.080748975,0.12506646,0.46467826,0.32950625
In British currency how many pence make a pound?,10,100,500,1000,B,True,0.0047729868,0.9682326,0.0049244976,0.022070069
How are actors Charlie Sheen and Emilio Estevez related?,They're cousins,They're brothers,They're father and son,They're uncle and nephew,B,False,0.019154802,0.40319827,0.5177168,0.059930075
Which of the following requires the use of at least two needles?,macrame,braiding,crocheting,hand knitting,D,True,0.019097654,0.11698732,0.12453236,0.7393826
In 1909 Frederick Cook claimed to be the first explorer to reach what location?,Mount Everest,Bermuda Triangle,Atlantis,North Pole,D,True,0.022672009,0.12256372,0.25148442,0.60327977
A clothes dryer that is set to run for 30 minutes is an example of which of the following control systems?,Open loop,Closed loop,Negative feedback,Positive feedback,A,False,0.009667605,0.11415196,0.8434753,0.032705087
How many stars are on the American flag?,13,48,50,51,C,False,0.004954886,0.008042574,0.20420498,0.78279763
Who was the English king at the time of the American Revolution?,Charles I,James I,Edward III,George III,D,True,0.007186383,0.19729263,0.015213573,0.7803075
Which of these animals lays eggs?,cow,gerbil,frog,elephant,C,True,0.0065461746,0.12546237,0.56228334,0.30570814
"An enterprise analysis shows an average return of $151 for each $100 of feed fed to hogs last year and a return of $130 for each $100 of feed fed to hogs this year. Assuming that feed costs are stable and there are no major death losses, which of the following is the most likely explanation for the difference in returns?",Lower feed efficiency,Poor record keeping,Lower market prices,Lower purchase prices,C,True,0.06308194,0.25741372,0.52817863,0.15132572
"If tickets to a baseball game generally cost between $10 and $30, a season has about 150 games, and each game is attended by 50,000-75,000 people, which of the following is a good estimate for ticket sales revenue for the 150 games combined?","$20,000,000","$200,000,000","$2,000,000,000","$20,000,000,000",B,True,0.08789044,0.5731176,0.17479101,0.16420095
Which of these is not a breed of cat?,Persian,Turkish Angora,Bichon Frise,Maine Coon,C,False,0.113880984,0.4365504,0.27318627,0.1763823
Approximately how many movies are watched in homes in the United States in one year?,"200,000,000","2,000,000,000","20,000,000,000","200,000,000,000",C,False,0.03193753,0.45487913,0.14767763,0.36550567
Which of these is not found in a Snickers candy bar?,almonds,chocolate,nougat,caramel,A,True,0.44373417,0.33494812,0.13116756,0.090150066
In the children's game what color is 'Rover'?,Green,black,red,blue,C,True,0.005812003,0.06862626,0.88995886,0.035602834
Which of the following breakfast cereals is shaped like the letter O?,Life Corn,Chex,Cheerios,Raisin Bran,C,True,0.0054419916,0.31628543,0.6695763,0.008696278
"Normally, S-P arrival intervals from a minimum of how many seismic stations are required to uniquely locate the epicenter of an earthquake?",1,2,3,4,C,False,0.001276968,0.041631766,0.43381298,0.52327836
Which character on the TV show 'Friends' is a chef?,Joey,Monica,Ross,Rachel,B,False,0.09214703,0.065342024,0.02121345,0.8212975
"If the tax rate for a single person with $25,000 in taxable income is 24 percent, and the tax rate for a single person with $20,000 in taxable income is 20 percent, the tax rate over this income range is",regressive,progressive,proportional,revenue-neutral,B,True,0.06464419,0.6949905,0.17572112,0.06464419
The aesthetic philosophy that claims that the value of a work of art is determined by museums and galleries is known as,capitalism,conceptualism,structuralism,institutionalism,D,True,0.008643601,0.1270168,0.009794484,0.8545451
What is your hallux?,earlobe,tongue,eyelid,big toe,D,True,6.9162896e-05,0.00070952054,0.00014191303,0.99907935
What metal device is used by police to immobilize the wheels of repeat parking offenders?,Brooklyn clamp,Denver boot,LoJack,The Club,B,True,0.0013993679,0.9754469,0.0063702944,0.01678349
What disease is sometimes referred to as the 'royaldisease'?,rickets,measles,hemophilia,tuberculosis,C,False,0.040307257,0.59231085,0.19229518,0.17508675
Which of the following statements accurately describes a JPEG compressed digital photograph?,The JPEG format is used only for color photos.,A JPEG compression alters the proportions of the original image by rearranging data.,A JPEG compression sharpens the details in an image.,The JPEG format compresses file size by selectively discarding data.,D,True,0.00019643184,0.002711658,0.0010292293,0.9960627
What do herpetologists study?,Herpes,Blood,Insects,Reptiles and amphibians,D,True,1.5433876e-05,0.00048013378,0.00032487477,0.99917954
Which of these is a virus?,Staphylococcus,Leukemia,Scoliosis,Chicken pox,D,True,0.000281791,0.0014310526,0.0007541118,0.9975331
What new token was recently added to the Monopoly board game?,piggybank,sack of money,globe,telephone,B,False,0.045680434,0.07299712,0.38247758,0.4988448
What is considered the proper way to address a duke?,Your Majesty',Your Eminence',Your Excellency',Your Grace',D,True,0.0008198284,0.0062500522,0.0055156522,0.9874144
Which of the following is about the Watergate scandal?,All the King's Men',All the Pretty Horses',All the President's Men',All the Right Moves',C,True,0.00044443354,0.010600702,0.98453575,0.0044190297
What causes the disease toxoplasmosis?,a bacterium,a protozoan,a virus,a prion,B,True,0.00015836823,0.99941254,0.0002958708,0.00013335943
Which of these rock guitarists designed a colorful line of men's neckties?,Eric Clapton,Jerry Garcia,Jeff Beck,Keith Richards,B,False,0.02418033,0.40897927,0.10340615,0.46343422
In mobster lingo if you 'sing like a canary' what are you doing?,impersonating Sinatra,talking to the cops,killing an enemy,betting on horses,B,True,0.00013326509,0.9987055,0.0006259154,0.0005353738
Where did Lewis and Clark begin their famous expedition in 1804?,Seattle,St Louis,New Orleans,Washington DC,B,True,0.0013244001,0.9982059,0.00025674666,0.00021285047
According to a popular slogan what state should people not 'mess with'?,New York,Texas,Montana,Rhode Island,B,False,0.23389857,0.06007012,0.07022908,0.6358022
Each year in pro baseball the player voted as the best fielder at his position wins what?,a brand new car,the Gold Glove,the Silver Bat,the Brass Baseball,B,True,0.0028433339,0.9966028,0.00024459593,0.00030919822
"Of the following objectives, which is most appropriate for a technology education program that has a goal of enabling students to develop creative technical solutions to present and future societal problems?","Design and construct a threedimensional model of a low-income, multifamily dwelling unit",Describe several construction careers that are related to home building,Categorize the components of a technical system,Identify the major tools and equipment used in highway construction,A,False,0.27379528,0.29145354,0.27379528,0.16095594
Who was the first US president to resign from that office?,Martin Van Buren,Andrew Jackson,Andrew Johnson,Richard Nixon,D,True,0.072813496,0.008042793,0.018124714,0.90101904
How much kale would be needed to provide enough calories for a person for an entire year?,2*10^3 kg/yr,2*10^4 kg/yr,2*10^5 kg/yr,2*10^6 kg/yr,A,False,0.0410842,0.3132099,0.26790264,0.37780327
How long has the average United States citizen spent as president?,1 seconds,10 seconds,1 minute,10 minutes,B,False,0.013976072,0.030526547,0.46282393,0.49267352
What is the proletariat?,the homeless,the royalty,the upper class,the working class,D,True,2.5058269e-05,0.00031496258,0.00021647042,0.9994435
According to the proverb necessity is the mother of what?,Invention,Luck,Problems,Procrastination,A,False,0.0006012006,0.0018809903,0.98972136,0.0077964882
What rank entitles a general in the US Army to wear three stars?,brigadier general,corporal general,lieutenant general,major general,C,True,0.009315244,0.048051685,0.70611435,0.23651868
What is another way of writing-'six feet'?,6',6,6'',6#,A,False,0.0010271658,0.014860079,0.96348155,0.020631175
"In construction, the plates are horizontal structures at the top and bottom of a wall. Which of the following are the vertical structures?",Rafters,Studs,Headers,Joists,B,True,0.063393086,0.6014569,0.076466665,0.25868338
What part of the world was once known as Cathay?,China,India,Iran,Indonesia,A,True,0.41970867,0.3372454,0.18624459,0.05680139
What is a shaddock?,a fish the offspring of a male shad and a female haddock,"a crystal such as quartz, that sticks out from a mineral vein",a plant that is a member of the nightshade family,a grapefruit,D,False,0.0033104857,0.022623064,0.96195716,0.012109254
How many innings are there in a regular Major League Baseball game?,seven,eight,nine,ten,C,True,0.010306786,0.2102774,0.7339402,0.045475673
"Which of the following statements is correct about a trophic structure in which a leaf-eating grasshopper is eaten by a frog, which in turn is eaten by a snake?",The frog is a herbivore.,The snake is a secondary consumer.,The grasshopper is a primary consumer.,The snakes outnumber the grasshoppers in the community.,C,False,0.090428375,0.4738108,0.19751371,0.23824702
"People who believe their political views are important, that government will respect these views, and that their views can influence political affairs are said to have a strong sense of",political partisanship,political alienation,political allegiance,political efficacy,D,True,0.00017106542,0.0010316565,0.00038550186,0.9984118
What was the average life expectancy of white males born in the U.S. just before the Civil War?,40 years,50 years,60 years,70 years,A,False,0.11895356,0.36640278,0.28535476,0.22928901
"What does the Yiddish word""'meshuga' mean?",crazy,sacred,stingy,sweet,A,True,0.97197026,0.0046439962,0.022155266,0.0012305364
What is the last letter of the Greek alphabet?,omicron,omega,upsilon,zeta,B,True,0.000777417,0.9967217,0.00066496,0.0018360134
An elementary school student is able to follow fast and slow songs by playing appropriate rhythm patterns on the drum. Which of the following attributes of music does the student understand?,Dynamics,Pitch,Tempo,Harmony,C,True,0.00041359113,0.006469654,0.9906612,0.0024556038
When FDR carried states in the presidential election of 1932 how many states did he not carry?,six,seven,eight,ten,A,False,0.10901128,0.43114796,0.10240661,0.3574342
Which of these is a member of the cucumber family?,green pepper,watermelon,potato,green bean,B,False,0.13116261,0.25282255,0.45780247,0.1582123
"I became what I am today at the age of twelve, on a frigid overcast day in the winter of 1975. I remember the precise moment, crouching behind a crumbling mud wall, peeking into the alley near the frozen creek. That was a long time ago, but it's wrong what they say about the past, I've learned, about how you can bury it. Because the past claws its way out. Looking back now, I realize I have been peeking into that deserted alley for the last twenty-six years. The excerpt is an example of which of the following types of writing?",Informative,Persuasive,Descriptive,Narrative,D,True,0.0019694348,0.0073173377,0.0019088415,0.9888044
Which of the following defenses may NOT be used to legally avoid payment on a negotiable instrument?,Breach of contract,Diminished economic resources,Fraud in the inducement,Mental incapacity,B,False,0.031137427,0.28633443,0.25268924,0.4298389
"Simple accompaniments, light texture and smooth melodies are qualities of",galant style,partitas,Sturm und Drang,serenade,A,True,0.35043433,0.26452172,0.3092572,0.07578674
Which of the following is true about a monopoly?,It competes with many firms selling the same product in the market.,It has to lower its price on all units to sell more output.,Its marginal revenue increases as output sold increases.,It sets a price below average variable cost to drive its competitors out of the market.,B,False,0.025185347,0.106034264,0.060416505,0.8083639
Which of these names has never belonged to a Pope?,Leo,Lando,Linus,Lawrence,D,True,0.07408336,0.2177431,0.28846276,0.41971081
Which of the following best helps explain why some localities have normally large tidal ranges (up to 60 feet) and others have one- to two-foot tidal ranges?,The position of the Sun is different at different localities.,The Coriolis effect and rotation of Earth tend to enhance tidal flow in the higher latitudes.,Ocean floor topography and the shape of the coastline serve to amplify tidal flow at specific localities.,Trade winds push the water into large tidal bulges near rocky shorelines.,C,False,0.005273647,0.6488634,0.326269,0.019593976
"Which of these is typically not ""used as a spice?",Dill,Thyme,Hemlock,Marjoram,C,True,0.08520717,0.29740226,0.4065007,0.21088979
Who is the patron saint of animals?,St Isidore of Seville,St Anthony of Padua,St Francis of Assisi,St Joan of Arc,C,True,0.00013520969,0.0020181807,0.99756914,0.00027743223
The dissolved salts in Earth's oceans are principally derived from,marine biological activity,atmospheric deposition,the weathering of continental rocks,the eruptions of undersea hot-spot volcanoes,C,True,0.00027681165,0.0074816775,0.9799064,0.012335201
What is the baseball term for a batter who substitutes for another batter?,Switchhitter,Shadow hitter,Clip hitter,Pinch hitter,D,True,4.0670915e-05,0.00043725353,0.00014419091,0.99937785
In 1960 Nazi official Adolph Eichmann was finally captured in what country?,Brazil,East Germany,Argentina,Paraguay,C,True,0.001280994,0.016354635,0.9654906,0.016873788
What is the square root of 81 squared?,9,27,81,729,C,True,0.022405652,0.057214838,0.8949907,0.025388932
Which of the following has provided evidence that the Sun's atmosphere contains sodium atoms?,Absorption lines in the solar spectrum are consistent with the presence of sodium.,Stars with the same spectral class as the Sun are made mostly of sodium.,Solar samples returned to Earth by the Voyager spacecraft contained sodium.,The Sun gives off energy produced by the nuclear fusion of sodium in its core,A,True,0.6042451,0.29448554,0.07925971,0.022009628
What letters are on the '3' button of a touch-tone telephone?,ABC,DEF,GHI,WXY,B,False,0.011197034,0.073013835,0.8355991,0.08019001
"To best encourage student engagement in the classroom, a teacher should select texts based on which of the following?",The instructional objectives,The culture of the local community,The instructional reading level of the class,Topics that are interesting for the students,D,True,0.00030323165,0.0048939106,0.0020400854,0.99276274
When born a Dalmatian puppy is always?,Black,black with white spots,white,white with black spots,C,False,0.00161487,0.9933961,0.0022420252,0.0027469865
Which of these countries is not in Europe?,Italy,Spain,Greece,Israel,D,True,0.0037636547,0.01196087,0.0039442764,0.98033124
What famous radio personality was also the voice of Shaggy on the cartoon 'Scooby-Doo'?,Rush Limbaugh,Casey Kasem,Larry King,Howard Stern,B,True,0.0007778575,0.99728644,0.0014993595,0.00043633848
Many scientists think that some of the dinosaurs did not go extinct but rather evolved into what kind of creature?,amphibians,reptiles,birds,mammals,C,True,0.00040934494,0.047313843,0.95032394,0.0019528755
What are fans of the TV show 'Mystery Science Theater 3000' known as?,Mysterians,MiSTies,Bot Brigade,Gizmonics,B,True,0.0014959966,0.99504966,0.0015924801,0.001861798
What automobile company makes the Sonata?,Toyota,Honda,Subaru,Hyundai,D,True,0.0003533806,0.0041726045,0.0058843154,0.98958963
Force equals mass times what?,Velocity,Distance,Acceleration,Weight,C,False,0.00046479746,0.0014316769,0.00013526378,0.99796826
To create a tapestry one must traditionally engage in what activity?,Weaving,Sculpting,Baking,Singing,A,True,0.9958054,0.00394442,0.00014823623,0.000101881174
What element do organic compounds contain?,Carbon,Oxygen,Hydrogen,Nitrogen,A,False,0.0006770181,0.99906284,0.0002303438,2.9746097e-05
What is the technical term for someone who studies fish?,entomologist,ichthyologist,marinologist,herpetologist,B,True,0.00011232236,0.9996125,0.00017127115,0.000103881204
A person uses a remote control to change the volume level on a television. The signal that travels from the remote to the television is most likely encoded in a,visible light pulse,radio wave signal,series of infrared pulses,series of intense infrared beams,C,False,0.0014487699,0.9942264,0.0032648537,0.0010599428
When it comes to measuring horses how long is a 'hand'?,four inches,seven inches,ten inches,two feet,A,False,0.004306246,0.8735511,0.11458496,0.0075576976
What is the (approximate) value of lemon juice on the pH scale?,14,2,7,0,B,False,0.0070797596,0.14902514,0.8056223,0.03827282
Which of the following best describes the situation after the price is raised on a product that has an inelastic demand?,The quantity demanded will not change.,The quantity demanded will increase.,Total revenue will decrease.,Total revenue will not change.,A,False,0.024894068,0.8243783,0.11876296,0.031964615
Which of the following statements reflects the Confucian worldview that figured prominently in classical Chinese culture?,Having faith in God will be rewarded in the afterlife.,Life's ultimate goal is to escape the suffering inherent in the endless cycle of death and reincarnation.,A life of quiet contemplation and isolation from worldly temptations will result in self-perfection.,Observing rules of proper behavior toward others will ensure social and political harmony.,D,False,0.0049075056,0.79992324,0.05616343,0.13900581
Which of these Democrats lost to Ronald Reagan in the 1984 presidential elections?,Michael Dukakis,Walter Mondale,Gary Hart,Jimmy Carter,B,True,0.049753476,0.88190144,0.049753476,0.018591516
Real gross domestic product (GDP) is defined as the ratio of nominal GDP to the,money supply,unemployment rate,government's budget deficit,GDP deflator,D,True,0.0066920943,0.0160535,0.014616878,0.9626375
Which of these is another name for a golf course?,Pitch,Links,Steps,Suite,B,True,0.00014879751,0.9995759,0.00013548168,0.00013978234
"When Corporation X pays out $300,000 in salaries, which of the following is the impact on assets and liabilities?","Salary expense is increased by $300,000; cash is increased by $300,000","Salary expense is increased by $300,000; cash is decreased by $300,000","Salary expense is decreased by $300,000; cash is increased by $300,000","Salary expense is decreased by $300,000; cash is decreased by $300,000",B,True,0.12780458,0.53807735,0.10269386,0.2314242
Who was not one of the Cartwright sons on the TV series 'Bonanza'?,Adam,Little Joe,Hoss,Ben,D,True,0.06911588,0.099003926,0.16580038,0.6660798
How long is a single term in the US Senate?,two years,four years,six years,eight years,C,False,0.0018890335,0.9939534,0.0019489978,0.002208504
On what body part should you wear a babushka?,head,hands,foot,legs,A,False,0.16238405,0.7277548,0.04725645,0.06260463
A kindergarten teacher has students determine the following. ‚Ä¢ How many students are absent that day ‚Ä¢ If there are enough snack cups for each student to have one during snack time ‚Ä¢ How many balls are taken outside during recess and how many are brought back inside after recess. Which of the following concepts is most closely aligned with the determinations the teacher is having the students make?,Classifying,Counting,Patterning,Ordering,B,False,0.01964692,0.1321808,0.8097055,0.038466804
"Grammar may be taught in two main ways‚Äî by experience with discourse that entails the varieties of word forms and sentence construction, or by analyzing dummy sentences and diagramming parts. Plentiful discursive experience is what really teaches grammar, for it exercises judgment and provides language intake, whereas formal grammar study has been proved irrelevant. Politics more than pedagogy retards the changing of the curriculum to fit this truth. The author of the passage above argues that",using language in a wide variety of situations improves grammar,good judgment can be improved by studying the rules of formal grammar,analyzing and diagramming provide exercise in logical thinking,formal study of grammar improves writing ability,A,False,0.2524109,0.4161552,0.1579547,0.17347929
Who was the mother of the Greek god Zeus?,Gaia,Phoebe,Rhea,Hera,C,True,0.0011543687,0.010952345,0.98589873,0.0019945703
Which of these evangelists is a cousin of rocker Jerry Lee Lewis?,Billy Graham,Oral Roberts,Jerry Falwell,Jimmy Swaggart,D,False,0.12449801,0.76264274,0.08038195,0.032477245
Which of the following prescribes standards for wages and overtime pay that affect most private and public employment?,The Employee Retirement Income Security Act,The American Recovery and Reinvestment Act,The Fair Labor Standards Act,The Federal Employees' Compensation Act,C,True,0.0001653569,0.0022124508,0.99572974,0.0018924094
What organelle is primarily responsible for photosynthesis?,Nucleus,Chloroplast,Mitochondria,Golgi Apparatus,B,True,0.00016334638,0.9991129,0.00055259373,0.00017118554
In what city is TV's 'The Mary Tyler Moore Show' set?,Dallas,Chicago,New York,Minneapolis,D,False,0.0011369378,0.89803904,0.0090835355,0.09174047
What Greek poet wrote 'The Iliad' and 'The Odyssey'?,Sophocles,Plato,Homer,Socrates,C,True,0.00010213848,0.0013040167,0.9983204,0.00027333674
What is Delta Burke's character's job on the sitcom 'Designing Women'?,fashion designer,graphic designer,interior designer,website designer,C,True,0.027985472,0.11068469,0.84381694,0.017512862
Which of the following activities will best help a teacher collect data that will inform instruction to meet the individual needs of students?,Concentric circles,K-W-L chart,Book pass,Reciprocal teaching,B,True,0.0010941064,0.9491463,0.0025044344,0.04725521
On average what length of time passes between high tides?,3 hours 25 minutes,6 hours 25 minutes,12 hours 25 minutes,24 hours 25 minutes,C,False,0.029853607,0.114440575,0.27452865,0.5811772
An increase in the real interest rate in the United States relative to its trading partners will most likely result in which of the following?,An increase in United States imports,An increase in United States exports,A decrease in the demand for the United States dollar,A decrease in the United States trade deficit,A,False,0.05873083,0.24726602,0.50735694,0.1866462
The legal basis for the escalation of United States involvement in the Vietnam War was the,declaration of war by Congress,passage of the Gulf of Tonkin Resolution by Congress,United Nations resolution condemning the North Vietnamese invasion of South Vietnam,mutual defense provisions of the North Atlantic Treaty Organization (NATO),B,True,0.0013416146,0.9955037,0.0019520377,0.0012026157
What professional sports team plays its home games in the Alamodome?,New York Jets,Detroit Tigers,Boston Bruins,San Antonio Spurs,D,True,0.0001704086,0.0025435707,0.002707617,0.99457836
What is the name of Howard Stern's female on-air sidekick?,Allison Norris,Jackie Reeses,Jackie Martling,Robin Quivers,D,True,0.00024850346,0.0022497668,0.00067550247,0.9968263
In what decade did Israel become an independent state?,1920s,1940s,1950s,1960s,B,False,0.0008315011,0.009665881,0.0035558792,0.9859467
In cooking the term 'au gratin' is sometimes used to describe a dish with what topping?,cheese,fruit,gravy,whipped cream,A,True,0.9899588,0.007798359,0.001971734,0.00027104738
Which of the following is the most effective way to evaluate the development of a student's drafting skills throughout the school year?,Baseline assessment,Portfolio assessment,Short-answer unit assessment,Teacher-created assessment,B,True,0.0005024323,0.997703,0.0010636492,0.0007310347
In the sci-fi movie 'Fantastic Voyage' where do the voyagers travel?,through outer space,through a human body,to the ocean floor,to the center of the earth,B,True,0.00019390369,0.9987269,0.0006874483,0.00039169623
What would be the most likely thing one would do with the compound MgSO4 7H2O?,power a car,blow up a building,soak ones feet,fertilize a lawn,C,True,0.0002589003,0.0041784397,0.99097353,0.0045891176
Who originally proposed the idea of daylight-saving time?,Benjamin Franklin,Henry David Thoreau,Galileo,Albert Einstein,A,False,0.09564994,0.5951539,0.20249091,0.10670522
If you ask for 'gai' at a Thai restaurant what will you get?,shrimp,chicken,beef,pork,B,False,0.055670604,0.2783355,0.11245771,0.55353624
On a set of jumper cables what color designates the negative connector?,black,red,orange,blue,A,False,0.0017249663,0.9968323,0.0006150557,0.0008276479
Which of these is a commonly-known investment account?,CNN,EMC,IRA,IRS,C,True,0.00020948132,0.00056942925,0.9978763,0.0013448121
If you are 'riding fakie' inside a 'half pipe' what are you probably doing?,skiing,biking,snowboarding,surfing,C,True,0.00042913348,0.0064053764,0.9808188,0.012346687
Which of these people was not alive in the 20th century?,Mark Twain,Thomas Edison,Sigmund Freud,Ulysses S Grant,D,False,0.036423713,0.11575432,0.552233,0.29558903
What color is cartoon character Marge Simpson's hair?,yellow,purple,blue,brown,C,True,0.002722404,0.11396487,0.86882377,0.014489008
Which of these is not a fabric?,Velveteen,Celotex,Seersucker,Tencel,B,True,0.15851252,0.4047759,0.24550898,0.19120258
How is 4:00 pm expressed in military time?,1600,4,400,4:00,A,False,0.010873085,0.03146231,0.009014104,0.9486505
Which of the following is most likely to cause a rise in the average temperature of Earth's atmosphere in the future?,Atomic warfare,CO2 from fossil fuels,Dust clouds from volcanoes,Depletion of Earth's ozone layer,B,True,0.0004498599,0.9965565,0.0021128883,0.00088078284
Which of the following activities is likely to have the greatest impact on biodiversity?,Copper mining in Chile,Soil erosion on the slopes of the Rocky Mountains,Large-scale deforestation of the Amazon or Congo basin tropical forests,Increased use of ethanol fuels in the United States,C,True,0.008601136,0.10315877,0.8637378,0.024502357
Whom did Billie Jean King defeat in the famous 'Battle of the Sexes' tennis match?,Jimmy Connors,Pete Sampras,John McEnroe,Bobby Riggs,D,True,0.0009550537,0.0227801,0.0076303775,0.9686345
Which of the following structures is most susceptible to damage by acid precipitation?,A monument made of granite,A roof made of slate,A tombstone made of marble,A statue made of gabbro,C,True,0.158353,0.32491925,0.47275472,0.04397304
Who is an archenemy of the cartoon superhero Underdog?,OverCat,Muttley,Mr Whoopie,Dick Dastardly,A,False,0.00053851627,0.020849135,0.0049521034,0.9736603
Mohair is made from the fleece of what animal?,camel,llama,goat,mole,C,True,0.00027255635,0.0038217756,0.99547017,0.00043554383
"The Burgess Shale is a rock formation in Canada that has a large number of fossils from the Cambrian period preserved in exquisite detail. Many primitive members of modern phyla, including arthropods, mollusks, and chordates, can be found among the fossils exposed in this region. Based on these fossils, it can be concluded that most of the modern groups of animal life first appeared roughly",3 billion years ago,540 million years ago,65 million years ago,"200,000 years ago",B,True,0.012120151,0.87666017,0.10148078,0.009738815
The Strauss family of composers popularized what dance?,waltz,tango,fox-trot,square dance,A,True,0.9462728,0.045662656,0.0018847232,0.006179769
What was Ludwig Van Beethoven's final symphony?,Ninth,Tenth,Eleventh,Twelfth,A,True,0.7381918,0.17533591,0.02774217,0.058730174
A portrait that comically exaggerates a person's physical traits is called a what?,Landscape,Caricature,Still life,Impressionism,B,True,8.0913574e-05,0.999746,0.00013763862,3.5348523e-05
The government establishes a price floor in a market for a good in order to,eliminate a surplus in the market,eliminate a shortage in the market,help buyers of the good,help sellers of the good,D,True,0.14213367,0.31044847,0.16105855,0.38635936
A student is standing in front of the class delivering a presentation. Some students in the back of the room note that they are having trouble hearing what the presenter is saying. Which of the following suggestions to the presenter would best address this problem?,Engage your audience by making eye contact with people in the back of the room,Entertain your audience with exaggerated body language,Emphasize your main points by reading them directly from a paper,Project your voice by relaxing the rib cage and maintaining good posture,D,True,0.00016038869,0.0018938181,0.001474907,0.9964709
"A passage from Zora Neale Hurston's Their Eyes Were Watching God is as follows. The people all saw her come because it was sundown. The sun was gone, but he had left his footprints in the sky. It was the time for sitting on porches beside the road. It was the time to hear things and talk. These sitters had been tongueless, earless, eyeless conveniences all day long. Mules and other brutes had occupied their skins. But now, the sun and the bossman were gone, so the skins felt powerful and human. They became lords of sounds and lesser things. They passed nations through their mouths. They sat in judgment. The description of the sun in the second sentence contains which of the following literary devices?",Foreshadowing,Irony,Flashback,Personification,D,True,0.003994776,0.01905801,0.014612284,0.96233493
Which of these is not one of the 3 methods of heat transfer?,Conduction,Radiation,Convection,Induction,D,True,0.022656979,0.13452068,0.018783296,0.82403904
Which of these is not an ingredient in Yorkshire pudding?,eggs,milk,chocolate,meat drippings,C,True,0.09297105,0.1907642,0.42989376,0.28637096
"Anna feels that she is confusing ""who"" and ""whom"" in her narrative. She wants to correct her error. Which of the following reference materials will best help Anna accomplish such a task?",A dictionary,A thesaurus,A glossary,A grammar guide,D,True,0.0080146175,0.09463403,0.027113102,0.8702383
Where was the chicken First domesticated?,France,India,Peru,Zaire,B,False,0.01791827,0.09242946,0.87694633,0.012705955
Which of the following is not in Nevada?,Liberace Museum,Pikes Peak,Lake Mead,Hoover Dam,B,True,0.21721312,0.39332214,0.1916899,0.1977748
What famous folksinger founded the Institute for the Study of Non-Violence in 1965?,Bob Dylan,Woody Guthrie,Joan Baez,Peter Yarrow,C,False,0.0016207556,0.99701667,0.0005601182,0.00080233224
Phoebe Dione and Helene are moons of what planet?,Jupiter,Saturn,Neptune,Pluto,B,False,0.0026303914,0.0043367823,0.011605832,0.981427
Which of these companies is not an online stock brokerage?,E*Trade,EDigital,Datek Online,DLJ Direct,B,True,0.056467485,0.41724142,0.2304226,0.2958685
Which of these is not the name of one of rock musician Frank Zappa's children?,Dweezil,Ahmet,Moon Unit,Lumpy Gravy,D,False,0.063931055,0.37957615,0.26087862,0.2956142
How much does Peanuts character Lucy charge for her psychiatric advice?,5 cents,10 cents,75 cents,$125,A,False,0.06464926,0.63284576,0.20545493,0.09705004
Which of the following is the most reasonable action to take for an artist whose work requires the use of a specific hazardous product?,Finding a nontoxic product to use and adapting the art-making process as necessary,Reading the product's label and proceeding according to the label directions,Making sure no children are present when using the product,Checking with a qualified toxicologist before using the material,B,False,0.09657757,0.22454959,0.068483755,0.61038905
What children's storybook character believes that the sky is falling?,Chicken Little,Curious George,Jack Sprat,Tom Thumb,A,True,0.99529266,0.0039423886,0.00055914966,0.00020569965
Pop icon Tiny Tim was famous for playing what musical instrument?,ukulele,kazoo,accordion,fiddle,A,True,0.9783403,0.020304805,0.00075124955,0.0006036459
Which of the following is the highest level taxonomic rank?,Domain,Class,Phylum,Kingdom,A,False,0.00078657485,0.0034167254,0.0029685027,0.9928282
When daylight-saving time arrives in the spring how do most Americans turn their clocks?,one hour forward,one hour backward,two hours forward,two hours backward,A,True,0.9878543,0.011322425,0.00061911467,0.00020416235
Which of these fashion designers was born in the United States?,Laura Ashley,Helmut Lang,Donna Karan,Christian Dior,C,True,0.006152263,0.065117605,0.871264,0.05746609
Who was on the $500 bill?,Calvin Coolidge,Andrew Jackson,Aaron Burr,William McKinley,D,False,0.015813984,0.9783765,0.0030181517,0.0027913337
For a man and woman on a date 'dutch treat' means what?,The man pays,The woman pays,The Dutch pay,Each pays their own way,D,True,0.0005805744,0.0070728436,0.0062417625,0.9861048
What city's residents are known as 'Knickerbockers'?,Boston,Philadelphia,New York City,London,C,True,0.00017900272,0.0020168172,0.9968952,0.00090905075
Which of these college football programs has produced the most Heisman Trophy winners?,Notre Dame,USC,Oklahoma,Michigan,A,False,0.0018890176,0.01710177,0.9633646,0.017644638
What does a pH level measure?,acidity,density,wavelength,humidity,A,True,0.8822751,0.07019337,0.04392589,0.0036056568
If a hertz is equal to one cylce per second how many cycles per second does a megahertz equal?,-328716,1000,1000000,1000000000,C,True,0.0038760111,0.21834067,0.738637,0.039146326
"Every day was a happy day, and every night was peaceful. The sentence above can best be classified as",simple,compound,complex,compound-complex,B,True,0.074582696,0.58663833,0.19045357,0.1483254
Which of these holidays is not attached to a specific date?,Independence Day,New Year's Day,Thanksgiving,Christmas,C,True,0.027480235,0.25668305,0.5784442,0.13739254
Where is the Louvre museum?,Paris,Lyon,Geneva,Vichy,A,True,0.98469615,0.0120141255,0.0012662796,0.002023509
Which of the following guidance systems is principally a materials-handling device?,Escalator,Conveyor,Highway,Railroad,B,True,0.0005924247,0.9906324,0.0066748285,0.002100328
"A preschool teacher is teaching students about a color wheel, which is an organization of hues around a circle. Red, yellow, and blue are examples of which of the following kinds of colors on the color wheel?",Complementary,Primary,Secondary,Tertiary,B,True,0.0972787,0.86703557,0.030610101,0.005075652
A second-grade teacher has each student select a card at random that is marked with a three-digit number. Students then model their numbers with base ten blocks on a place value mat. Which of the following whole number concepts does the lesson best reinforce?,Comparing quantities,Describing quantities,Ordering quantities,Decomposing quantities,D,False,0.033439755,0.60206807,0.1430037,0.22148848
Which brand of cat food claims it's so tasty that 'cats ask for it by name'?,Fancy Feast,Cat Chow,Meow Mix,9-Lives,C,False,0.5467826,0.19496134,0.19496134,0.06329469
In the phrase 'Y2K' what does 'K' stand for?,millennium,computer code,catastrophe,thousand,D,False,0.001876695,0.98746127,0.008814405,0.0018475996
What is the approximate speed of light?,165 miles per hour,122000 miles per hour,186000 miles per second,293000 miles per second,C,True,0.00042468487,0.008139405,0.97065115,0.0207847
Which of these people was buried in the Valley of the Kings?,Louis XIV,Elvis Presley,Julius Caesar,King Tut,D,True,0.0005895889,0.008012839,0.005507139,0.9858904
After Prince Charles who is next in line to be the king of England?,Prince William,Prince Andrew,Prince Edward,Fresh Prince,A,False,0.0037348424,0.06937875,0.89971733,0.02716911
The disco band ABBA comes from what country?,Norway,Sweden,Switzerland,The Netherlands,B,True,0.00017115765,0.99895006,0.00015829495,0.0007206006
When it's noon in New York during daylight-saving time what time is it in Honolulu?,6:00 AM,6:30 AM,7:00 AM,8:00 AM,A,False,0.06292268,0.2567638,0.34015676,0.34015676
"The total retail market value of all the goods and services produced in a nation, usually stated in annual terms, is the",ratio of profit to sales,current ratio,gross domestic product,trade surplus,C,True,0.0004093443,0.0023190936,0.9959294,0.0013421883
What is the world‚Äôs most venomous fish?,Scorpion fish,Lion fish,Stonefish,Toadfish,C,True,0.0025067083,0.005737913,0.9801645,0.011590902
What force causes an ice cream cone to fly off of a spinning merry-go-round?,centrifugal,Vehicular,Gravitational,Torsal,A,True,0.9366942,0.05625286,0.006718446,0.00033449175
Which of these words is spelled correctly?,decieve,foriegn,hygiene,wierd,C,False,0.026070163,0.38913116,0.38913116,0.19566743
The term 'chili con carne' refers to chili with what?,beans,meat,cheese,chili peppers,B,False,0.0025180157,0.4724095,0.0062321485,0.5188403
At what age can someone first attend an R-rated movie without an accompanying adult?,15,17,18,21,B,False,0.07042669,0.17984083,0.38072306,0.36900944
On TV's 'Seinfeld' what type of doctor did Mr Costanza go to when he sat on 'fusilli Jerry'?,ophthalmologist,cardiologist,neurologist,proctologist,D,True,0.006149797,0.03430081,0.074919865,0.8846296
In the comic strip 'Peanuts' what is Schroeder known for doing?,Dancing,playing football,playing the piano,Flying an imaginary plane,C,True,0.00031397797,0.002798455,0.99631906,0.00056854065
How is the Arabic numeral for '2' written?,2,II,I,ii,A,False,0.002139855,0.041657776,0.008075728,0.9481266
What country gave us the fashionable headgear called the beret?,Switzerland,China,Mexico,France,D,True,2.1437925e-05,0.000173975,0.00015353238,0.9996511
How many spikes are on the Statue of Liberty's crown?,five,seven,nine,thirteen,B,True,0.06946813,0.4124513,0.37554118,0.14253937
In a game with no wild cards what is the highest possible poker hand?,straight flush,royal flush,full house,four of a kind,B,True,0.013745462,0.9636313,0.009300645,0.013322559
Moderate and frequent irrigation is normally most appropriate for a corn crop growing in a,dispersed alluvial fan soil,"heavy-textured soil, such as silty clay","light-textured soil, such as loamy sand",region of low humidity,C,True,0.018218247,0.24375746,0.6836347,0.054389637
What is the capital of North Dakota?,Bismarck,Fargo,Sioux Falls,Pierre,A,True,0.4414272,0.33320674,0.01685063,0.20851544
A fiscal policy to combat a recession would call for,an increase in taxes,an increase in government spending,a decrease in the reserve requirement,a decrease in the discount rate,B,True,0.0005689427,0.99702364,0.0017524669,0.00065484905
An electric fence installed to keep both mature cattle and sheep in a field should have a wire placed at which of the following heights? I. 6 inches II. 18 inches III. 40 inches IV. 60 inches,I only,II only,II and III only,III and IV only,C,True,0.06900867,0.33967257,0.35045493,0.24086392
How much chicken excrement is produced in the United States every year?,4*10^10 kg,4*10^12 kg,4*10^14 kg,4*10^16 kg,A,False,0.06624881,0.6690893,0.14470072,0.1199611
According to the American Kennel Club what is the most popular breed Of dog in the US as of 1999?,Poodle,Beagle,German shepherd,Labrador retriever,D,True,0.0007182439,0.0020783076,0.0015205223,0.99568295
What singer appeared in the 1992 baseball film 'A League of Their Own'?,Brandy,Madonna,Garth Brooks,Whitney Houston,B,True,0.008323438,0.7149413,0.013723031,0.26301223
How is the word 'ambulance' normally written on the front of American ambulances?,in French,in reverse,in braille,in gibberish,B,True,0.017680435,0.9068333,0.022702126,0.052784026
What is the colored part of the eye called?,iris,pupil,retina,cochlea,A,True,0.87365943,0.12586258,0.000279659,0.00019830791
If you work as a 'dolly grip' what business are you in?,sheep farming,film production,construction,moving,B,True,0.00014363517,0.995526,0.0024676623,0.0018626893
Who was the longest reigning monarch in French history?,Louis XIII,Louis XIV,Louis XV,Louis XVI,B,False,0.045670137,0.38841316,0.018166324,0.54775035
The principles of xeriscaping are best exemplified by a homeowner who,installs an in-ground sprinkler system that operates on a timer,lowers the cutting height on the lawn mower to reduce the surface area in contact with the cutting blade,increases the use of fertilizer on the turfgrass to promote growth,replaces nonnative ornamentals with native shrubs that do not require irrigation,D,True,0.00016291921,0.0026293828,0.0007076888,0.9965
What was the revenue for flat screen televisions sold in Australia in the past 12 months (as of 2013)?,$120 million annual Revenue,$1.2 billion annual Revenue,$12 billion annual Revenue,$120 billion annual Revenue,B,True,0.033786483,0.8445558,0.09184118,0.029816467
What native empire controlled Large areas of South African Territory during the 19th century?,Hutu,Zulu,Aztec,Masai,B,True,0.0005351032,0.99820065,0.0006764338,0.00058769586
How many keys are on a Standard piano?,20,54,88,100,C,True,0.0014158001,0.014752976,0.9716006,0.012230647
The most important consideration in designing successful messages to be transmitted through graphic communications is knowledge and understanding of,current technologies,the capabilities of the designer,the limitations of the printer,the nature of the audience,D,True,7.4762036e-05,0.0008556062,0.00026922845,0.9988004
Which one of these world leaders was assassinated?,Indira Gandhi,Ferdinand Marcos,Golda Meir,Neville Chamberlain,A,True,0.5645254,0.31667006,0.030868474,0.0879361
Which of these candy bars was named for a baseball player?,Baby Ruth,Clark Bar,Reggie Bar,Butterfinger,C,False,0.65568084,0.21286839,0.03699098,0.09445979
The common term for someone who has difficulty seeing objects in the distance is what?,farsighted,nearsighted,hindsighted,hypermetropic,B,True,0.00088105665,0.9968663,0.0007304216,0.0015223294
Where did jazz great Sun Ra claim he was born?,Atlantis,Mount Olympus,Saturn,in a saxophone,C,True,0.0025395553,0.007701106,0.9624566,0.027302792
By what name is Bob Keeshan better known?,Bozo the Clown,Pee Wee Herman,Captain Kangaroo,Buffalo Bob,C,True,0.112046346,0.21597497,0.66524976,0.0067289057
Where would you typically find a bailiff?,grocery store,courtroom,football stadium,doctor's office,B,True,0.00010717498,0.99957734,0.00012144516,0.00019406881
Girls of what religious community traditionally wear bonnets?,Amish,Sikh,Roman Catholic,Christian,A,False,0.04603569,0.11043387,0.18785435,0.65567607
What New Age musician released a 1998 album titled 'King of the Pan3Flute'?,Zamfir,Yanni,Vangelis,Kenny G,A,False,0.006322123,0.074649595,0.55159,0.36743817
Which of these is a fish?,sea horse,sea cow,sea snake,sea lion,A,False,0.08061781,0.25620288,0.08581721,0.57736206
How many airplanes are in the air worldwide right now (as of 2014)?,"5,000","20,000","80,000","320,000",B,False,0.01656141,0.24336815,0.11860817,0.62146235
Reindeer herding as an economic activity of the Sami in Norway is an example of which of the following types of diffusion?,Stimulus,Hierarchical,Relocation,Contagious,A,False,0.026157083,0.4636454,0.44938052,0.06081704
"When cool air flows from a high mountain region to a region of lower elevation, the air will",increase in moisture content,"condense, forming large amounts of dew",undergo adiabatic warming,undergo adiabatic cooling,C,False,0.0012887636,0.012615589,0.014749118,0.97134656
In Greek mythology what is the name of Zeus' father?,Apollo,Cronus,Prometheus,Hercules,B,True,0.0018336046,0.995414,0.0020455336,0.00070691755
What disease does a carcinogen cause?,cancer,influenza,emphysema,heart disease,A,True,0.9975356,0.0020181127,0.00035621808,9.006603e-05
Who sang lead vocals for the band Big Brother and the Holding Company?,Grace Slick,Janis Joplin,Mama Cass,Karen Carpenter,B,True,0.00046535916,0.9991743,0.00019704548,0.00016335642
Which Pope immediately preceded John Paul II?,John XXIII,Paul VI,John Paul I,Hank II,C,False,0.0041669942,0.9882591,0.0056956057,0.0018782113
Which of these is not a spice?,dill,aniseed,cucumber,cayenne,C,True,0.10266727,0.358344,0.36971906,0.16926971
Which of the following protocols is used to transport HTML pages from Web servers to Web browsers?,BOOTP,HTTP,SNMP,SMTP,B,True,0.0003347687,0.9979315,0.00045048055,0.0012832996
What is the correct spelling of New Mexico's largest city?,Albuqerque,Albuquerque,Albequerque,Santa Fe,B,True,0.0036916574,0.9921016,0.002103443,0.002103443
Which of the following best defines federalism?,A government in which the political leader is also the religious leader,The concentration of government power in the hands of a small group of people,The division of national power into different branches of government,The division of a country's power into national and subnational units,D,True,5.9132417e-05,0.00081629783,0.00047987673,0.99864465
What sport is known as 'The Sport of Kings'?,polo,archery,yachting,horse racing,D,True,4.329046e-05,0.0004801902,0.00017943399,0.999297
Which of the following is matched with its correct function?,Ovule ..... production of pollen,Vascular cambium ..... formation of apical meristem,Xylem ..... transport of sugars,Guard cell ..... regulation of transpiration rate,D,False,0.22657269,0.35092264,0.16576412,0.2567405
Which of the following protocols is usually associated with hyperinflation?,A rapid decrease in total spending,A rapid increase in money supply,A slow increase in exports,A slow increase in labor productivity,B,True,0.0023879926,0.99396604,0.0024637957,0.001182142
In which century was the greatest number of chemical elements discovered?,17th,18th,19th,20th,C,True,0.0012868971,0.029289644,0.91117406,0.058249407
"The term ""Cold War"" refers to the",race between the United States and the Soviet Union to claim ownership of Antarctica,contest between the United States and the European Union for economic domination in the West,struggle between the United States and the Soviet Union to gain political hegemony in world affairs,competition between the Soviet Union and China for the resources of the Pacific Rim,C,True,0.00020634233,0.0008963102,0.9984023,0.0004949895
Which of the following articles of clothing has a hood?,Parka,kilt,lederhosen,sarong,A,False,0.13091628,0.20276709,0.23705876,0.42925793
Which of these measurements is equal to one square foot?,50 square inches,77 square inches,100 square inches,144 square inches,D,False,0.010046365,0.31253326,0.51528025,0.16214012
Which of the following is a disorder in ruminants that is characterized by an excessive accumulation of gas in the rumen?,Agalactia,Bloat,Bovine pleuropneumonia,Grass tetany,B,True,0.0028792464,0.9935442,0.0017463511,0.0018301604
"_Whenever the mood strikes her_, Angela takes a short walk around the block. In the sentence above, the underlined portion can best be described as",an adjective clause,a relative clause,a subordinate clause,an independent clause,C,False,0.07388465,0.43867338,0.32094032,0.16650164
"What term is used to describe a""group of geese?",gaggle,gang,gander,grist,A,True,0.99011993,0.009118689,0.0004684041,0.00029311978
If you dial '411' on a telephone who are you calling?,the police,the White House,directory assistance,Moviefone,C,True,0.00013704629,0.0024674581,0.9954436,0.0019519198
Which of these are not legumes?,beans,peas,radishes,peanuts,C,False,0.1402133,0.28769898,0.246082,0.32600567
"In 1989 scientists from Norway discovered that there are far more viruses in oceans lakes, and streams than previously believed. How many viruses did they find that a milliliter of natural water might contain?",up to 250,up to 25000,up to 2500000,up to 250000000,D,False,0.11928315,0.7306979,0.09003964,0.059979334
Which company holds an annual self-named 'Bake-Off'?,Betty Crocker,Duncan Hines,Pillsbury,Keebler,C,True,0.00034694528,0.010625819,0.9868685,0.0021587661
Which of the following fiscal policy actions is most expansionary?,Increasing both government spending and taxes,Increasing government spending and decreasing taxes,Decreasing government spending and increasing taxes,Decreasing both government spending and taxes,B,True,0.11334201,0.8117236,0.05523848,0.019695887
Which of the following steps should be taken first to effectively present new information to coworkers?,Analyzing the audience,Determining the objective,Creating three to five key messages,Choosing a communication tool,B,False,0.39834744,0.3515404,0.23417637,0.015935902
What is the name of the character Played by Woody Allen in the 1967 James Bond film 'Casino Royale'?,Dr Evil,Q,Little Jimmy Bond,M,C,False,0.039153647,0.52387,0.22531368,0.2116626
Which of the following is generally the first step taken in a large-scale commercial construction venture?,Filing applications for building permits and variances,Ordering the materials needed for the building foundation,Drafting a contract that spells out the details of the building plan,Holding a discussion between the developer and the designer/contractor about the scope of the construction,D,True,0.010904534,0.08057421,0.06891877,0.83960253
How many eyes does a Giraffe have?,one,two,three,four,B,True,0.007473016,0.87736547,0.104786366,0.010375255
What pro wrestler grapples with Sylvester Stallone in the movie-'Rocky III'?,Dolph Lundgren,Hulk Hogan,Andre the Giant,The Iron Sheik,B,True,0.012325886,0.9490406,0.0345688,0.0040646456
Which of the following activities will be most effective in introducing kindergartners to the concept of how plants transport water?,Demonstrating that a celery stalk can be peeled lengthwise but not crosswise,Placing celery stalks in water colored with a dye and observing the results,Collecting rainwater in a rain gauge and comparing the amount of rainfall to a plant's growth rate,"Planting bean seeds in paper cups, placing them on the windowsill, and watering them daily",B,False,0.037315696,0.4011815,0.14758644,0.41391638
What is the function of mitochondria in the cell?,To generate energy,To process waste,To kill viruses or other antigens,To repair damage,A,True,0.9943189,0.0053833346,0.00017304701,0.00012464108
Which of these is not one of the four basic forces in nature?,electromagnetic,gravitational,nuclear,centrifugal,D,False,0.092470095,0.40167177,0.16229007,0.34356806
Which of these is a slang term for 'police'?,fuzz,shrinks,bean counters,aardvarks,A,True,0.64743334,0.16889308,0.09040195,0.09327162
What is the name of the fruit that is half tangerine and half grapefruit?,graperine,tangefruit,tangelo,kumquat,C,True,0.0010068548,0.00458347,0.98975396,0.004655649
What are the Smothers Brothers'(first names?,Frank and Bill,Tom and Dick,Dave and George,Ed and Pete,B,False,0.09936554,0.18563928,0.41834456,0.2966507
Which of the following great apes (the Hominidae) is NOT native to Africa?,Gorilla,Human,Chimpanzee,Orangutan,D,False,0.1095701,0.4759508,0.11663676,0.2978424
In the movie 'Star Wars' what kind of creature is Chewbacca?,Woolie,Woobie,Wookiee,Klingon,C,True,0.00012711911,0.00091039133,0.99836534,0.0005970492
In the film 'Easy Rider' what emblem is on the back of Peter Fonda's leather jacket?,peace symbol,American flag,two white doves,Harley-Davidson logo,B,False,0.00019650966,0.0023939777,0.00095225853,0.9964573
What are the tallest trees on Earth?,Coast Redwood,Coast Douglas Fir,Giant Sequoia,Sitka Spruce,A,False,0.0009778251,0.0045926194,0.9917297,0.0026998618
Which of these painting tools has bristles on it?,Easel,Knife,Brush,Palette,C,True,8.742046e-05,0.00075519754,0.9989693,0.00018798353
Astronaut John Glenn served as a pilot in what branch of the military?,Army,Air Force,Marines,Navy,C,False,0.006493954,0.48462313,0.008876182,0.50000674
On the TV show 'CHiPs' what was Officer Frank Poncherello's-nickname?,Franky,Ponch,Chipper,Hot Dog,B,True,0.00080324407,0.99814975,0.0004948643,0.000552061
Which of the following criteria is the most important when assessing reading comprehension?,Ability to spell inventively,Ability to decode new words,Ability to identify the main idea,Ability to recognize rhyming patterns,C,True,0.0002030339,0.0013447964,0.99786466,0.00058749807
Which of these games is not played with cards?,baccarat,rummy,craps,solitaire,C,False,0.14562163,0.37185788,0.19291733,0.2896032
In American football how many points is a touchdown worth?,two,three,six,seven,C,False,0.023915887,0.9553168,0.0077643516,0.013002843
What is the most likely impact of an increase in interest rates?,Investment levels diminish,Employment increases,The value of the U.S. dollar increases,Mortgage rates decline,A,True,0.58756906,0.24493521,0.14398998,0.02350572
Whose profile can you see on the front of dimes that are currently in circulation?,George Washington,Thomas Jefferson,Benjamin Franklin,Franklin Roosevelt,D,False,0.0051516923,0.056258116,0.93678176,0.0018084142
Who is considered the owner of a 'publicly held' company?,the CEO,the stockholders,the president,the government,B,True,0.0007540308,0.997426,0.0009384065,0.0008815513
Which of the following candies is traditionally fruit flavored?,M&M's,Skittles,Reese's Pieces,Junior Mints,B,True,0.030702494,0.5793136,0.23406385,0.15592013
In 1926 the Harlem Globetrotters basketball team was formed in what city?,Boston,Philadelphia,Chicago,New York City,C,False,0.000152969,0.0015449323,0.002319218,0.9959829
Which of the following steps in the design of a dog house would be earliest?,Acquiring all the tools necessary for the building,Purchasing all the materials for building the structure,"Identifying the color, shape, and style of the exterior surface",Accessing the measurements of the dog and all the interior materials,D,False,0.14313766,0.4693303,0.21487507,0.17265698
What was the name of the 1999 art exhibit that sparked a national debate about censorship?,Sticks & Stones',Pulsation',Black & White',Sensation',D,False,0.19084547,0.08337421,0.443729,0.28205132
What was the title of Beethoven's only completed opera?,Faust',The Silence',Immortal Beloved',Fidelio',D,True,0.001503808,0.00825753,0.0055007013,0.98473793
What is the name of the StarKist tuna mascot?,Charlie,Sam,Al,Morris,A,False,0.08369846,0.28314823,0.43854856,0.19460474
Which of the following groups was converted to Christianity in the tenth century C.E. by missionaries from the Byzantine Empire?,Franks,Visigoths,Russians,Anglo-Saxons,C,False,0.11982375,0.104104675,0.042062093,0.73400944
Which of these words is an adverb?,hurried,fast,speedy,quickly,D,True,0.005898553,0.06964821,0.021241505,0.9032118
On which part of a car would you find the 'caliper'?,battery,engine,radiator,brakes,D,True,0.00011196801,0.0025483803,0.00088069664,0.99645895
Which of these plants is the national emblem of Scotland?,ivy,thistle,rose,linden,B,True,0.00018227643,0.99938905,0.0002377333,0.00019102407
How much does it cost to air condition all American automobiles for a year (as of 2018)?,$10m,$100m,$1 billion,$10 billion,C,True,0.032261822,0.2875465,0.41837767,0.26181406
What fictional character claims to be 'smarter than the average bear'?,Paddington Bear,Fozzie Bear,Smokey Bear,Yogi Bear,D,True,0.0017615418,0.021459974,0.005425931,0.9713525
If you are truly afraid of the dark what do you suffer from?,hypnophobia,cryptophobia,hadephobia,nyctophobia,D,True,0.0009938995,0.0055435267,0.0010580005,0.9924045
Which of the following is a way in which Congress can influence the federal bureaucracy?,Increasing or decreasing departmental salaries,Appropriating funds,Appointing agency heads,Dismissing cabinet secretaries,B,True,0.005531571,0.9902642,0.0013345535,0.002869741
What country was once ruled by shoguns?,China,Japan,North Korea,Taiwan,B,True,9.312549e-05,0.99968743,0.00013339611,8.6127e-05
On what continent can you find tigers in the wild?,Africa,Asia,Europe,South America,B,True,0.00039192036,0.99929833,0.00014644995,0.00016337671
"The construction of a transportation network that included roads, canals, and steamboats that took shape in the United States in the early decades of the nineteenth century had which of the following effects in the years before the Civil War?",It decreased the need for immigrant labor.,It stimulated the development of a market revolution.,It weakened the plantation system in the southern states.,It transformed the United States into an international military power.,B,True,0.039221127,0.92100513,0.027811946,0.011961768
What is the more common name for the disease 'pertussis'?,whooping cough,tennis elbow,black lung,German measles,A,True,0.98227894,0.016381051,0.0009837587,0.00035629375
The primary purpose of a Supervised Agricultural Experience ( SAE ) program is to,provide a basis for students to apply for and win proficiency awards,provide students with an income to be used to learn money management skills,"give students a chance to earn enough money to qualify for local, state, and national FFA degrees",allow students to apply skills learned in the classroom and learn new skills in a specialized area,D,True,0.0010840556,0.0066406457,0.037038546,0.95523673
An early-nineteenth-century railroad steam engine is an excellent example of which of the following power systems?,Internal combustion engine,External combustion engine,Rotary engine,Reaction engine,B,True,0.000881476,0.99734074,0.0012430804,0.0005346422
With which of the following statements would both Thomas Hobbes and John Locke most probably have agreed?,Government authority is created as the result of a social contract.,Government must enforce religious law to prevent moral decay.,Government must enforce the majority's will regardless of the wishes of the minority.,Government must bend to the will of the educated minority.,A,False,0.08037822,0.31790203,0.47722748,0.124492235
In the classic song 'Take Me Out to the Ballgame' for whom do we 'root root root'?,the umpire,the home team,the bat boy,Mighty Casey,B,True,0.0021706442,0.99229854,0.0035233032,0.0020075177
Who was Charlie McCarthy?,a US senator,a Chicago gangster,a famous baseball pitcher,a wooden dummy,D,True,9.898546e-05,0.0007908418,0.00089614117,0.998214
How many states were in the Confederate States of America?,11,13,16,22,A,False,0.04519339,0.8527367,0.06575599,0.036313906
Who were the Chicago Seven?,war protesters,bluegrass musicians,bank robbers,mobsters,A,False,0.003558746,0.021129249,0.1443922,0.8309198
Which dwarf planet is closest to the Sun?,Pluto,Eris,Ceres,Makemake,C,True,0.0020129147,0.016853929,0.97954077,0.0015923467
What company makes perfumes called 'Beautiful' and 'Pleasures'?,Estee Lauder,Ralph Lauren,Elizabeth Arden,Calvin Klein,A,False,0.011693568,0.10753205,0.24232721,0.63844717
What nationality was Karl Marx?,Russian,German,Danish,English,B,True,0.00027791783,0.99931514,0.0001375793,0.00026936718
In America what is the main ingredient in pepperoni?,Fish,pepper,wheat,meat,D,True,4.4657016e-05,0.0005191207,0.00030998114,0.99912626
A student in the process of solving a fabrication problem in the manufacturing laboratory asks the teacher what assembly procedures should be used. The teacher's best response would be to,give an opinion as to the best assembly procedure for the particular problem,suggest two or three possible assembly procedures and have the student select one,place the responsibility completely on the student for making the judgment,use leading questions to help the student review and analyze the relative merits of several assembly procedures,D,True,0.0007401199,0.030029548,0.005384002,0.9638463
"If the government places a price ceiling on leather garments that is below the equilibrium price, which of the following will occur in the market for leather garments?",There will be a shortage.,There will be a surplus.,The demand curve for leather garments will shift leftward.,The supply curve for leather garments will shift rightward.,A,False,0.114966154,0.3125104,0.3769595,0.19556402
"During President Dwight Eisenhower's administration in the 1950s, the federal government promoted significant changes in transportation in the United States by",establishing generous subsidies for urban mass transit,sponsoring research to develop less polluting automobiles,funding the construction of the interstate highway system,funding the establishment of a national railroad passenger system,C,True,0.0002087284,0.0028367343,0.99428964,0.0026648655
Animals in which of the following groups may have a backbone and a spinal cord?,Mollusks,Chordates,Invertebrates,Echinoderms,B,True,0.0002729614,0.9969495,0.0016461678,0.0011313936
Which of the following statements best illustrates active listening on the part of a second-grade teacher who is helping a student solve a personal problem?,"I have gathered the facts, and I know what really happened.","I understand you, and I know what is best for you.",I believe you understood the class rules.,I respect you as a person with your own ideas and feelings.,D,True,0.0012199339,0.015333603,0.004676485,0.97877
Which of the following stages is the first step in the writing cycle?,Outlining,Brainstorming,Publishing,Editing,B,True,0.022241225,0.9757414,0.001040236,0.0009772113
Which of these is a government agency established to protect investors?,AAA,NBA,SEC,MADD,C,True,6.188521e-05,0.0007082387,0.99727434,0.0019555097
What character did Woody replace on the TV show 'Cheers'?,Coach,Diane,Norm,Frasier,A,False,0.0760335,0.37425,0.4958007,0.053915825
Which of the following rocks would most likely form from the metamorphism of a shale?,Granite,Quartzite,Schist,Marble,C,True,0.00029664484,0.011306811,0.9864921,0.0019043778
"Which of the following states of matter is characterized by a closely packed arrangement of particles, resulting in a stable, definite shape and definite volume?",Solid,Liquid,Gas,Plasma,A,False,0.0012733486,0.0020668486,0.9901932,0.0064665973
How old is the Earth approximately?,"50,000 years",300 million years,4.5 billion years,no one knows,C,True,0.0001366586,0.016814312,0.97723824,0.0058108713
"As part of a staffing strategy, a human resources manager hires new personnel through a hidden market. Which of the following best represents the use of a hidden market?",Posting the job opening to a social media Web site,Advertising the job opening on job posting Web sites,Receiving a recommendation from a current employee,Participating in a career fair at a local community college,C,True,0.04128886,0.17383258,0.73186255,0.053015947
What liqueur is used to make a Pink Lady cocktail pink?,grenadine,schnapps,triple sec,pernod,A,False,8.2004495e-05,0.002082135,0.99751663,0.00031930575
What is the proper nautical use of an anchor?,to catch large fish,to calculate water depth,to hold a ship in place,to damage other boats,C,True,9.755001e-05,0.00051917456,0.9992299,0.0001534677
In ice hockey which of the following is not a penalty?,hooking,charging,carving,butt-ending,C,True,0.08190896,0.31398913,0.3670905,0.23701145
"Ethan, a new preschool student, does not talk or play with other students during center time. Which of the following strategies will best help him develop interpersonal relationships?",Demonstrating empathy for Ethan when there is a conflict during center time,Modeling how to show appropriate affection in the classroom,Encouraging students to name and discuss their feelings throughout the day,Identifying a student to be Ethan's partner and participate in center time with him,D,False,0.03908691,0.23943636,0.5229771,0.19849972
If a business files under Chapter 11 what is it doing?,declaring bankruptcy,selling stock,buying a smaller,company suing the government,A,True,0.98453933,0.01494944,0.00026956355,0.00024163518
How many $100 bills does it take to equal one million dollars?,one thousand,five thousand,ten thousand,one hundred thousand,C,False,0.005714826,0.030894054,0.03187474,0.9315164
A prekindergarten teacher is planning a lesson with a teaching objective of categorizing geometric objects by type of shape. Which of the following actions must children be able to perform successfully before the teacher teaches the lesson?,Identifying attributes of objects,Recognizing the position of whole numbers,Creating sets of objects using counters,Matching values with their numerical representatives,A,False,0.012199105,0.08467857,0.88237095,0.020751376
What former 'Today' show personality played a neighbor on the TV sitcom 'The Hogan Family'?,Jane Pauley,Willard Scott,Deborah Norville,Joe Garagiola,B,True,0.003716954,0.98341334,0.006033212,0.0068365247
"If one party to a contract is forced to sign, the contract is defined as",enforceable,executory,unilateral,voidable,D,False,0.0024574692,0.99141383,0.0032556178,0.0028730726
What was the name of the first ship to sail around the world?,Triton,Victoria,Magellan,Elizabeth II,B,False,0.00068100414,0.008831396,0.98936474,0.001122786
Which of the following was a direct result of the First Opium War of 1839-1842?,The Chinese commissioner of trade in Canton (Guangzhou) banned the opium trade in that city.,China was forced to open some of its ports to international trade.,Chinese revolutionaries toppled the Qing dynasty.,Chinese leaders set out to remake their economy along Western lines.,B,True,0.06278879,0.92267454,0.0072683296,0.0072683296
What animal is considered sacred in India?,Sheep,Cow,Chicken,Dog,B,True,0.00012522204,0.99895346,0.0006561166,0.00026509506
In computer terminology what does the acronym 'FTP' stand for?,file transfer protocol,full time portal,full text processor,free to print,A,True,0.9803546,0.0185258,0.0007527963,0.0003668836
What is the art of elegant handwriting called?,calligraphy,engraving,decoupage,lithography,A,True,0.99534875,0.004330111,0.00024428812,7.686867e-05
By what collective name do Christians refer to God the Father God the Son and the Holy Ghost?,the Trio,the Troika,the Triumvirate,the Trinity,D,True,6.808357e-05,0.00064595893,0.00030993452,0.998976
In what year did the United States last win an Olympic gold medal in men's ice hockey?,1976,1980,1984,1988,B,True,0.08296356,0.32812726,0.30824703,0.28066212
What term describes the passing of genetic traits from one generation to the next?,heredity,heresy,homogeneity,hemoglobin,A,True,0.9962031,0.0033751884,0.0001268438,0.00029492067
Modern computer microchips are primarily composed of what element?,Sodium,Silicon,Aluminum,Silver,B,True,8.7486405e-05,0.9997229,0.00013133265,5.827851e-05
The film 'Stand By Me' is based on a novel by what author?,Anne Proulx,Stephen King,Dean Koontz,Frank McCourt,B,True,0.0003568483,0.99930036,0.00017943459,0.00016337704
What kind of car did Burt Reynolds drive in the movie 'Smokey and the Bandit'?,Lamborghini,Camaro,Corvette,Transam,D,False,0.00067543454,0.99672604,0.0020804848,0.0005178736
Which of the following is the best description of traditional phonics instruction?,Students study lists of high-frequency words in order to increase reading speed and comprehension.,"Students are taught individual letter sounds first, followed by letter combination sounds and the rules of putting these combinations together to make words.","Students are immersed in written language, and encouraged to decode entire words using context clues.",Students analyze patterns of organization and syntax as a way of learning to recognize common structures.,B,True,0.00080158707,0.9960907,0.0011846689,0.0019229074
Who composed the 'Moonlight Sonata'?,Mozart,Handel,Bach,Beethoven,D,True,7.355202e-05,0.0014318791,0.00038538504,0.9981092
The first commercial radio station was located in what city?,Chicago,Austin,Pittsburgh,Cleveland,C,True,0.12287758,0.2057812,0.5771277,0.09421351
Which of these is not a position on an American football team?,quarterback,tight end,striker,free safety,C,False,0.10341162,0.37239957,0.20565858,0.31853023
Which of these is not a type of primate?,baboon,marmot,orangutan,chimpanzee,B,True,0.05448048,0.53330445,0.10834737,0.30386773
In 1986 Libyan leader Muammar Qaddafi drew a so-called 'Line of Death' overwhat body of water?,Gulf of Sidra,Gulf of Oman,Red Sea,Persian Gulf,A,False,0.22186974,0.104803845,0.051077314,0.62224907
What is the nickname of Florida's controversial death row electric chair?,Old Yeller,Old Geezer,Old Smoky,Old Sparky,D,True,6.9110756e-05,0.0009690686,0.00063553074,0.99832624
The dance known as the 'fandango' is of what origin?,Australian,African,Native American,Spanish,D,True,5.911231e-05,0.0003915308,0.0012442822,0.9983051
In what restaurant can you order a Grand Slam breakfast?,Denny's,McDonald's,Burger King,Hardee's,A,False,0.023746507,0.8910811,0.03794681,0.04722557
Which of these minerals is hardest on the Mohs scale?,Corundum,Quartz,Apatite,Calcite,A,False,0.013692482,0.9599172,0.006467871,0.019922445
Which of the following beverages is brewed from the leaves of a plant?,tea,coffee,ginger ale,wine,A,True,0.9260324,0.05390155,0.0136284465,0.006437622
"According to Erik Erikson, the primary dilemma faced in adolescence is",industry vs. inferiority,identity vs. identity confusion,generativity vs. stagnation,integrity vs. despair,B,True,0.0018627212,0.99554306,0.0018054113,0.00078872574
What literary work is the source of the quote 'Abandon every hope all you who enter here'?,Paradise Lost',The Wizard of Oz',The Divine Comedy',Beowulf',C,True,0.3253992,0.1585869,0.39250636,0.123507604
What's the popular name of the breakfast meal consisting of sausages wrapped in pancakes?,ducks in a pond,pigs in a blanket,cows in a pasture,dogs in the oven,B,True,0.00033427315,0.99645424,0.0024699632,0.0007416174
Which of the following is not a TV cartoon duo?,Chip and Dale,Beavis and Butt-head,Simon and Garfunkel,Tom and Jerry,C,False,0.0777471,0.37091067,0.27997807,0.27136406
Which of these is not a 'lock' function on a standard desktop computer keyboard?,print lock,number lock,scroll lock,caps lock,A,False,0.015148139,0.12293155,0.47124475,0.3906756
The American patriot Paul Revere was named for his father whose original name was what?,John Paul Revere,Paul Silver,Apollos Rivoire,Paolo Reverini,C,False,0.21212417,0.65338844,0.106662735,0.027824635
Which of these movies does not star Jim Carrey?,Patch Adams',The Truman Show',Dumb and Dumber',The Mask',A,False,0.1400911,0.62784475,0.13578096,0.096283115
What is the name of Mario's brother in the 'Super Mario' video games?,Louis,Luigi,Luciano,Zelda,B,True,9.760282e-05,0.9997708,8.886837e-05,4.2639513e-05
Who wrote the lyrics of the Frank Sinatra anthem 'My Way'?,Frank Sinatra,Kris Krist offerson,Carole King,Paul Anka,D,True,0.004056767,0.27137762,0.009580802,0.71498483
In the movie Austin Powers: The Spy Who Shagged Me what is the name of Dr Evil's diminutive clone?,Little Buddy,Mini-Me,Small Fry,Dr Evil Jr,B,True,0.0006162337,0.99874157,0.0003511194,0.00029108822
What is the chemical process wherein a solid is turned to a liquid via the application of heat?,distillation,photosynthesis,freezing,melting,D,True,0.00043530905,0.004130097,0.00050103763,0.99493355
In what state is the 1999 movie Magnolia' set?,California,South Carolina,Georgia,Texas,A,False,0.3177907,0.49220383,0.12839904,0.06160653
How long is the time on an NBA shot clock?,18 seconds,24 seconds,30 seconds,35 seconds,B,False,0.004240356,0.053297915,0.91566193,0.026799874
The Pointillist paintings of Georges Seurat are most notable for containing which of the following characteristics?,An expressionistic use of broad brushstrokes and tactile surface texture,Lively figures created through the use of forceful lines,Static figures and a sense of optical surface movement,An emotional use of strident colors with a high degree of simplification,C,True,0.00027255685,0.002177586,0.99547195,0.002077867
Backgammon is a how many player game?,Two,Three,Four,Six,A,False,0.005338255,0.883838,0.099163875,0.011659821
According to the children's nursery rhyme what type of ocean did Columbus sail in 1492?,calm,blue,windy,really big,B,True,0.036436148,0.4302263,0.12917736,0.4041602
Which of these refers to an alcoholic drink laced with a knockout drug?,Zombie,Kamikaze,Mickey Finn,Molotov cocktail,C,True,0.00080546085,0.006045319,0.98538685,0.0077623436
"Students are reading the following passage from the National Park Service's Web site. Ten miles long and nearly 500 feet deep (152.4 m meters), Lake McDonald, the largest lake in the park, is a direct result of glacial carving. High peaks surrounding the lake all show evidence of the power of glaciers to carve even the hardest of rock. The powerful glaciers that carved the broad U-shaped valley that Lake McDonald sits in also carved smaller hanging valleys with wonderful waterfalls that are accessible by numerous hiking trails. Which of the following best identifies the intended audience of the passage?",Scientists researching glacier development,Teachers interested in creating virtual park field trips,Academics studying the historical context of national parks,Families interested in visiting Lake McDonald,D,True,0.00037689012,0.0048875855,0.0032558339,0.99147964
How do you express 3/4 as a decimal?,0.25,0.5,0.75,0.9,C,True,0.013779504,0.2946188,0.6435066,0.048095193
What tea is known for its distinctive bergamot flavor?,Earl,Grey Darjeeling,English Breakfast,Prince of Wales,A,False,0.006889181,0.96049833,0.02724724,0.0053653
"Science fiction: readers claim to either love it or loathe it; either they avoid it like poison or they devour favorite works and authors like chocolate addicts gulping down fudge truffles. The author of the passage compares certain readers with ""chocolate addicts"" primarily in order to",suggest that science fiction is not a serious literary genre,indicate the depth of certain readers' feelings about science fiction,explain why some readers consider science fiction to be dangerous,contrast the characteristics of science fiction with those of other literary genres,B,True,0.08090144,0.74395573,0.08346952,0.09167333
Which of these foods could contain small amounts of naturally occurring opium?,chocolate truffles,poppy seed bagels,carbonated soda,sesame chicken,B,True,0.0107920235,0.971467,0.012228965,0.0055120266
What is the slowest wind speed a hurricane can have according to the Saffir-Simpson scale?,50 m.p.h.,74 m.p.h.,96 m.p.h.,110 m.p.h.,B,True,0.026522007,0.366125,0.2941897,0.31316328
In which of the following bands did Jimmy Page not play guitar?,Bad Company,The Firm,Led Zeppelin,The Yardbirds,A,False,0.04934125,0.22113213,0.37615845,0.35336816
Which of these magazines does not focus on natural science?,Tiger Beat,Outside,National Geographic,Smithsonian,A,False,0.13839926,0.4681987,0.17224067,0.2211614
Which of the following artists is an English landscape painter who created a poetic sense of changing atmospheric effects by using tiny applications of local color?,John Constable,William Morris,William Hogarth,Joshua Reynolds,A,True,0.97891325,0.015335847,0.005217759,0.0005330277
A flashing red traffic light signifies that a driver should do what?,stop,speed up,proceed with caution,honk the horn,A,False,0.08486969,0.029330177,0.88436246,0.0014376243
Which composer was famous for writing approximately 600 lieder?,Schubert,Beethoven,Liszt,Mozart,A,True,0.9479724,0.047196764,0.0015171375,0.003313733
"Students in a fourth-grade science class are learning about processes that change Earth's surface. Which of the following is the best example of an agent that gradually shapes Earth's surface by taking bits of rock, soil, and other substances away from their original locations and depositing them in other locations?",Fire,Lightning,Water,Sunlight,C,False,0.46504346,0.041924942,0.43009487,0.06293679
What country does Bordeaux wine come from?,France,Spain,Australia,United States,A,True,0.9916363,0.007571236,0.00036535214,0.00042713992
What is the loudest animal on earth?,African elephant,sperm whale,blue whale,Indian elephant,C,False,0.0013828223,0.96391356,0.027344124,0.007359571
Which of these household pets should be vaccinated for parvovirus?,hamster,cat,dog,bird,C,True,0.00025905363,0.01903263,0.97618765,0.0045206454
Which color is not considered to be one of the primary colors of light?,red,yellow,green,blue,B,False,0.22275847,0.35044828,0.053742986,0.37305024
If someone has cataracts what part of their body might need an operation?,ear,hand,eye,knee,C,True,8.883973e-05,0.00033527764,0.9994486,0.00012725704
"""I counted seven ministers all preaching at once . . . . Some of the people were singing, others praying, some crying for mercy in the most piteous accents."" The quotation above describes group participation in an event that was most characteristic of which of the following?",A meeting of the Pennsylvania Quakers during the time of the Revolution,A frontier camp meeting of the Second Great Awakening during the early nineteenth century,A presentation to a Chautauqua Assembly during the late nineteenth century,A convention of the Women's Christian Temperance Union during the late nineteenth century,B,True,0.09952178,0.8332856,0.042803783,0.02438886
In baseball how many balls make a walk?,one,two,three,four,D,False,0.0014974414,0.99601066,0.00092254695,0.0015693052
What term describes a tribe that has no set homeland and wanders from place to place?,Nomadic,Pedantic,Schematic,Cathartic,A,True,0.9964916,0.0031716146,0.00017893025,0.00015790538
What is the official language of The Netherlands?,Danish,Swedish,German,Dutch,D,True,8.0854436e-05,0.0005525398,0.00035121565,0.99901533
Which of these foods is not traditionally considered kosher?,citrus fruits,barley,chicken,shellfish,D,True,0.0943548,0.25648296,0.3093775,0.3397847
The use of inexpensive labor in Asian countries by footwear companies based in the United States and Europe is an example of which of the following?,Primary economic activity,Global division of labor,Intervening opportunity,Global-local continuum,B,True,0.00483753,0.9813256,0.011247596,0.0025893433
Which one of the following instruments is used to measure humidity?,anemometer,ammeter,hygrometer,barometer,C,True,6.001168e-05,0.0008957526,0.9977811,0.0012632135
"Jacques, Hedwig, and Reyes want to form a business entity through which they can raise capital by selling equity shares to the public. Which of the following business structures should they adopt?",LLC,PC,Corporation,LLP,C,True,0.0010138821,0.009924799,0.9812102,0.007851163
In the Arthurian legend who is married to Guinevere?,Merlin,King Arthur,Lancelot,Camelot,B,True,0.01813756,0.95980954,0.019920211,0.0021326384
What does the 'ROM' in CD-ROM stand for?,Really Obscure Memory,Run-Other Memory,Random Object Memory,Read-Only Memory,D,True,6.1059516e-05,0.00034592577,0.000129263,0.99946374
In the card game blackjack how much are a queen and a king worth-together?,11,15,20,21,C,False,0.014433173,0.09710368,0.12468359,0.7637796
Which of these performers made her film debut in Spike Lee's 'Dothe Right Thing'?,Jennifer Lopez,Rosie Perez,Paula Abdul,Tisha Campbell,B,True,0.0045190197,0.9912038,0.0017422374,0.0025349404
"A farmer buys a new tractor for $40,000 and expects to use it for 20 years, after which the tractor will have a salvage value of $10,000. What is the straight-line depreciation that can be taken for the first year of ownership?",1500,1667,2000,2250,A,False,0.12793557,0.4194846,0.28830728,0.16427252
In which kind of geometry is the sum of the angles inside a triangle exactly equal to 180 degrees?,elliptical,euclidean,hyperbolic,linear,B,True,0.00041701156,0.99885404,0.00054388563,0.00018504776
Which of the following short-run costs always increases as output increases?,Average total cost,Marginal cost,Total fixed cost,Total variable cost,D,False,0.0025430347,0.99436873,0.0014717955,0.0016164512
"The book announced an insane world of dehumanization through terror in which the individual was systematically obliterated by an all-powerful elite. Its key phrases‚ÄîBig Brother, doublethink, Newspeak, the Ministry of Peace (devoted to war), the Ministry of Truth (devoted to lies), the Ministry of Love (devoted to torture)‚Äîburned their way at once into the modern consciousness. The passage above discusses",E.M. Forster's A Passage to India,Thomas Pynchon's V.,George Orwell's 1984,Flannery O'Connor's The Violent Bear It Away,C,True,0.0056481734,0.023779698,0.96483505,0.005737119
What is the capital of New Zealand?,Sydney,Wellington,Auckland,Melbourne,B,True,0.00030508608,0.9988341,0.00044389762,0.00041700323
What popular toy is featured in the film 'The Hudsucker Proxy'?,Beanie Babies,Hula Hoop,Lincoln Logs,Lite Brite,B,False,0.021611344,0.39523017,0.17538235,0.40777615
What is the most popular month for weddings in America?,January,May,August,November,C,False,0.0023527981,0.994739,0.0012398375,0.0016683838
Which of the Three Stooges was not related to the others?,Moe,Larry,Curly,Shemp,B,False,0.08136546,0.22117426,0.11474369,0.5827165
What is the name for the thin board used to mix colors while painting?,pestle,easel,shoe,palette,D,True,8.8774854e-05,0.0010159744,0.00017654987,0.99871874
Which of these foods could you catch at sea?,shallot,stollen,scallop,scone,C,True,0.0009920145,0.004176537,0.9905223,0.0043091145
If a ring has the number 925 stamped into it it is most likely made of what material?,platinum,gold,steel,silver,D,True,0.00047741208,0.020300077,0.0011100164,0.9781125
Which of the following questions can a student ask to best determine whether an author is using the persuasive technique of pathos in a passage?,Does the author use tone and style to convey authority on the subject to the audience?,Does the author use credible and reliable sources to convince the audience of the argument?,Does the author use facts and sound reasoning to substantiate claims made to the audience?,Does the author use personal connections and stories to appeal to the audience's emotions?,D,True,0.00019926886,0.0039403704,0.0010772373,0.9947831
During which war did US troops fight the Battle of New Orleans?,American Revolution,Civil War,Mexican War,War of 1812,D,True,0.00020920485,0.0014521695,0.0017792353,0.9965593
What animal is used to make lard?,pig,cow,snake,chicken,A,True,0.9857562,0.013628445,0.00041154335,0.00020372873
"If the permeability of subsoil is rapid, the subsoil texture is most likely classified as",coarse,medium,fine,silty,A,False,0.055193465,0.2252238,0.27167174,0.447911
"A passage Jane Eyre is as follows. This was all the account I got from Mrs. Fairfax of her employer and mine. There are people who seem to have no notion of sketching a character, or observing and describing salient points, either in persons or things: the good lady evidently belonged to this class; my queries puzzled, but did not draw her out. Mr. Rochester was Mr. Rochester in her eyes, a gentleman, a landed proprietor‚Äìnothing more: she inquired and searched no further, and evidently wondered at my wish to gain a more definite notion of his identity. Mrs. Fairfax differs from the speaker in that Mrs. Fairfax",has more interest in the complexities of people's personalities,judges people by their social station in life,is more willing to take people at face value,has a more positive opinion of Mr. Rochester,C,False,0.24875799,0.37342998,0.24875799,0.12905395
Earth's seasons are caused by which of the following?,The tilt of Earth's axis of rotation relative to the ecliptic as Earth revolves around the Sun,The varying amount of sunspot activity,Earth's orbit about the Sun as an ellipse rather than a circle,The rotation of Earth during a 24-hour day,A,True,0.98546046,0.013205177,0.0007449852,0.0005893317
According to the Bible Moses and Aaron had a sister named what?,Jochebed,Ruth,Leah,Miriam,D,False,0.3189233,0.42250472,0.1995771,0.058994878
Where is the Frank Lloyd Wright-designed house known as Falling Water?,Connecticut,Pennsylvania,Illinois,New York,B,True,0.00032514823,0.9692532,0.029268911,0.0011527505
In the story 'Jack and the Beanstalk' what does Jack trade to get the magic beans?,a cow,a hat,a harp,a goose,A,False,0.16840248,0.5877824,0.052990194,0.190825
Which of these vitamins was the first to be named?,Vitamin A,Vitamin-12,Vitamin E,Vitameat avegimen,A,True,0.99352056,0.0056371563,0.0005243372,0.0003180266
How many water molecules are in a human head?,8*10^21,8*10^23,8*10^25,8*10^27,C,False,0.034955435,0.214128,0.31155443,0.43936214
Who wrote musicals with Oscar Hammerstein II?,Richard Rodgers,Rogers Hornsby,Gilbert O' Sullivan,George Rogers Clark,A,True,0.49005085,0.46036017,0.024019936,0.02556909
If Christmas Day is on a Saturday then the following New Year's Day falls on what day of the week?,Sunday,Monday,Friday,Saturday,D,True,0.07415705,0.15699047,0.10789787,0.6609546
What Mexican holiday takes place on May 5th?,Mexican Independence Day,Santa Anna's Birthday,Cinco de Mayo,Christmas,C,True,0.00012110471,0.0021804369,0.9967752,0.0009232551
Which of the following is a type of bacterium that produces a toxin in food under anaerobic conditions?,Clostridium botulinum,Clostridium tetani,Mycobacterium bovis,Staphylococcus aureus,A,True,0.96013606,0.03389695,0.0055335253,0.00043341916
Which of the following lists the gases that were most likely the largest components of Earth's early atmosphere?,N_2 and O_3,C_2H_4 and O_2,"Ne, Ar, Kr, and Rn","N_2, H_2O, CO_2, CH_4, and NH_3",D,False,0.0003499022,0.011954986,0.94970214,0.037992865
What disease is characterized by a body's inability to properly metabolize glucose?,Influenza,Septicemia,Diabetes,Arthritis,C,True,2.4662999e-05,0.0003624201,0.9991689,0.00044404643
Who co-founded Microsoft with Bill Gates?,Steve Jobs,Steve Wozniak,Paul Williams,Paul Allen,D,True,0.00046983964,0.06550564,0.0010423848,0.9329822
Who was the first First Lady to run for political office?,Hillary Clinton,Rosalynn Carter,Bess Truman,Eleanor Roosevelt,A,False,0.002743357,0.7606569,0.04427554,0.19232418
Who or what was Big Bertha?,a comet,a World War I gun,a pro wrestling champion,a giant Muppet,B,True,0.00042312877,0.99779344,0.0010637456,0.00071976625
To ward off bad luck what do many people do to wood?,knock on it,kiss it,thank it,scratch it,A,False,0.0066259606,0.92379975,0.017457081,0.052117214
What kind of flying contraption is featured in the movie 'Chitty Chitty Bang Bang'?,boat,car,truck,bike,B,True,0.015723154,0.9428285,0.031761643,0.009686754
"What is the name of the disease that has been referred to as the ""disease of kings""?",hemophilia,jaundice,rubella,syphilis,A,False,0.043416724,0.020508608,0.0077841887,0.9282904
Among these elements which one has the highest atomic mass?,Helium,Sodium,Uranium,Copper,C,True,0.0034828978,0.025735326,0.950739,0.020042693
What car company once manufactured and sold the 'Datsun' line of automobiles?,Nissan,Mazda,Toyota,Daihatsu,A,True,0.80703557,0.15402544,0.022189468,0.016749488
Which part of the electromagnetic spectrum has the shortest wavelength?,Gamma rays,X-rays,Radio waves,Microwaves,A,False,0.0010199635,0.00854005,0.9870956,0.0033443319
Which of the following is a renewable energy source?,Wood,Oil,Natural gas,Coal,A,False,0.00034105036,0.0076419273,0.98537755,0.006639422
A _ is a plant cell that helps control the passage of materials into and out of the stomates.,Cell membrane,Cytoplasm,Guard cell,Cellulose,C,True,0.00065104093,0.006678826,0.99122566,0.0014443974
Which of the following has reduced the power of political parties?,An increase in the number of direct primary elections,A surge in soft-money campaign contributions,Stricter voter registration requirements,A decline in the number of political action committees,A,False,0.031413343,0.32733455,0.4913874,0.14986469
Poverty as defined by the United States government is best understood as,the index value of government services such as Medicaid and public housing,the concept of relative deprivation and is based on changes in the distribution of income,an absolute level set in the 1960s and since adjusted to reflect inflation at the consumer level,a concept based on lifestyle and measured on a sliding scale based on the needs of an individual,C,True,0.016161451,0.34554708,0.6257049,0.012586551
What internet company goes by the acronym AOL?,America Over Lines,America Online,Americans On Links,Americans On LOR,B,True,0.000995423,0.99392563,0.0035846557,0.0014943067
What was the original name of the Apple Macintosh XL computer?,Lisa 2,Mac Daddy,Granny Smith,Orange XL,A,False,0.060590476,0.55717963,0.23226702,0.14996287
What country is famous for making wooden shoes?,Russia,Thailand,The Netherlands,Australia,C,True,3.880351e-05,0.0003858257,0.9992505,0.00032489782
A knish is traditionally stuffed with what filling?,potato,creamed corn,lemon custard,raspberry jelly,A,False,0.2551054,0.37117618,0.1302951,0.24342328
Including the bottom how many sides are on a square-based pyramid?,three,four,five,six,C,False,0.06357731,0.5323263,0.20204827,0.20204827
Which of these is not a traditional Greek dish?,sukiyaki,souvlaki,moussaka,finikia,A,False,0.09519641,0.312137,0.13850996,0.45415667
What color is Pepto-Bismol liquid?,pink,blue,clear,green,A,False,0.0033347975,0.029722726,0.15094446,0.815998
Which of the following groups was converted to Christianity in the tenth century AD by missionaries from the Byzantine Empire?,Franks,Visigoths,Russians,Anglo-Saxons,C,False,0.119397216,0.13529477,0.036414094,0.7088939
"A passage from Zora Neale Hurston's Their Eyes Were Watching God is as follows. The people all saw her come because it was sundown. The sun was gone, but he had left his footprints in the sky. It was the time for sitting on porches beside the road. It was the time to hear things and talk. These sitters had been tongueless, earless, eyeless conveniences all day long. Mules and other brutes had occupied their skins. But now, the sun and the bossman were gone, so the skins felt powerful and human. They became lords of sounds and lesser things. They passed nations through their mouths. They sat in judgment. Which of the following is the best way of describing the last three sentences of the passage (""They became . . . in judgment"") ?",The sentences emphasize the weariness the sitters feel after a long day's work.,The sentences are used to paint a picture of the way in which the sitters wish they spent their evenings.,The sentences are a vivid way of describing the ease and authority the sitters feel during the evening.,The sentences highlight the contrast between the feelings of the sitters and the feelings of the bossman.,C,False,0.062126018,0.25351295,0.31550193,0.36885914
What Native American tribe did chief Crazy Horse lead?,Apache,Comanche,Sioux,Iroquois,C,True,8.3296116e-05,0.0011144897,0.99751943,0.0012827698
Which of the following people would benefit most if the value of the United States dollar increased relative to the Japanese yen?,A United States car dealer importing Japanese cars,A Japanese tourist vacationing in the United States,A worker in the United States beer industry,A Japanese baker buying United States wheat,A,False,0.17140771,0.67793065,0.083537444,0.067124225
What is the fundamental basis of competition in a market with poorly differentiated products?,Promotion,Product placement,Price,Value proposition,C,True,0.00050074665,0.001667741,0.9943557,0.0034758705
The phrase 'hospital corners' refers to what?,bed sheets,paint,landscaping,scissors,A,True,0.8874052,0.096500844,0.008172719,0.007921271
What sporting event is held annually on Memorial Day weekend?,Iditarod,Kentucky Derby,Indianapolis 500,Super Bowl,C,False,0.00030204875,0.011334295,0.05938746,0.92897624
"A student comes across the unfamiliar words ""intercontinental,"" ""interglacial,"" ""interface,"" and ""intercept"" in his reading. The student can use his knowledge of affixes to understand that all of the words share which meaning?",between; among,not; opposite of,earth; environment,under; too little,A,False,0.06645789,0.39457867,0.28420436,0.25475913
"Ballad opera, opera buffa and opéra comique shared which feature?",They contained da capo arias,They began with a French overture.,They focused on everyday problems.,They contained obbligato recitative.,C,True,0.05579461,0.16657194,0.7235555,0.05407799
What is the national animal of Australia?,koala,kangaroo,platypus,alligator,B,True,0.000569802,0.99852955,0.00050284853,0.00039778595
"In weaving, the vertical and horizontal threads in a loom are called the",bobbin and quill,shuttle and paddle,ply and twist,warp and weft,D,True,5.058098e-05,0.0011333697,0.00012518912,0.9986909
The majority of calcium in the human body is found where?,Hair,Blood,Bones,Digestive tract,C,True,7.8208024e-05,0.0026306792,0.9969913,0.000299802
Which of these is made from cacao seeds?,marzipan,soy sauce,chocolate,anchovies,C,True,7.023373e-05,0.00079132087,0.9988187,0.00031972255
Which of the following charts is used in advanced manufacturing to record results data for a preproduction process?,R chart,Run chart,X-bar chart,Pareto chart,B,True,0.0009533894,0.9976406,0.0006975145,0.0007084988
A first-grade teacher is planning activities to introduce students to nonstandard units of measurement. Which of the following activities will best meet the teacher's goal?,"Asking students to stand in a line, from the shortest person to the tallest",Asking students to use pencils to measure the length of a desk,Asking students to determine how many one-liter bottles of water can fill a onegallon container,Asking students to use a measuring tape to measure the length of the classroom door,B,True,0.13051708,0.41478246,0.2763047,0.17839572
"When scanning a drive for viruses, it is typically important to check files having which of the following extensions?",.jpg,.pdf,.wav,.exe,D,True,2.7099792e-05,0.00022338597,0.00010886962,0.9996406
What term describes a word created by rearranging the letters of another word?,onomatopoeia,malapropism,anagram,antonym,C,True,0.08954809,0.30293727,0.6024627,0.005051957
What biological process replicates DNA?,molting,mitosis,diffusion,peristalsis,B,True,0.0002001959,0.999411,0.00018228043,0.0002065508
Louis Pasteur developed which vaccine?,polio,rabies,smallpox,anthrax,B,False,0.0003089064,0.0035352462,0.99566215,0.000493631
Which of these planets has no known moon?,Neptune,Mercury,Mars,Saturn,B,True,0.1398938,0.49596658,0.07257595,0.2915637
According to a Yale University study what smell is the most recognizable to American adults?,tuna,laundry,popcorn,coffee,D,False,0.0111254575,0.5195619,0.28692934,0.18238339
According to the USDA which food group should you eat the most servings of per day?,vegetables,dairy,meats,breads,D,False,0.12345766,0.027980933,0.43090957,0.41765186
Which of these organs comes in A pair?,liver,kidney,stomach,gallbladder,B,False,0.054975946,0.114579715,0.009856644,0.8205877
"Carmen spends her entire weekly income on two goods: X and Y. At her current consumption level of the two goods, the marginal utility of the last dollar spent on good X is 5 and the marginal utility of the last dollar she spent on good Y is 10. To maximize her utility, Carmen should",maintain her current consumption level of the two goods,buy fewer units of X and more units of Y,buy fewer units of Y and more units of X,buy fewer units of both X and Y,B,True,0.10242506,0.60812557,0.13569117,0.15375823
The British dish 'bangers and mash' is made up of sausage and what?,eggs,bacon,liver,potatoes,D,True,0.0002472045,0.007112371,0.0010246341,0.9916157
Where are fireworks first known to have been developed?,Italy,China,Great Britain,Greece,B,True,0.00016837026,0.9981566,0.0012835892,0.00039147257
What is the name of the Swedish company that specializes in affordable furniture?,Gambro,Electrolux,Saab,IKEA,D,True,5.3027223e-05,0.0005612579,0.00034042008,0.9990453
A committee of middle school teachers is meeting to begin the process of finding a software program to improve students' drafting skills. Which of the following steps should the committee take first in the process?,Downloading a trial version of the most popular software for evaluation,Conducting a survey to determine the importance of drafting skills in the classroom,Defining the learning objectives they would like the software to meet,Deciding what type of user interface would be most appropriate,C,False,0.056429382,0.66629994,0.24511805,0.03215249
Which of the following words cannot be decoded through knowledge of letter-sound relationships?,Flight,Said,Things,Lamp,B,True,0.06384373,0.46443114,0.12115411,0.350571
In what country are police officers referred to as 'bobbies'?,Israel,Greece,England,France,C,True,3.9401828e-05,0.0008424483,0.9989273,0.00019093581
The ability to do which of the following is a characteristic of all living organisms?,Move from place to place,Detect and respond to changes in the environment,Produce sugars by photosynthesis,Produce heat to maintain a constant internal temperature,B,True,0.0008423261,0.9832977,0.014471222,0.001388761
In 1924 the United States Congress passed a bill that significantly altered immigration patterns by,suspending further immigration from Latin America,making it illegal for employers to hire or recruit undocumented workers,"promoting family unification, enabling close relatives of people already resident in the United States to be admitted","reducing immigration quotas sharply, leading to a dramatic decline in immigration",D,True,0.011376273,0.074182615,0.065465935,0.8489751
Astronomers have proposed that the solar system formed from a vast rotating cloud of gas and dust. This explanation is known as which of the following?,Kepler's laws,Big bang theory,Cosmic string theory,Nebular hypothesis,D,True,0.000690075,0.011671735,0.00063821505,0.98700005
"The term that best describes an artwork that incorporates theatrical elements such as body movement, audience participation, music, and projected images is",mimesis,installation art,performance art,digital collage,C,True,0.0001787198,0.003372195,0.99531955,0.0011295438
What substance was used for blood in the famous shower scene from the movie 'Psycho'?,tomato juice,red wine,chocolate syrup,ketchup,C,False,0.03490413,0.52098966,0.118079156,0.326027
What is actor Antonio Banderas native language?,Spanish,Russian,German,French,A,True,0.9920696,0.0066845124,0.000761792,0.00048422447
A preschool teacher is teaching students to forward roll. Which of the following is a problem most characteristic of preschoolers' forward rolling?,Keeping the chin tucked,Keeping the knees and hips flexed,Losing the curl,Using the hands to cushion the head contact,C,False,0.06521076,0.59966695,0.2276079,0.10751436
John Rockefeller made his fortune in what industry?,automobile,oil,steel,railroad,B,True,0.00019395856,0.9990095,0.0002692848,0.00052723405
What is the name of the South African political party that was headed by Nelson Mandela?,African National Congress,South African Democrats,Inkatha Freedom Party,Aryan National Assembly,A,True,0.99153495,0.007337544,0.000977633,0.00014992489
A kindergarten teacher notices that a new student who is from a foreign country is being excluded from play by a majority of the other students. Which of the following activities is best to help the class become aware of the common interests they share with the new student?,Inviting a member of the new student's family to discuss the family's culture with the class,Creating a chart with the class that shows the many ways students in the class are similar,Using a globe to show the class which country the new student's family comes from,Asking the class to help the new student learn the classroom rules by having students role-play,B,True,0.037708625,0.8318389,0.068281494,0.06217101
How many periods are there in an ice hockey game?,One,Two,Three,Four,C,False,0.0010754575,0.9777424,0.013946746,0.0072354767
Which of the following parts of the Sun is easily visible only during a total solar eclipse?,Core,Photosphere,Sunspots,Corona,D,True,0.002172665,0.029069934,0.006093389,0.962664
In what decade was the Hula-Hoop invented?,1890s,1920s,1950s,1970s,C,True,8.332865e-05,0.0062185517,0.9824378,0.011260343
Which of the following sequences of events is consistent with the presence of a layer of sandstone in bedrock just above a layer of shale?,"A volcano erupted, sending lava out over a layer of shale. The lava cooled and hardened into sandstone.",The water level of a large lake lowered. A beach then formed where previously there had been lake bottom.,"One-celled organisms developed a colony on the seafloor. Shells made by these organisms accumulated and lithified, forming the sandstone.",Mud was deposited and lithified. Subsequent contact metamorphism resulted in localized recrystallization of the shale into sandstone.,B,False,0.099078424,0.2778723,0.5356129,0.0874364
In what US city can you find the Basketball Hall of Fame?,Canton Ohio,Cooperstown New York,Springfield Massachusetts,Lawrence Kansas,C,False,0.00014863863,0.99850863,0.0008553563,0.00048736733
Which of the following concepts in Robert's Rules of Order requires that motions be dealt with in order of importance?,Order of business,Orders of the day,Order of precedence,Point of order,C,True,0.030129166,0.095750295,0.85341305,0.020707453
When it first appeared on the Internet amazoncom sold only what?,Books,Compact discs,Cars,Clothes,A,False,0.43183386,0.47427672,0.035447083,0.058442358
How many digits are in a standard Visa credit card number?,12,15,16,20,C,True,0.0038992418,0.075908765,0.8963062,0.023885751
"A passage Jane Eyre is as follows. This was all the account I got from Mrs. Fairfax of her employer and mine. There are people who seem to have no notion of sketching a character, or observing and describing salient points, either in persons or things: the good lady evidently belonged to this class; my queries puzzled, but did not draw her out. Mr. Rochester was Mr. Rochester in her eyes, a gentleman, a landed proprietor‚Äìnothing more: she inquired and searched no further, and evidently wondered at my wish to gain a more definite notion of his identity. The passage suggests that the speaker would describe the ""account"" mentioned in the first sentence as",enlightening,mystifying,deficient,erroneous,C,False,0.06729555,0.7464615,0.13383317,0.052409828
What is the birthstone for the month of January?,topaz,garnet,opal,diamond,B,False,0.0039003594,0.008519168,0.002898501,0.98468196
Who kills Tony at the end of the film 'West Side Story'?,Riff,Chino,Bernardo,He kills himself,B,False,0.019266922,0.083691694,0.0904923,0.8065491
In what country did Magic Johnson play professional basketball during the 1999 season?,United States,Sweden,Israel,Turkey,B,False,0.047332816,0.34432256,0.48557264,0.122771986
According to the Mother Goose nursery rhyme which child is full of woe?,Monday's child,Wednesday's child,Thursday's child,Saturday's child,B,True,0.16324894,0.45784298,0.15577322,0.22313485
What is called a 'lorry' in Britain?,a toaster,a truck,a babysitter,an elevator,B,True,0.00013132169,0.9996394,0.00017949546,4.984409e-05
What newspaper do Lois Lane and Clark Kent work for?,The Bugle,The Daily Planet,The Metropolis Tribune,The New York Times,B,True,0.0002649669,0.9984705,0.0005878547,0.0006766166
Which of the following should a computer user do to prevent screen-induced eyestrain?,Use eye drops regularly,Change choice of software programs,Limit the resolution on the monitor,Take periodic breaks to view natural lighting,D,True,0.0014448699,0.02443812,0.08529742,0.8888196
What percent of the observable universe has received radio transmissions from Earth?,10^-24 %,10^-29 %,10^-34 %,10^-39 %,A,False,0.0958099,0.36727688,0.22276469,0.31414855
Where is Ghirardelli Square located?,Milan,Rome,Washington DC,San Francisco,D,True,0.000105466395,0.00048011102,0.00028224272,0.9991322
"A research report states that a special education program for children aged 3-5 under study increases their chances of success in future schooling. Therefore, implementing a similar education program for all children will improve them in the future opportunities for success in school education. Which of the following best illustrates the logical loopholes summarized above?",Children's cognitive abilities are constantly changing at the age of 3-5,Establishing such education and training programs on a national basis requires a special public expenditure,Many parents mistakenly believe that early formal education will occupy the time that children would have been able to better explore the world independently,Investigators are unaware that they include a large group of children who have previously received another education,A,False,0.08349224,0.36838505,0.26122412,0.28689855
"The traitor is a traitor, so you are a traitor, so I am a patriot.The words of a patriot are the most valuable, so my words are good.Since my words are good, you are undoubtedly a traitor! Which of the following makes the same logical mistake as above?","Literature and art are not worthy of attention. Modernization must relies on science and technology, so science and technology are worthy of our attention. But literature and art are not science and technology.","Non-university can also become an outstanding talent. Gorky, Edison, Faraday, Franklin, etc. have not attended college, but they have all become outstanding talents.","The earth is a sphere, which can be proved from the fact that when we stand at a height and watch the sailing boat in the sea, we always see the mast first and then the hull. The reason for this is because the earth is a sphere.",I saw them coming out of this chemical plant several times before I realized that this young man who was eager to help patients was originally a worker in this chemical plant.,C,False,0.4147317,0.32299337,0.1574144,0.1048606
"The tobacco industry has a lot of money, and it is expected to continue to do so. Last year, the total amount of tobacco sold by American tobacco farmers increased significantly, but the number of smokers in the country continued to decline. If the following are true, they can be the reason for the above phenomenon, except:",More women start smoking this year than men who have quit.,People who continue to smoke consume more tobacco than in previous years.,The number of people who started smoking grass or taking snuff this year is more than the number who have given up smoking.,More cigarettes produced in the U.S. are exported to other countries this year than last year.,A,False,0.2065807,0.45121375,0.20022489,0.1419807
Which of the following is most characteristic of gesture drawing?,An outline,Action and movement,Gradual shading,Carefully observed details,B,True,0.00028669438,0.9991566,0.00032998322,0.00022679393
What type of meat is on a traditional Reuben sandwich?,turkey,bologna,corned beef,pepperoni,C,True,5.9160404e-05,0.00070954754,0.9991173,0.00011403467
Which of the following is the best source of objective information about a prospective employer that is publicly traded?,Annual reports,Press releases,Newspaper articles,10-K filings with the SEC,D,True,8.2017206e-05,0.0012630743,0.0009836833,0.9976712
What children's TV character is known as 'Da Niao' in China?,Barney,Big Bird,Mickey Mouse,Tinky Winky,B,False,0.044155058,0.30649683,0.47471157,0.17463663
On Valentine's Day 2000 NASA's NEAR spacecraft began a yearlong orbit of what asteroid?,Eros,Cupid,Aphrodite,Venus,A,True,0.96553403,0.02573061,0.0049107727,0.0038245136
"The gasoline tank in a car holds 15 gallons when full. If there are 7 gallons of gasoline in the tank, how many gallons of gasoline are needed to fill the tank? Which of the following is most appropriate to use to correctly answer the question shown?",Multiplication,Subtraction,Estimation,Division,B,False,0.1134967,0.32332203,0.41515368,0.1480276
What cartoon character traveled in a time machine with Mr Peabody?,Rocky,Jonny Quest,Underdog,Sherman,D,False,0.0058765444,0.95787656,0.011505716,0.024741177
Which of these is a type of a artwork consisting of pieces of wood inlaid in geometric patterns?,marquetry,parquetry,harquetry,sharquetry,B,False,0.72350246,0.27461055,0.0015339621,0.0003531381
What term describes someone who does not believe in the existence of God?,hedonist,deist,agnostic,atheist,D,True,9.018854e-05,0.00041056218,0.00060677156,0.9988925
What animated character has a crush on the Little Red Haired Girl?,Richie Rich,Charlie Brown,Bugs Bunny,Jonny Quest,B,True,0.002499668,0.99280363,0.0041212556,0.00057545624
Which of these dishes is made from pig intestines?,haggis,chitlins,grits,chop suey,B,False,0.9640603,0.030036217,0.0035873144,0.0023161443
Water's high heat capacity allows it to,change density significantly as its temperature changes,gain and lose large amounts of heat without significantly changing the temperature of the water,conduct sound efficiently without significant loss of velocity as the sound waves travel long distances,cause the ocean's surface temperature to fluctuate rapidly as the seasons change,B,True,0.0071462225,0.9656813,0.011068286,0.01610426
Which of the following is the government regulator for all securities firms operating in the United States?,Federal Trade Commission,Federal Deposit Insurance Corporation,Federal Reserve Board,Financial Industry Regulatory Authority,D,True,0.001058099,0.008998869,0.20481332,0.78512967
Which of the following elements is a metal?,S,Se,I,Ga,D,True,0.08493315,0.082320035,0.32053438,0.51221246
How many ribs are there in the human body?,18,24,30,42,B,False,0.016874585,0.36079457,0.5088019,0.11352905
Which of these snakes is poisonous?,anaconda,boa constrictor,copperhead,python,C,False,0.006135468,0.67668873,0.2649951,0.052180633
What's unique about a skeleton key?,It opens many locks,It's made of bone,It's extremely old,It hangs in a closet,A,False,0.0012048791,0.9973774,0.0009531378,0.00046452228
What color is a ruby?,red,black,yellow,blue,A,True,0.99182117,0.007572648,0.0003125605,0.00029362342
In the 1960s 'Batman' TV series who was not a guest villain?,The Minstrel,The Archer,The Bookworm,The Squeegee Guy,D,False,0.052908916,0.48654133,0.2159014,0.24464835
Which of these is commonly used to treat allergies?,antimatter,anticoagulants,antiseptics,antihistamines,D,True,4.2625496e-05,0.00033007754,0.0001851567,0.99944216
"How many ships did Columbus set sail with on his initial voyage to ""the New World""?",Two,Three,Five,Ten,B,True,0.008701642,0.9748287,0.0132684205,0.0032011555
What does the acronym 'REM' stand for?,random energy module,rapid eye movement,red entertainment machine,really energetic music,B,True,8.88324e-05,0.9993661,0.0001880582,0.00035687175
Where did the Exxon Valdez run aground in March of 1989?,Monterey Bay,Prince William Sound,Cape Cod,Gulf of Mexico,B,True,0.0002063642,0.99850816,0.0008553559,0.00043009993
What is the name of the baby who appears in cartoons and comic strips with Popeye the Sailor?,Pun'kin,Lamikins,Suga'baby,Swee'pea,D,True,0.00076152745,0.0052040955,0.0023093033,0.9917251
A geographer beginning a study of the cultural landscape within a specific region would most likely benefit from which of the following activities?,Describing and mapping the building types on a plat map,Determining how many cars travel along the highway system,Establishing the percentage of adults with a college education,Graphing and analyzing economic data for the past century,A,False,0.04731045,0.69522196,0.20550722,0.05196036
Fragile works of sculpture can be displayed most securely by placing the works,in glass-paneled cases,on a series of pedestals,on wall-mounted shelves with sturdier works around them,"in shadow boxes with signs that read ""Do Not Touch""",A,False,0.0057786726,0.57130545,0.40511623,0.017799566
In the Jimmy Buffet song 'Margaritaville' what is the singer searching for?,a lime,a shaker of salt,his car keys,the bartender,B,False,0.030769588,0.18268746,0.37485033,0.41169256
Which of the following actions by the Federal Reserve System would be most likely to increase consumer spending?,Increasing the discount rate to member banks,Decreasing the discount rate to member banks,Selling large amounts of government securities,Keeping reserve requirements of member banks constant,B,True,0.02420903,0.6441784,0.22968887,0.10192382
Which one of these is NOT a mineral?,Quartz,Lithium,Diamond,Calcite,B,True,0.09921827,0.38034248,0.17413348,0.34630576
According to the title of a popular children's TV show what color is Bear's big house?,red,green,purple,blue,D,True,0.007979368,0.17329307,0.017428543,0.80129904
Which of these rocks will float In water?,granite,limestone,shale,pumice,D,True,0.0005535695,0.009074851,0.005011609,0.98535997
Who is the twin sister of 'Dear Abby' columnist Abigail VanBuren?,Martha Stewart,Dr Ruth Westheimer,Ann Landers,Miss Manners,C,True,0.006867583,0.08366429,0.8994759,0.009992274
Which of the following would be provided in the marketing segment of a business plan?,How the products and services will be priced,The organizational structure of the business,Any factors that could affect employee retention,The details of the budget plan,A,False,0.1722057,0.46810362,0.20771973,0.151971
"From the very beginning, I wrote to explain my own life to myself, and I invited any readers who chose to make the journey with me to join me on the high wire. I would work without a net and without the noise of the crowd to disturb me. The view from on high is dizzying, instructive. I do not record the world exactly as it comes to me but transform it by making it pass through a prism of fabulous stories I have collected on the way. I gather stories the way a lepidopterist hoards his chloroformed specimens of rare moths, or Costa Rican beetles. Stories are like vessels I use to interpret the world to myself. ----------Pat Conroy Which of the following best describes the organization of the passage?",The author provides several explanations for taking a certain course of action.,The author uses analogies to explain his experience of a particular action.,The author makes a comparison between his own experiences and that of others in his profession.,The author chronicles the various phases of his work in a particular discipline.,B,True,0.08683551,0.3434411,0.27596268,0.29376075
What is the normal playback speed of a 12'' long-playing record?,12 1/2 rpm,33 1/3 rpm,45 rpm,100 rpm,B,False,0.0026932901,0.05243181,0.92937607,0.015498813
During what war did Francis Scott Key write the words to 'The Star-Spangled Banner'?,American Revolution,War of 1812,Civil War,World War I,B,True,0.00042908383,0.9961492,0.0013424845,0.0020792808
What are the names of Donald Duck's three nephews?,Quick Quack Quock,Alvin Simon Theodore,Robbie Chip Ernie,Huey Dewey Louie,D,True,0.00023353175,0.0019250228,0.00065495603,0.9971865
What company makes Oreo cookies?,General Mills,Nabisco,Keebler,Kraft,B,True,0.00074163155,0.99647325,0.0021797763,0.00060530205
A student is conducting a research project and has learned of a website that may have useful information. The domain extension for the site is .org. Which of the following assumptions about the website is correct?,All of the information on the site is current.,The site has been evaluated for bias.,The site might belong to a nonprofit agency.,The author of the site is well respected in his or her field.,C,True,0.0010629422,0.024960404,0.96636415,0.007612493
To make an international telephone call from within the US what are the first numbers you should dial?,11,101,888,911,B,False,0.05017343,0.40085936,0.4835287,0.065438494
The 'Arkansas toothpick' is better known by what name?,Scottie Pippen,spare rib,pinkie finger,Bowie knife,D,False,0.0034199408,0.054339323,0.6830023,0.25923842
What colors are the two circles in the MasterCard logo?,pink and orange,blue and green,black and white,red and yellow,D,True,0.025256807,0.16728863,0.27581233,0.5316422
Which of the following was a significant reason for the electoral success of Franklin Roosevelt's New Deal coalition during the 1930s?,A major shift of African American voters from the Republican to the Democratic Party,A major shift of urban voters in Northern states from the Republican to the Democratic Party,A focus on a bipartisan approach to major social and economic legislation,A focus on mobilizing young voters,A,False,0.030452734,0.94735676,0.012304016,0.009886555
What is the name of the mountain where the mythological Greek gods live?,Jupiter,Olympus,Vesuvius,Valhalla,B,True,0.00039188724,0.99921393,0.00020015641,0.00019399825
The first sound recording to be made and reproduced was a recitation of what nursery rhyme?,Humpty Dumpty',Mary Had a Little Lamb',Jack Be Nimble',Home Sweet Home',B,True,0.18607521,0.7834059,0.021539768,0.008979112
Which actress played a pointy-eared Vulcan in the movie 'Star Trek II: The Wrath of Khan'?,Whoopi Goldberg,Jennifer Grey,Kirstie Alley,Helen Hunt,D,False,0.00043595003,0.001241906,0.99639857,0.0019235017
Which of the following is most likely to result from a collision between a continental lithospheric plate and an oceanic lithospheric plate?,A chain of coastal volcanic mountains,A magnetic reversal,A mid-oceanic ridge,A transform fault,A,False,0.007520542,0.046068903,0.021091882,0.9253187
The process of drilling holes in the skull is called what?,bifurcation,trepanation,aeronomy,skullduggery,B,True,0.000107166496,0.99949825,0.00017125157,0.00022335416
Who is the creator of the comic strip 'The Far Side'?,Jim Davis,Gary Larson,Garry Trudeau,Charles Schulz,B,True,0.0003448136,0.99625045,0.0018351453,0.0015696831
Which of these is not a type of chili pepper?,habanero,cheyenne,jalapero,guajillo,B,True,0.107760966,0.48295113,0.13411069,0.27517727
"In the definition of a public good, the term ""nonrival"" means that",one person's use of the public good does not reduce the amount available to others,the public good is produced by the government without any competition,the public good is produced at zero marginal cost,the public good is mostly consumed by free riders,A,True,0.557968,0.36025125,0.050302345,0.0314784
Which of these foods is poisonous to dogs?,peanut butter,bananas,chocolate,olives,C,True,0.00017302818,0.0016161943,0.9942107,0.004000119
What type of substance is 'terra-cotta'?,metal,ceramic,wood,glass,B,True,9.8816505e-05,0.9965102,0.0031716737,0.000219234
What disease causes a buildup of fluid pressure in the eyeball and damages the optic nerve at the back of the eye?,astigmatism,cataract,glaucoma,retinitis,C,True,9.038231e-05,0.026676774,0.9702398,0.0029930512
What article of clothing best describes a 'pashmina'?,shoes,pants,scarf,underwear,C,True,0.00012716104,0.0010319487,0.9986946,0.00014636146
Who was the first American in space?,John Glenn,Buzz Aldrin,Alan Shepard,Neil Armstrong,C,False,0.017685326,0.011418505,0.0053100972,0.96558607
Stevie Wonder and Michael Jackson have both recorded duets with which former Beatle?,Paul McCartney,John Lennon,George Harrison,Ringo Starr,A,False,0.027398907,0.5858144,0.20245205,0.18433468
In which layer of Earth is the geomagnetic field generated?,Outer core,Crust,Mantle,Inner core,A,False,0.0014335085,0.09150329,0.8155599,0.09150329
Which of these is not one of Aesop's fables?,The Dog and the Squirrel',The Hare and the Tortoise',The Eagle and the Beetle',The Ox and the Frogs',A,False,0.057956476,0.28527176,0.33351648,0.32325524
An accounts payable entry appears in the,asset section of the balance sheet,liability section of the balance sheet,cost of goods sold section of the income statement,operating expense section of the income statement,B,True,0.0014073374,0.9810021,0.007973109,0.009617406
What is a balalaika?,musical instrument,Russian peasant,type of hat,breed of shark,A,True,0.9912574,0.0078085884,0.00050704746,0.00042697674
From what language does the term 'RSVP' originate?,Russian,Italian,Portuguese,French,D,True,0.00070640846,0.0020123704,0.0025839347,0.9946972
Which of the following is a true statement about the flow of energy in an ecosystem?,Smaller organisms need less energy per gram of body weight than do larger organisms.,Energy transfer between organisms normally involves conservation of heat energy.,Energy flow between trophic levels is inefficient.,"Chemical energy is converted into radiant energy, which is then converted into chemical energy at the next trophic level.",C,False,0.13052396,0.44155687,0.24385087,0.18406829
The Federal Reserve implements an expansionary policy by doing which of the following?,Buying Treasury bonds in the open market,Raising the federal funds rate,Raising the discount rate,Raising the required reserve ratio,A,False,0.027960164,0.95530516,0.012025517,0.00470926
"Determining how a product can be useful, identifying the target price, finding a place to sell the product, and deciding how to promote it best exemplifies using",market research,positioning,marketing mix,segmenting,C,False,0.9800137,0.018519359,0.0004221336,0.0010447906
In golf what is one stroke overpar called?,eagle,bogey,dormy,birdie,B,True,0.00036759843,0.9977331,0.00073105673,0.0011682253
What actress starred on 'Charlie's Angels' for the show's entire run?,Cheryl Ladd,Farrah Fawcett,Jaclyn Smith,Kate Jackson,C,False,0.002965541,0.96132207,0.0066829496,0.029029412
If you are watching a Shavian play who is the author?,Shakespeare,Aeschylus,George Bernard Shaw,Anton Chekhov,C,True,0.00049682247,0.010295712,0.9865633,0.0026441575
In which of these sports do competitors use a 'funny car'?,supercross,dogsledding,gymnastics,drag racing,D,True,0.000115668096,0.0011682063,0.00099922,0.9977169
The TV show 'House of Style' airs on what network?,E,WB,MTV,Home Shopping Network,C,True,0.00029511203,0.0021135095,0.9968495,0.0007419116
By what nickname is the Federal National Mortgage Association known?,Morty,FEMA,Freddie Mac,Fannie Mae,B,False,0.00029353064,0.005042877,0.003155752,0.99150777
In computer terminology what does the acronym 'ISP' stand for?,Individual Site Privacy,Investment Stability Plan,Internal Security Position,Internet Service Provider,D,True,1.4734811e-05,0.00016344275,0.00011957728,0.9997023
Which of these television series was not set in the United States?,Picket Fences',M*A*S*H',Northern Exposure',The Paper Chase',B,False,0.050217204,0.24717775,0.44758105,0.25502402
What day of the week is sometimes called 'hump day'?,Wednesday,Thursday,Friday,Saturday,A,True,0.37077323,0.2629176,0.13428517,0.23202397
Which of the following figures is a contemporary installation artist who uses image projection and videos?,Bill Viola,Betye Saar,Damien Hirst,Rachel Whiteread,A,True,0.85228443,0.08706634,0.022013817,0.03863545
Scientists believe that a worldwide catastrophic event occurred during the late Cretaceous period and that this event likely caused which of the following?,The movement of aquatic animals onto land,The sudden demise of the dinosaurs,The emergence of Homo sapiens on the grasslands of Africa,The first appearance of mammals,B,True,0.001040524,0.99138147,0.0014001781,0.006177875
"According to Article III, Section 1, of the United States Constitution, judges ""shall hold their offices during good behavior..."" A consequence of this clause is that:",Congress cannot remove federal judges from office,federal judges have political independence to fulfill their duties,the president has no influence over the composition of the Supreme Court,federal judges lack opportunity for advancement or promotion,B,True,0.057817888,0.9331334,0.0050520706,0.003996517
How many cups of coffee were consumed in the United States in the past week (as of 2013)?,300 million cups per week,1 billion cups per week,3 billion cups per week,9 billion cups per week,C,False,0.115655355,0.68667746,0.08201193,0.115655355
In what city would you find people studying art and design at the Fashion Institute of Technology?,Paris,New York,Los Angeles,Melbourne,B,True,0.00032492037,0.9993198,0.00019707417,0.00015835353
What is the traditional 20th wedding anniversary gift?,paper,leather,china,silver,C,False,0.00027225693,0.0006738424,0.004677393,0.99437654
"Many employers rely on temporary workers to provide flexibility in times of fluctuating need. However, an important consideration in hiring temporary workers is that they",are often less experienced and less committed to the job than full-time employees,are limited to 30 days on the job before they must be offered a permanent position,must be offered health care and other benefits like regular full-time employees,are required to receive pay equal to that of regular full-time employees doing the same job,A,False,0.07697997,0.44298917,0.20281522,0.27721554
Someone would most likely contract salmonella poisoning from eating which of the following?,carrots,chicken,tofu,rice,B,True,0.0011030311,0.9872635,0.01030302,0.0013305095
Amps are a unit of measurement of what?,electric charge,electric current,electric field strength,electric potential,B,True,0.012382725,0.953417,0.0287907,0.005409612
The maximum depth that plant roots can readily penetrate without encountering a restrictive soil layer is referred to as the,effective depth,depth to the subsoil,depth to a parent material,O horizon,A,False,0.022170823,0.831954,0.11259273,0.033282347
How much more electrical energy will the United States need to generate if everyone drives electric cars?,2*10^19 J,2*10^21 J,2*10^23 J,2*10^25 J,A,False,0.07045684,0.5717777,0.15389188,0.20387362
Which of the following must be obtained by foreigners wishing to permanently reside in the US?,visa,bill of landing,driver's license,carte blanche,A,True,0.9932656,0.0050518177,0.0003229519,0.0013596782
What is the largest moon in the Solar System?,Ganymede,The Earth's Moon,Pluto,Europa,A,False,0.0012012054,0.9943363,0.0025429516,0.0019195207
Islam first spread to Indonesia through,military conquest by the Mughal empire,mass migrations of African Muslims across the Indian Ocean,Dutch colonization in the 18th century,increased commercial contacts with Indian and Arab merchants,D,False,0.00073718664,0.9600264,0.019311694,0.019924711
Which of these is not a city in the state of New York?,Perskippity,Kerhonkson,Schenectady,Lackawanna,A,False,0.03296104,0.17270349,0.0895974,0.7047381
In the original 'Get Smart' TV series what is agent Maxwell Smart's code name?,Agent 86,Agent 99,Larrabee,The Chief,A,False,0.041374635,0.94168234,0.0061497902,0.010793218
In horse racing what is the term for a wager on the 1st 2nd and 3rd place finishers in a specific race?,triple action,trifecta,exacta,triple crown,B,True,0.0006423824,0.86311984,0.13236372,0.0038740619
What principle explains why cold food warms up and hot food cools off when stored at room temperature?,entropy,chemical equilibrium,momentum,relativity,A,True,0.99121374,0.008575679,0.00014079578,6.969897e-05
How much does our highway gas mileage decrease in a heavy rain?,About 0.1%,About 2%,About 10%,About 50%,C,False,0.0702874,0.3459667,0.23777921,0.3459667
"What quantity of oxygen, O_2 , contains very nearly the same number of molecules as 36.0 grams of water, H_2O ?",64.0 grams,32.0 grams,16.0 grams,8.0 grams,A,False,0.016542802,0.7487843,0.104553714,0.1301192
The loss of water in the form of vapor from plants is referred to as the,transpiration,respiration,oxidation,condensation,A,False,0.10155802,0.039770693,0.008336389,0.8503349
"In a holistic evaluation of student essays, evaluations are made on the basis of the",number and variety of errors made by each student,average sentence length and the complexity demonstrated in each essay,ability of each student to communicate in a variety of discourse modes,overall quality of each student's essay in relation to the topic,D,False,0.0007060256,0.03795006,0.94863224,0.012711679
Which of the following scenarios does not include a producer?,Direct selling,Reverse channels,Indirect channels,Dual distribution,B,True,0.2763566,0.47009847,0.13468547,0.11885951
In soccer which player is allowed to use his or her hands in the field of play?,midfielder,center,sweeper,goalkeeper,D,True,0.0005187142,0.00089625776,0.0002412245,0.9983438
As of 1999 which state has the most Girl Scouts?,California,Illinois,New York,Pennsylvania,D,True,0.015657565,0.013817753,0.03162915,0.9388955
In the 1992 animated film 'Aladdin' what device does the hero use to travel from place to place?,talking car,winged horse,magic carpet,hot air balloon,C,True,0.00022214597,0.004191587,0.9940917,0.0014945563
Which one of these World War II leaders was not at the Yalta Conference?,Stalin,Mussolini,Churchill,Roosevelt,B,True,0.084227934,0.4697857,0.17831054,0.26767582
What is the technical term for the offspring of a female donkey and a male horse?,burro,dorse,hinny,honker,C,True,0.0002901182,0.0027525646,0.99541336,0.0015440489
The atmospheric concentration of which of the following gases is most likely to be directly affected by widespread deforestation?,Carbon dioxide,Ozone,Nitrous oxide,Argon,A,True,0.9705202,0.008396645,0.020781895,0.00030110605
Which of the following words does not appear in the Lewis Carroll poem 'Jabberwocky'?,brillig,bandersnatch,wabe,grelp,D,True,0.110426806,0.30969962,0.20630445,0.37356907
What is the final word of the Pledge of Allegiance?,America,stands,indivisible,all,D,False,0.029925272,0.011358352,0.91651493,0.0422014
Which of the following is a sports award?,Oscar,Emmy,Nobel,Espy,D,True,0.00026372573,0.0029713889,0.0029713889,0.9937935
What term is used to describe a group of fish?,Knot,Drape,School,Gaggle,C,True,7.478485e-05,0.0006665502,0.9991053,0.00015344856
"Assume that the marginal propensity to consume increased from 0.75 in year 1 to 0.80 in year 2. Based on this information, which of the following is a correct conclusion?","In year 1, a $100 billion increase in government spending would have increased real output by a maximum of $75 billion.","From year 1 to year 2, the spending multiplier increased from 4 to 5.",A given change in government spending would have had a more powerful effect in year 1 than in year 2.,The marginal propensity to save increased from year 1 to year 2.,B,True,0.2767339,0.47074023,0.16268347,0.08984235
At the equator how fast is the earth's surface turning?,about 100 miles per hour,about 500 miles per hour,about 1000 miles per hour,about 2000 miles per hour,C,False,0.117436245,0.4363286,0.15557775,0.2906575
Which of the following components is present in both pneumatic and hydraulic systems?,Exhaust,Reservoir,Compressor,Control value,D,False,0.019519823,0.72111994,0.21992916,0.039431125
The primary purpose of antitrust laws is to,help businesses that are in financial trouble,encourage business investment,prevent business behavior that hampers competition,establish trust between government and businesses,C,True,3.371169e-05,0.0005191639,0.9992094,0.00023769056
How many pairs of chromosomes are in the genome of a typical person?,1,23,88,7921,B,True,0.00025304966,0.9993254,0.00025304966,0.0001685674
"What was the acronym for the first computer, made back in 1946?",ENIAC,CASD,CNAC,CSREN,A,True,0.99337703,0.005725102,0.00064233853,0.00025550465
"When a gas turns into a liquid, the process is called",condensation,evaporation,deposition,sublimation,A,False,0.028781079,0.43636027,0.008507671,0.526351
Which of the following types of stress dominates at divergent boundaries?,Compressional,Left-lateral shear,Right-lateral shear,Tensional,D,False,0.01790205,0.9182001,0.033445437,0.030452413
Which of the following terms refers to pottery that has not been bisque fired?,Raku,Greenware,Terracotta,Stoneware,B,True,0.46032682,0.5055701,0.0222132,0.011889869
In what year did the Great Depression begin?,1884,1929,1953,1975,B,True,0.00026105912,0.9992366,0.00015108942,0.00035129342
Cheddar cheese got its name from a village in what country?,England,France,Switzerland,Denmark,A,False,0.003944983,0.8789206,0.11174222,0.005392152
Who is the mythological Roman goddess of flowers?,Diana,Echo,Flora,Niobe,C,True,0.00011763532,0.00051098457,0.9989543,0.00041705344
According to legend if you give someone the 'evil eye' what are you doing?,cursing them,blessing a child,counting money,passing time,A,False,0.14703965,0.6000136,0.18015677,0.07278991
"Which of these rivers flows""through France?",Volga,Seine,Mekong,Allegheny,B,True,0.00054347096,0.9980925,0.00056072255,0.00080319797
What condition is caused by malfunctioning sebaceous glands?,bad breath,shingles,acne,carpal tunnel syndrome,C,True,0.00017927257,0.0010981775,0.998398,0.00032462066
What was the name of Huey Lewis band?,The News,The Attractions,The Silver Bullet Band,Louie and Dewey,A,False,0.00032781143,0.0053739236,0.99258065,0.0017176091
What high school does the gang from the 'Archie' comic strip attend?,Ridgemont High,Riverdale High,Rumson High,Riker's Island High,B,True,0.011567912,0.9782204,0.0054642945,0.004747461
Cheese is a necessary ingredient in which of these dishes?,sushi,french fries,veal parmigiano,chicken pot pie,C,True,0.000366,0.00432161,0.9933947,0.0019177028
What city's airport uses the code ORD?,Chicago,Orlando,New York City,Portland,A,True,0.5699601,0.2451368,0.16847989,0.016423142
Which of the following digital camera settings can be used to keep colors accurate under a variety of light conditions?,White balance,Aperture,ISO speed,Shutter speed,A,True,0.75990075,0.1749391,0.06237645,0.0027837886
At what speed will a sedan flip over when it slides sideways into a curb?,10 mph,20 mph,40 mph,80 mpg,B,False,0.006236698,0.13757935,0.76735604,0.08882791
"The intention of making traditional, saleable art objects was abandoned by",Impressionists,Pop artists,Abstract Expressionists,Conceptual artists,D,True,0.018452557,0.27115834,0.13634697,0.5740422
Which of these popular games relies on bluffing?,Outburst,Balderdash,Pictionary,Scattergories,B,True,0.0024736274,0.98246104,0.003078479,0.011986855
What sport is featured in the 1996 movie 'Kingpin'?,wrestling,golf,chess,bowling,D,True,0.00012612659,0.008842156,0.0004613519,0.9905703
Which of the following is an example of a chemical change?,Tearing up a piece of paper,Melting ice,Mixing vinegar with baking soda,Filling a balloon with air,C,True,0.0036530644,0.09421377,0.8663737,0.035759512
Soil structure refers to which of the following?,Arrangement of soil particles,"Proportion of sand, silt, and clay",Organic composition,Profile depth,A,True,0.98431706,0.014486223,0.00079211243,0.00040457144
"At the border of two countries there is a port where fishermen work. The fishermen do not speak the same language, so they communicate using one that has been invented by them for the purpose of trade. The scenario above most accurately describes which of the following types of language?",A dialect,A creole,A pidgin,A regionalism,C,False,0.0034211862,0.97871196,0.016839668,0.0010272264
"With what would you use a""wah-wah pedal?",bicycle,stock car,electric guitar,baby,C,True,9.748677e-05,0.000969317,0.9985821,0.00035106335
Who is the career hit leader among players never elected to Baseball's Hall of Fame?,Steve Garvey,Jim Rice,Pete Rose,Ken Griffey Jr,C,True,0.0030681016,0.015581105,0.9639688,0.017381977
Which of these is not one of the official languages of the United Nations?,Japanese,English,Russian,Spanish,A,True,0.45517004,0.3657394,0.07430447,0.10478609
What people ruled the Andes Mountains until they were conquered by the Spanish in 1532?,Pueblo,Aztec,Inca,Apache,C,True,9.454219e-05,0.00049536565,0.999161,0.00024908548
Which of these organizations is not part of the US government?,NAACP,NASA,CIA,FBI,A,False,0.3985976,0.46600783,0.094675235,0.040719308
Which of these men has never been a head coach in the NFL?,Dick Vermeil,Bill Parcells,Chuck Noll,Pat Riley,D,True,0.06587229,0.22991687,0.13516115,0.5690497
Which of these is not a style of shoe?,gingham,brogan,espadrille,docksider,A,False,0.12484645,0.46386084,0.17064486,0.24064784
Which of these words means 'yes'-in French?,qui,oui,ja,okey-dokey,B,True,0.0007539533,0.99732345,0.0009988259,0.0009237629
Which of these sounds is commonly associated with owls?,chirp,bark,growl,hoot,D,True,0.00018485684,0.0011502178,0.0008415174,0.9978235
What do the initials 'E E' in poet E E Cummings' name stand for?,Edward Estlin,Edmund Earl,Ernest Eakins,Eugene Evan,A,False,0.1287424,0.47092015,0.36675298,0.03358446
"The true length of a block of wood is 1.010 cm. Three measurements of this block produced the following values: 1.4 cm, 1.2 cm, and 0.9 cm. Which of the following statements is true concerning these measurements?",They are precise and accurate.,They are precise but not accurate.,They are accurate but not precise.,They are neither precise nor accurate.,D,True,0.022374885,0.24818866,0.18734264,0.5420939
What is the medical term for a doctor's identification of a disease?,Hypnosis,Prognosis,Trichinosis,Diagnosis,D,True,6.809617e-05,0.000687747,8.3433166e-05,0.99916077
Gerry Adams is the president of what organization?,Greenpeace,NASCAR,Sinn Fein,PLO,C,True,0.00011553598,0.0019849164,0.9965773,0.0013222393
What was the birth name of civil rights leader Malcolm?,Michael Brown,Malcolm Little,Malcolm Lincoln,Michael Lloyd,B,True,0.00080362527,0.9986235,0.00047986658,9.302638e-05
Which of the following dental topics is developmentally appropriate for toddlers?,Growth of permanent teeth,Correct use of incisors while eating,Correct toothbrushing technique,Evolution of the human tooth,C,True,0.039036147,0.2884403,0.5559832,0.11654041
What topic does Spin magazine primarily cover?,politics,washing machines,books,music,D,True,1.8916999e-05,0.0003199568,0.00011057411,0.9995505
What is the name of Raggedy Ann's doll brother?,Red,Freckles,Randy,Andy,D,True,0.01204338,0.055688024,0.06116133,0.8711073
Which of the following tools is LEAST likely to be used in the process of creating a wood sculpture?,A rasp,A gouge,A lathe,An extruder,D,False,0.23403294,0.3624773,0.17665733,0.22683251
What exercise apparatus is used during a 'Spinning' class?,stationary bicycle,treadmill,rowing machine,barbells,A,True,0.9957683,0.0037053013,0.00044950406,7.690107e-05
In the 1976 remake of the classic film 'KingKong' what New York landmark does the giant ape climb?,Statue of Liberty,Empire State Building,World Trade Center,Chrysler Building,C,False,0.011250201,0.98155296,0.004838651,0.0023581702
Which of these items is useful for removing ink stains?,baking soda,nail polish,hair spray,butter,C,False,0.014488386,0.05136579,0.42341268,0.5107332
How much angular momentum did Hurricane Florence have when it hit land?,L = 10^16 kg * m^2 / s,L = 10^19 kg * m^2 / s,L = 10^22 kg * m^2 / s,L = 10^25 kg * m^2 / s,B,False,0.05931681,0.2576605,0.3308426,0.35218012
Which of the following responsibilities of a human resources manager would have the most negative impact on a company if performed incorrectly?,Recruiting and hiring new employees,Providing professional development opportunities for employees,Ensuring company compliance with laws and regulations,Filing employee compensation and benefits forms,C,True,0.048519075,0.093522966,0.8335611,0.024396922
A car-manufacturing factory is considering a new site for its next plant. Which of the following would community planners be most concerned with before allowing the plant to be built?,The amount of materials stored in the plant,The hours of operations of the new plant,The effect the plant will have on the environment,The work environment for the employees at the plant,C,True,0.00031375204,0.0030712902,0.99560213,0.001012804
What team has won the most World Series?,Chicago Cubs,Los Angeles Dodgers,New York Yankees,San Francisco Giants,C,True,0.00056178763,0.0069517517,0.98448503,0.008001417
What is the name of the Newtonian law that states 'An object in Motion tends to stay in motion'?,Law of Inertia,Law of Thermodynamics,Law of Relativity,Law of Gravitation,A,False,0.0010248269,0.005897472,0.0012754177,0.9918023
Who was the WNBA's Most Valuable Player of 1999?,Rebecca Lobo,Sheryl Swoopes,Lisa Leslie,Yolanda Griffith,D,False,0.0013363664,0.27969626,0.71422946,0.0047378303
Ada Lovelace is credited with being the first person to have made what?,a computer program,a souffle,a brassiere,a mystery novel,A,True,0.49978837,0.17820503,0.02819613,0.29381043
Which of the following is true of a profitmaximizing firm in the short run?,The firm will shut down to minimize losses if product price falls below average total cost.,The firm will shut down if marginal revenue equals marginal cost but exceeds average variable cost.,"The firm will continue to produce as long as total revenue exceeds total variable cost, even if it incurs loss.",The firm will continue to produce as long as average variable cost is less than average fixed cost.,C,True,0.07944035,0.35602692,0.39101908,0.17351367
From 1971 to 1997 the Democratic Republic of Congo was known as what?,Zaire,Angola,Rhodesia,Belgian Congo,A,False,0.0024909743,0.0186958,0.019901576,0.95891166
What is New Mexico's nickname?,The Desert State',Gateway to Paradise',Land of Enchantment',The Garden State',C,True,0.000119324905,0.0017534667,0.9975924,0.0005347771
A kindergarten teacher sets up a literacy center with an activity that asks students to match pictures of objects with pictures of letters to correctly indicate the beginning sound. Which of the following is the teacher trying to develop in students through the center?,Phonics,Vocabulary,Letter recognition,Phonemic awareness,D,False,0.430439,0.14875574,0.0036094505,0.41719577
Which of the following is the best description of a consumer checking account?,An asset for the consumer and a liability for the bank,A liability for the consumer and an asset for the bank,An asset for both the consumer and the bank,A liability for both the consumer and the bank,A,False,0.18612505,0.64964026,0.0706451,0.09358956
What was the name of the first nuclear-powered submarine?,Nautilus,Neptune,Nordenfelt III,Nicholas,A,True,0.6525594,0.21185501,0.047271248,0.08831431
What is Andromeda?,The nearest major galaxy to the Milky Way,A bacteria that can cause death,An array of radio telescopes,An element of the Periodic Table,A,False,0.14014734,0.41840267,0.21038608,0.2310639
Which of these is not one of superhero Captain Marvel's abilities?,the power of Apollo,the strength of Hercules,the courage of Achilles,the wisdom of Solomon,A,False,0.052944582,0.22290501,0.23728114,0.4868693
Which of these animals is a rodent?,Bat,Wolverine,Beaver,Koala,C,True,0.007071856,0.06815251,0.85662305,0.06815251
Which two planets are most similar in size diameter wise?,Mars and Mercury,Venus and Earth,Uranus and Neptune,Jupiter and Saturn,B,True,0.00536927,0.99172115,0.0018847911,0.0010247431
Which of these stores is not owned by Gap Inc?,Gap,Banana Republic,Old Navy,J Crew,D,True,0.05725348,0.24869779,0.15084283,0.5432059
What is the largest city in Pennsylvania?,Philadelphia,Stewartsville,Harrisburg,Pittsburgh,A,False,0.0012683682,0.018065087,0.024692046,0.95597446
A prekindergarten teacher uses a basket of red and yellow apples to reinforce concepts during a mathematics lesson. Which of the following tasks is best targeted at teaching students to compare quantities?,Having students count all the apples in the basket,Having students put one apple in the middle of the place mat on their desks,Having students make a Venn diagram for the color of the apples,Having students determine whether the numbers of red and yellow apples are equal,D,False,0.011965147,0.17041694,0.40880898,0.40880898
