0,1,2,3,4,5,MOSS-7B-A800-500_correct,MOSS-7B-A800-500_choiceA_probs,MOSS-7B-A800-500_choiceB_probs,MOSS-7B-A800-500_choiceC_probs,MOSS-7B-A800-500_choiceD_probs
An important source of information on the credit rating of retail businesses is,the Retail Merchants Association,the local chamber of commerce,"Dun & Bradstreet, Inc.",the United States Retail Credit Association,C,True,0.0040049716,0.016089413,0.964791,0.015114605
"In preparation for a writing unit on short stories, a teacher presents students with several examples of short stories and works with them to identify defining characteristics of the genre. Which of the following best describes this instructional strategy?",Conferencing,Discipline-based inquiry,Self-Regulated Strategy Development,Introduction-Body-Conclusion strategy,B,False,0.4488706,0.4350603,0.075602144,0.040466916
Paper will burn at approximately what temperature in Fahrenheit?,986 degrees,2125 degrees,3985 degrees,451 degrees,D,True,0.06569275,0.2440782,0.122730225,0.5674988
The Apple iMac computer is available in all of the following colors except which?,Tangerine,Strawberry,Kiwi,Grape,C,False,0.19412681,0.28245282,0.21320659,0.31021374
What were the first names of the early American explorers Lewisand Clark?,Morgan and Mason,Meriwether and William,Cabot and Joseph,Meredith and George,B,True,0.014778468,0.9732795,0.005971041,0.005971041
"A teacher provides support for small, flexible groups of beginning readers. As students read a text or a book that is unfamiliar to them, the teacher works with the students to teach them how to use a variety of reading strategies. Which of the following reading approaches is described?",Direct instruction,Literature circle,Guided reading,Read-aloud,C,False,0.014587189,0.6106468,0.34793606,0.026829947
What is varicella?,a fancy pasta,a type of opera,the chicken pox virus,ancient Roman poetry,C,True,0.0015120126,0.0064660576,0.9901106,0.0019113631
Which of the following materials has a resistance that is LEAST affected by temperature changes?,Copper,Carbon,Germanium,Silicon,A,True,0.3548026,0.17840596,0.25159273,0.21519867
A second-year college student is usually called a what?,sophomore,senior,freshman,junior,A,True,0.5993268,0.021830477,0.37504914,0.003793568
In the film 'The Talented Mr Ripley' who plays Mr Ripley?,Jude Law,Matt Damon,Dustin Hoffman,Ben Affleck,B,True,0.21561806,0.75258094,0.02202677,0.00977432
A hard-edge painting is most likely to be characterized by,"an even, solid paint application",blurry color mixed on the painting's surface,scratchy brush marks clearly separated,translucent multiple layers of paint,A,True,0.87155366,0.067207,0.044769514,0.016469784
Who was president of the United States when Bill Clinton was born?,Herbert Hoover,Harry S Truman,Franklin Roosevelt,Dwight Eisenhower,B,False,0.14850387,0.26890576,0.34528184,0.23730852
Which of the following lists includes minerals only?,"Granite, gabbro, diorite, quartz, feldspar","Gold, quartz, topaz, diamond, corundum","Gneiss, schist, phyllite, chlorite, mica","Coal, chert, limestone, dolomite, halite",B,False,0.5514112,0.18469962,0.20929208,0.054597106
Which of the following is a likely outcome of the development and use of genetically modified plants?,Reduced cost of plant seeds,New plant varieties being patented,Increased genetic diversity within a planted field,Less oversight and fewer regulations than for unmodified crops,B,True,0.029425088,0.8334699,0.03440141,0.102703646
"A teacher reads aloud Where the Wild Things Are, a picture storybook in which a boy named Max encounters wild monsters that are vividly portrayed. The teacher then shows the students picture cards depicting scenes from the beginning, middle, and end of the story. Which of the following concepts of literary structure is the teacher helping students understand?",Plot sequence,Point of view,Character development,Setting,A,True,0.94985604,0.036829915,0.008090459,0.0052235923
"Which movie popularized the phrase ""You talkin' to me?""",Ghost Busters,Taxi Driver,Joker,Groundhog Day,B,True,0.0072547453,0.9803462,0.0072547453,0.0051443847
Which of the following most likely indicates the presence of water in the hydraulic system in a piece of farm machinery?,"A grayish, milky fluid",Excessive fluid use,Excessive thinning of the fluid,A noisy relief valve,A,True,0.6506965,0.20475073,0.10295514,0.041597635
What animal represents the year 2000 on the Chinese calendar?,dragon,rabbit,tiger,monkey,A,False,0.21153401,0.6315239,0.1097424,0.047199618
Which of the following is part of a farm combine?,Beater,Conditioner,Seed plate,Furrow opener,A,False,0.24322835,0.365129,0.20804425,0.18359838
According to legend in what country are you most likely to meet a leprechaun?,Ireland,Poland,Greenland,Scotland,A,True,0.96110564,0.021907616,0.0048882496,0.012098535
During which of the following processes within the hydrologic cycle do water molecules absorb energy?,Formation of ice from water,Formation of a cloud from water vapor,Runoff along the land surface,Evaporation from the ocean surface,D,False,0.008712426,0.9460073,0.018444205,0.026836162
What French city is home to a famous international film festival each spring?,Cannes,Marseille,Dijon,Lyon,A,True,0.9316877,0.024828637,0.039676048,0.0038075948
What do you call three consecutive strikes in bowling?,yahtzee,mulligan,turkey,ace,C,True,0.025854243,0.08884113,0.57033545,0.31496915
Which of the boys on the TV show 'My Three Sons' is adopted?,Mike,Ernie,Chip,Robbie,B,True,0.16255973,0.41511083,0.16255973,0.25976974
Which of these horror films spawned the most sequels?,Scream',Jaws',Halloween',Friday the 13th',D,False,0.18357307,0.35384634,0.1301728,0.3324079
What is the name of the female character played by comedian Flip Wilson on his 1970s TV show?,Miss Jackie,Elizabeth Sanford,Geraldine Jones,Gladys Knight,C,True,0.024404082,0.024404082,0.94482565,0.0063661854
What kind of animal is a peregrine?,moose,cat,bird,fish,C,True,0.009147774,0.021944372,0.9627181,0.006189694
What part of the human body does a gastroenterologist examine?,Brain,Skeleton,Stomach,Nose,C,True,0.005919274,0.035144348,0.93515646,0.023779856
A piece of paper that appears blue in sunlight is illuminated solely by a red light that is passed through a green filter. What color does the paper appear under this illumination?,Blue,Green,Red,Black,D,True,0.21470669,0.23580916,0.19549267,0.35399148
Meat should be kept frozen at what temperature in degrees Fahrenheit?,0 degrees or below,between 10 and 20 degrees,between 20 and 30 degrees,just below 32 degrees,A,True,0.72825783,0.07919437,0.108245865,0.08430196
What kind of animal is cartoon character Tennessee Tuxedo?,cat,skunk,walrus,penguin,D,False,0.20567101,0.32866132,0.13700642,0.32866132
What US president is mentioned by name in the opening theme song of TV's 'All in the Family'?,Calvin Coolidge,Harry Truman,Herbert Hoover,Richard Nixon,C,False,0.112995245,0.4985584,0.07645641,0.3119899
What is the heaviest confirmed noble gas?,Xenon,Argon,Radon,Krypton,C,True,0.07720278,0.033204503,0.7919993,0.09759346
How many moles of HCl must be added to sufficient water to form 3 liters of a 2 M HCI solution?,1 mol,2 mol,3 mol,6 mol,D,False,0.13581406,0.4316162,0.27867237,0.1538975
Who led the 1831 slave insurrection in SouthamptonVirginia?,John Brown,Dred Scott,Nat Turner,Harriet Tubman,C,True,0.002976504,0.010552622,0.9800704,0.0064004892
For what purpose would you use an awl?,to shoot ducks,to polish floors,to make holes,to weigh fruit,C,True,0.009167158,0.02033823,0.96475804,0.005736661
Which of these bones is located in the wrist?,Patella,Humerus,Carpals,Coccyx,C,True,0.018353846,0.079725474,0.73314184,0.16877884
What do you call a young cow?,mare,lamb,kid,calf,D,True,0.030045033,0.37764227,0.059751682,0.53256094
Which of these is an Italian Design firm?,Escada,Fendi,Ghost,Mainbocher,B,True,0.06614122,0.805765,0.07494782,0.053145964
Operant conditioning would be most useful for,determining whether a toddler is securely attached,increasing on-task behavior in the classroom,measuring a dependent variable,preventing anterograde amnesia,B,True,0.0057060085,0.91565967,0.0642894,0.014344904
Which of these countries was not a member of the Axis alliance during World War II?,Germany,Italy,Spain,Japan,C,True,0.071008965,0.11347201,0.7399304,0.07558865
The demand for labor is called derived demand because it is,dependent on the demand for the final product that the labor is used to produce,inversely related to the wage rate,dependent on the availability of capital goods,directly related to the marginal utility of working,A,False,0.2993961,0.67469954,0.013154547,0.012749824
Which of the following actions is most important before removing the blade from a gas-powered lawn mower?,Adjusting the wheels to their highest level,Removing the spark plug,Emptying the gas tank,Removing the air filter,B,True,0.12606096,0.45396295,0.3535467,0.06642946
Which of the following is a force that is most responsible for causing a fixed-wing aircraft to move forward?,Lift,Drag,Thrust,Weight,C,True,0.020049423,0.038646273,0.9363135,0.004990696
Which of the following heavenly bodies have never had a spacecraft landed on it?,Venus,Mars,The Moon,Jupiter,D,False,0.24932654,0.330304,0.2003395,0.22002989
The labor force primarily consists of all,employed workers under the age of 16,persons classified as unemployed or employed,persons who are employed as full-time workers,"unemployed, employed, and discouraged workers",B,True,0.014473897,0.9682321,0.008917109,0.008376849
Which of the following is an example of persuasive speech?,A campaign manager's introduction of a mayoral candidate,A professor's lecture on the structure of the heart,A company president's yearly sales report,A tour guide's discussion of an art museum installation,A,True,0.8479692,0.09221237,0.034999866,0.024818623
What is the name of the POW camp where 'Hogan's Heroes' are held?,Stalag 13,Alcatraz 17,Devil's Island,Leavenworth,A,True,0.86675435,0.08317989,0.03808253,0.0119832
Which value is the most reasonable estimate of the volume of air an adult breathes in one day?,100 liters,"1,000 liters","10,000 liters","100,000 liters",C,False,0.2741549,0.26572004,0.26572004,0.19440494
What is a Dutch oven?,a toaster oven,a microwave,a kettle pot,a sauna,C,True,0.026402527,0.040259045,0.91629165,0.017046751
What does it mean to work 'probono'?,work overtime,work without pay,work as your own boss,not work at all,B,True,0.0019206818,0.9949378,0.0019206818,0.0012208596
What is the largest animal ever to live on Earth?,blue whale,giant squid,woolly mammoth,Tyrannosaurus,A,False,0.2717798,0.293864,0.30796686,0.12638934
Which of these is not a Hindudeity?,Shiva,Vishnu,Sanskrit,Brahma,C,False,0.19832613,0.35912222,0.21781863,0.22473295
What kind of angle is formed where two perpendicular lines meet?,obtuse,acute,right,invisible,C,True,0.10975315,0.34338722,0.40146035,0.1453993
The nineteenth-century photographic process used to create a daguerreotype was notable for its,quick exposure time,ability to capture sharp detail,capacity to be reproduced multiple times,use of paper negatives,B,True,0.13816364,0.49754637,0.2663174,0.09797269
A business teacher has students analyze a scenario in which a few firms in the gas industry produce a homogeneous product and dominate the market. This situation would primarily produce a market structure representative of,an oligopoly,a pure monopoly,monopolistic competition,pure competition,A,True,0.6132445,0.24777317,0.10328722,0.03569511
In traditional English puppet shows who is married to the character Punch?,Debbie,Victoria,Judy,Barbara,C,False,0.2647557,0.39744538,0.21273719,0.12506174
In what sport do athletes compete for the Walker Cup?,cricket,tennis,squash,golf,D,True,0.09094774,0.16468509,0.05101706,0.69335014
A pita is a type of what?,Fresh Fruit,flat bread,French tart,fried bean dip,B,True,0.008479557,0.9801035,0.008748726,0.002668211
What is the oldest permanent European settlement in the United States?,St Augustine Florida,Plymouth Massachusetts,Newport News Virginia,Charlotte North Carolina,B,True,0.13495454,0.852939,0.009475296,0.002631195
"As seen from Earth, the Moon goes through a series of phases due to changes in which of the following?",The amount of the Moon's surface that is in Earth's shadow,The amount of the illuminated side of the Moon that can be seen from Earth,The part of the Moon that faces Earth as the Moon rotates on its axis,The tilt of the Moon on its axis,B,True,0.18114887,0.6730497,0.124501675,0.021299725
In which of the following fields did Islamic civilization most influence Europeans at the time of the Crusades?,Music,Theology,Mathematics,Law,C,True,0.087869115,0.32647336,0.50565183,0.080005735
Which of the following is not a flavor of Ben & Jerry's Ice Cream?,Wavy Gravy,Bovinity Divinity,Cutie Patootie,Chubby Hubby,C,False,0.18689446,0.3956556,0.21850179,0.19894813
Which of the following terms refers to the use of distortion to create the illusion of an object extending into space?,Cantilevering,Contrapposto,Sfumato,Foreshortening,D,True,0.007164098,0.055476367,0.013595069,0.92376447
How much energy do Americans waste each year by throwing out the unused ice in their drinks?,6*10^8 J,6*10^11 J,6*10^14 J,6*10^17 J,C,False,0.22734337,0.48128593,0.17705521,0.11431543
Who wrote 'A Tale of Two Cities'?,Charles Dickens,Nathaniel Hawthorne,Washington Irving,Mark Twain,A,True,0.89900273,0.07152421,0.02395761,0.005515355
What is your astrological sign if you were born on Halloween?,Scorpio,Capricorn,Libra,Cancer,A,False,0.24038197,0.3608561,0.19315235,0.2056096
In an adult human how long is the large intestine?,one foot,five feet,twelve feet,twenty feet,B,False,0.10104959,0.32113492,0.36389354,0.21392196
The purpose of an amicus curiae brief is to,influence the outcome of a Supreme Court case,explain the reasoning of a Supreme Court decision,request a writ of habeas corpus from the Supreme Court,order a party to comply with a Supreme Court decision,A,True,0.9384507,0.038734484,0.01773394,0.0050808587
What are the names of the two primary M&M's spokes-candies?,Peanut and Plain,Red and Yellow,Mort and Marty,They don't have names,B,True,0.022018146,0.96595466,0.0067151547,0.0053121243
The accumulation of stress along the boundaries of lithospheric plates results in which of the following?,Earthquakes,Magnetic reversals,Hurricanes,Increased deposition of deep-sea sediments,A,True,0.9240677,0.055494577,0.013599531,0.0068382737
In bowling how many pins must you knock down to get a strike?,zero,8,10,12,C,False,0.34563726,0.4301525,0.15824427,0.065966025
Which of the following geometric shapes is most commonly used to give strength to the structure of truss bridges?,Circle,Triangle,Hexagon,Rectangle,B,True,0.01626083,0.9159934,0.060416315,0.0073293303
What kind of item is a ginsu?,radio,knife,toothbrush,martial arts weapon,B,True,0.02001109,0.96418834,0.009601426,0.0061991466
Which of these words is a synonym for 'perambulate'?,kiss,shout,stroll,heal,C,True,0.008200795,0.019982483,0.96281,0.009006811
"After a visit to a rescue squad, Ms. Espinosa asks her 3-year-old students to help her write a thank-you letter to the rescue squad employees. She records the students' responses on a large sheet of chart paper as the students share their ideas. While writing, Ms. Espinosa focuses the students' attention on several early literacy skills. Which of the following is the most appropriate focus for 3-year-old students?",Paraphrasing ideas,Spelling words correctly,Expressing speech in print,Capitalizing proper nouns,C,True,0.23054606,0.2234529,0.4584956,0.087505415
What's the third letter of the Greek alphabet?,delta,gamma,phi,theta,B,False,0.10622497,0.11666532,0.3885548,0.3885548
"A well on the side of a hill penetrates the water table at an elevation of 550 feet above sea level. If someone plans to drill on the top of the hill, where would the water table most likely be found?",The water table would be found at sea level.,The water table would be found at an elevation lower than 550 feet above sea level but above sea level.,The water table would be found at an elevation higher than 550 feet above sea level but many feet below the land surface.,"The water table would intersect with the land surface at the top of the hill, forming a spring.",C,False,0.031444237,0.07311004,0.05874557,0.8367001
Before he went into coaching Phil Jackson played for which of the following NBA teams?,Boston Celtics,Los Angeles Lakers,New York Knicks,Philadelphia 76ers,C,False,0.09341411,0.6091365,0.20403518,0.09341411
Old-fashioned steam engines were powered by coal transferred from the tender to the engine by human stokers using a shovel. What is the maximum power such an engine could attain?,6*10^3 W,6*10^5 W,6*10^7 W,6*10^11 W,B,True,0.19721022,0.55308974,0.15358748,0.09611259
People are supposed to drive on the left-hand side of the road in which country?,France,Italy,England,Germany,C,True,0.2651484,0.12922302,0.51108694,0.09454158
In the famous ballet 'The Nutcracker' who does the hero defeat?,Sugar Plum Fairy,Rat King,Snow Queen,Marzipan,B,True,0.15102032,0.7318235,0.08878026,0.028375877
An airplane's black box is usually what color?,black,white,orange,purple,C,False,0.86463076,0.082976095,0.040439323,0.01195384
Which of these sentences is written in the subjunctive?,I am not your man,I wish I were your man,Wherefore art your man?,Your man is where?,D,False,0.051593468,0.8863794,0.040181033,0.02184605
Which of the following terms refers to the process of using thick applications of paint?,Scumbling,Alla prima,Impasto,Frottage,C,True,0.016579887,0.06355721,0.9052312,0.014631699
What was Richard Nixon's middle name?,Michael,Milhous,Mortimer,Matthew,B,True,0.0058333715,0.9810222,0.009922898,0.0032214934
In what country did Pokemon originate?,France,Hungary,Japan,Canada,C,True,0.011151541,0.020833824,0.95786107,0.0101535935
What important food crop is grown in fields called paddies?,wheat,rye,corn,rice,D,True,0.00094835984,0.0032587827,0.003415175,0.99237764
A triad on a color wheel can be described as,three analogous colors,three colors equally spaced apart,three colors of equal value,a complementary set,B,True,0.055623174,0.6567805,0.08093123,0.20666514
Which of these famous baseball figures was once acquitted at court-martial for insubordination?,Abner Doubleday,Ty Cobb,Jackie Robinson,Billy Martin,C,False,0.15626357,0.49660465,0.11255244,0.23457943
Which of the following best describes an effect of the green revolution in the 1960s?,Increased varieties of each crop planted,Increased use of fertilizers,Decreased use of mechanization,Decreased use of pesticides,B,True,0.17798604,0.72629416,0.039714053,0.05600579
In what forest did Robin Hood live?,Black Forest,Petrified Forest,Nottingham Forest,Sherwood Forest,D,True,0.00175856,0.010772485,0.017760826,0.9697082
If a piece of music is in 'common time' how many quarter notes are there per measure?,one,four,five,ten,B,True,0.23046431,0.70988005,0.041319974,0.018335627
Which of these countries does not participate in NAFTA?,United States,Canada,Mexico,Guatemala,D,True,0.11110344,0.14718814,0.12202326,0.61968523
President Abraham Lincoln's Emancipation Proclamation declared free only those slaves who,were living in the areas still in rebellion,were serving in the Union armies,were living in the border states,had escaped to Northern states,A,True,0.6546214,0.1372161,0.08322578,0.124936685
Which of the following terms refers to Archaic Greek statues whose poses‚Äîrigidly frontal with clenched fists‚Äîrecall the stance of ancient Egyptian statues?,Caryatids,Telamones,Discoboloi,Kouroi,D,False,0.0964044,0.18582435,0.3812868,0.3364844
In 1978 who became the youngest jockey ever to win horse racing's triple crown?,Jerry Bailey,Steve Cauthen,Willie Shoemaker,Pasquale Devito,B,True,0.054559384,0.8534524,0.048148487,0.043839697
What does the Latin phrase 'e pluribus unum' mean?,What a crazy life,In God we trust,from many one,for the greater good,C,True,0.003611081,0.004221781,0.9857297,0.006437448
In the United States what is the first day of spring?,21-Feb,21-Mar,21-Apr,21-May,B,True,0.078550465,0.70011264,0.15621625,0.06512062
Which of the following is an example of a concurrent power?,The printing and coining of money,The power to declare war,The process of naturalization,The levying of taxes,D,False,0.26576787,0.4664371,0.12553984,0.14225529
Which of these animals shares its name with a luxury car?,yak,gazelle,sloth,jaguar,D,True,0.09904316,0.18503697,0.19697084,0.51894903
Who were the Know-Nothings?,a '60's comedy troupe,computer designers,a political party,a spy ring,C,True,0.005483274,0.008492661,0.9816181,0.0044059344
Which of the following poses the greatest safety risk while being heated in a school laboratory?,A mixture of iron and sulfur,Mercury(II) oxide,Sodium chloride,Copper(II) sulfate hydrate,B,True,0.31459072,0.5186724,0.084670946,0.08206589
Who is the star of the TV show 'Everybody Loves Raymond'?,Ray Liotta,Ray Romano,Ray Parker Jr,Sugar Ray Leonard,B,True,0.002732245,0.9880652,0.0065543153,0.0026481827
In what sport do you find 'steel cage' matches?,boxing,fencing,pro wrestling,college basketball,C,True,0.012009993,0.014041105,0.9690964,0.004852476
Which of the following best helps explain why volcanoes tend to form along subduction zones?,Rock material carried deep below Earth's surface results in material melting and rising to the surface.,"Two plates pull away from each other, and magma oozes out.",The friction resulting from the collision of two continents causes rock to melt.,There is a row of hot spots at these boundaries.,A,False,0.1353507,0.82912356,0.018317726,0.01720791
How many sides does a rhombus have?,4,6,8,10,A,True,0.54515445,0.34114894,0.09774081,0.015955748
Which of the following degrees can be awarded by the local chapter of the FFA? I. Greenhand FFA Degree II. Chapter FFA Degree III. State FFA Degree IV. American FFA Degree,I only,II only,I and II only,"I , II , III , and IV",C,False,0.093046844,0.16848607,0.16848607,0.56998104
From whom does the Lutheran Church get its name?,Martin Luther King Jr,Martin Luther,Luther Vandross,Lex Luthor,B,True,0.0028395117,0.9952631,0.0013204956,0.0005768818
What is the only metal that is a liquid at normal atmospheric pressure and temperature?,lead,antimony,uranium,mercury,D,True,0.015852416,0.011780514,0.006818039,0.96554905
"Which of the following has provided the most information about the structure of Earth's core, mantle, and lower crust?",Measurement of the intensity and fluctuations of Earth's magnetic field,Examination of flowing lava,Collection of samples from deep boreholes drilled into Earth,Studies of the speeds and travel paths of seismic waves passing through Earth,D,True,0.042208407,0.047828387,0.16180137,0.7481619
"When the production of a good generates negative externalities, the private market will",overproduce the good relative to the socially optimal level of output,underproduce the good relative to the socially optimal level of output,compensate the third parties harmed by the negative externality,charge lower than the market equilibrium price to compensate for the externality,A,False,0.3568314,0.40434295,0.13973719,0.0990885
Some observers argue that a limitation of the official unemployment rate is that it understates the true unemployment level because it fails to include which of the following?,New entrants to the labor market,People who are laid off and are looking for new jobs,Discouraged people who have given up looking for jobs,Full-time students looking for part-time jobs,C,True,0.01808002,0.08360117,0.8443419,0.053976968
Which fast food chain used the advertising slogan 'Where's the beef?',Wendy's,Kentucky Fried Chicken,Burger King,McDonald's,A,False,0.22533487,0.2985202,0.18680918,0.2893357
What city is known as 'the rubber capital of the world'?,Omaha Nebraska,Rockford Illinois,Grand Rapids Michigan,Akron Ohio,D,True,0.002463976,0.010703023,0.023377553,0.96345544
What was the first American college to become coeducational?,Oberlin College,Dartmouth College,Grinnell College,Antioch College,A,False,0.35033524,0.5426098,0.07343425,0.033620648
What color is Uncle Sam's goatee?,brown,black,white,dishwater blond,C,False,0.14954059,0.6495747,0.1642382,0.036646497
According to a famous line from the existentialist play 'No Exit' what is hell?,oneself,other people,little made,large hued in green and blue,B,True,0.14471947,0.81989163,0.029864551,0.005524386
"A passage from Zora Neale Hurston's Their Eyes Were Watching God is as follows. The people all saw her come because it was sundown. The sun was gone, but he had left his footprints in the sky. It was the time for sitting on porches beside the road. It was the time to hear things and talk. These sitters had been tongueless, earless, eyeless conveniences all day long. Mules and other brutes had occupied their skins. But now, the sun and the bossman were gone, so the skins felt powerful and human. They became lords of sounds and lesser things. They passed nations through their mouths. They sat in judgment. Zora Neale Hurston is associated with which of the following literary movements?",New England Puritanism,Transcendentalism,Naturalism,Harlem Renaissance,D,False,0.007673769,0.43227324,0.12777972,0.43227324
What is the 7-Eleven company's trademarked name for its super-large sodas?,Big Slurp,Big Gulp,Big Drink,Big Sip,B,True,0.017814733,0.94272614,0.027591998,0.011867171
The sport of judo comes from what Asian country?,Japan,Vietnam,Laos,Philippines,A,True,0.97626364,0.017330755,0.0035764035,0.0028291682
The demand for which of the following products is likely to be the most elastic?,Water,Bread,Salt,Pork,D,False,0.39075893,0.30432338,0.2091582,0.09575959
What country is the rock group U2 from?,England,Ireland,Belgium,Germany,B,True,0.00375416,0.99325705,0.0010104184,0.0019783033
Elephant tusks are made of what material?,Coral,Ivory,Bone,Calcium,B,True,0.008661891,0.9703755,0.012025845,0.0089368485
What city did the Beatles originally call home?,London,Leeds,Liverpool,Manchester,C,True,0.04343534,0.061253652,0.87242216,0.022888817
Which of these is not one of the three branches of the US government?,Judicial,Executive,Parliamentary,Legislative,C,True,0.15358686,0.115933456,0.56179744,0.16868219
In British currency how many pence make a pound?,10,100,500,1000,B,False,0.48966593,0.48966593,0.01081813,0.00985002
How are actors Charlie Sheen and Emilio Estevez related?,They're cousins,They're brothers,They're father and son,They're uncle and nephew,B,True,0.24028458,0.45597997,0.22572646,0.07800898
Which of the following requires the use of at least two needles?,macrame,braiding,crocheting,hand knitting,D,True,0.029886043,0.12195372,0.10110318,0.7470571
In 1909 Frederick Cook claimed to be the first explorer to reach what location?,Mount Everest,Bermuda Triangle,Atlantis,North Pole,D,True,0.09413844,0.14131854,0.20561728,0.5589257
A clothes dryer that is set to run for 30 minutes is an example of which of the following control systems?,Open loop,Closed loop,Negative feedback,Positive feedback,A,False,0.26515484,0.385798,0.2198211,0.12922615
How many stars are on the American flag?,13,48,50,51,C,True,0.26089045,0.11576944,0.3456237,0.27771646
Who was the English king at the time of the American Revolution?,Charles I,James I,Edward III,George III,D,True,0.035822194,0.27309445,0.015168073,0.67591524
Which of these animals lays eggs?,cow,gerbil,frog,elephant,C,False,0.08226989,0.21339189,0.30566975,0.3986685
"An enterprise analysis shows an average return of $151 for each $100 of feed fed to hogs last year and a return of $130 for each $100 of feed fed to hogs this year. Assuming that feed costs are stable and there are no major death losses, which of the following is the most likely explanation for the difference in returns?",Lower feed efficiency,Poor record keeping,Lower market prices,Lower purchase prices,C,True,0.24240792,0.22772115,0.38736674,0.14250426
"If tickets to a baseball game generally cost between $10 and $30, a season has about 150 games, and each game is attended by 50,000-75,000 people, which of the following is a good estimate for ticket sales revenue for the 150 games combined?","$20,000,000","$200,000,000","$2,000,000,000","$20,000,000,000",B,False,0.48322365,0.34265688,0.10450444,0.06961497
Which of these is not a breed of cat?,Persian,Turkish Angora,Bichon Frise,Maine Coon,C,True,0.13028708,0.26733172,0.4547466,0.14763461
Approximately how many movies are watched in homes in the United States in one year?,"200,000,000","2,000,000,000","20,000,000,000","200,000,000,000",C,False,0.1043363,0.65942574,0.13822314,0.09801488
Which of these is not found in a Snickers candy bar?,almonds,chocolate,nougat,caramel,A,True,0.564047,0.2582395,0.12009253,0.057621025
In the children's game what color is 'Rover'?,Green,black,red,blue,C,True,0.19779636,0.21055312,0.521124,0.070526466
Which of the following breakfast cereals is shaped like the letter O?,Life Corn,Chex,Cheerios,Raisin Bran,C,False,0.058582507,0.4905053,0.3941321,0.05678011
"Normally, S-P arrival intervals from a minimum of how many seismic stations are required to uniquely locate the epicenter of an earthquake?",1,2,3,4,C,False,0.108040474,0.2359821,0.3126255,0.34335193
Which character on the TV show 'Friends' is a chef?,Joey,Monica,Ross,Rachel,B,True,0.24503192,0.5351989,0.05136148,0.16840781
"If the tax rate for a single person with $25,000 in taxable income is 24 percent, and the tax rate for a single person with $20,000 in taxable income is 20 percent, the tax rate over this income range is",regressive,progressive,proportional,revenue-neutral,B,False,0.39261213,0.35747743,0.16366509,0.08624544
The aesthetic philosophy that claims that the value of a work of art is determined by museums and galleries is known as,capitalism,conceptualism,structuralism,institutionalism,D,False,0.20407923,0.44575003,0.053237252,0.29693353
What is your hallux?,earlobe,tongue,eyelid,big toe,D,True,0.0044149673,0.009058925,0.0028954064,0.98363066
What metal device is used by police to immobilize the wheels of repeat parking offenders?,Brooklyn clamp,Denver boot,LoJack,The Club,B,True,0.029085131,0.8769738,0.02195461,0.07198639
What disease is sometimes referred to as the 'royaldisease'?,rickets,measles,hemophilia,tuberculosis,C,False,0.2862498,0.42971182,0.23730941,0.046728995
Which of the following statements accurately describes a JPEG compressed digital photograph?,The JPEG format is used only for color photos.,A JPEG compression alters the proportions of the original image by rearranging data.,A JPEG compression sharpens the details in an image.,The JPEG format compresses file size by selectively discarding data.,D,True,0.004979003,0.011944008,0.004127739,0.9789492
What do herpetologists study?,Herpes,Blood,Insects,Reptiles and amphibians,D,True,0.00078544376,0.018734535,0.004449842,0.97603023
Which of these is a virus?,Staphylococcus,Leukemia,Scoliosis,Chicken pox,D,True,0.0077195624,0.021314396,0.006202842,0.96476316
What new token was recently added to the Monopoly board game?,piggybank,sack of money,globe,telephone,B,False,0.39198145,0.3352795,0.1766799,0.09605918
What is considered the proper way to address a duke?,Your Majesty',Your Eminence',Your Excellency',Your Grace',D,False,0.48781154,0.10225085,0.053047046,0.35689056
Which of the following is about the Watergate scandal?,All the King's Men',All the Pretty Horses',All the President's Men',All the Right Moves',C,True,0.015497936,0.047737006,0.9007312,0.03603378
What causes the disease toxoplasmosis?,a bacterium,a protozoan,a virus,a prion,B,True,0.0062402785,0.98587036,0.006539756,0.0013495549
Which of these rock guitarists designed a colorful line of men's neckties?,Eric Clapton,Jerry Garcia,Jeff Beck,Keith Richards,B,True,0.14388926,0.7082478,0.08198563,0.06587731
In mobster lingo if you 'sing like a canary' what are you doing?,impersonating Sinatra,talking to the cops,killing an enemy,betting on horses,B,True,0.0011122834,0.9955448,0.0026682294,0.000674634
Where did Lewis and Clark begin their famous expedition in 1804?,Seattle,St Louis,New Orleans,Washington DC,B,True,0.032219365,0.94158787,0.017245784,0.008946994
According to a popular slogan what state should people not 'mess with'?,New York,Texas,Montana,Rhode Island,B,True,0.15411682,0.6488561,0.12191645,0.07511055
Each year in pro baseball the player voted as the best fielder at his position wins what?,a brand new car,the Gold Glove,the Silver Bat,the Brass Baseball,B,True,0.07767674,0.9171819,0.0032565906,0.00188477
"Of the following objectives, which is most appropriate for a technology education program that has a goal of enabling students to develop creative technical solutions to present and future societal problems?","Design and construct a threedimensional model of a low-income, multifamily dwelling unit",Describe several construction careers that are related to home building,Categorize the components of a technical system,Identify the major tools and equipment used in highway construction,A,True,0.7161277,0.04723374,0.20517403,0.031464454
Who was the first US president to resign from that office?,Martin Van Buren,Andrew Jackson,Andrew Johnson,Richard Nixon,D,True,0.21795183,0.055974662,0.033423997,0.69264954
How much kale would be needed to provide enough calories for a person for an entire year?,2*10^3 kg/yr,2*10^4 kg/yr,2*10^5 kg/yr,2*10^6 kg/yr,A,False,0.159531,0.394843,0.19853954,0.24708645
How long has the average United States citizen spent as president?,1 seconds,10 seconds,1 minute,10 minutes,B,False,0.22078416,0.13391235,0.35281205,0.29249147
What is the proletariat?,the homeless,the royalty,the upper class,the working class,D,True,0.0020944285,0.00665608,0.0033995933,0.9878499
According to the proverb necessity is the mother of what?,Invention,Luck,Problems,Procrastination,A,True,0.8714729,0.060238387,0.054847673,0.013441001
What rank entitles a general in the US Army to wear three stars?,brigadier general,corporal general,lieutenant general,major general,C,True,0.044860944,0.04927011,0.56386656,0.34200236
What is another way of writing-'six feet'?,6',6,6'',6#,A,False,0.28372476,0.22096504,0.43944147,0.055868715
"In construction, the plates are horizontal structures at the top and bottom of a wall. Which of the following are the vertical structures?",Rafters,Studs,Headers,Joists,B,True,0.36001778,0.44804937,0.08551172,0.10642105
What part of the world was once known as Cathay?,China,India,Iran,Indonesia,A,True,0.5818022,0.301835,0.086477175,0.029885713
What is a shaddock?,a fish the offspring of a male shad and a female haddock,"a crystal such as quartz, that sticks out from a mineral vein",a plant that is a member of the nightshade family,a grapefruit,D,True,0.06415375,0.119854994,0.26178735,0.55420387
How many innings are there in a regular Major League Baseball game?,seven,eight,nine,ten,C,False,0.2189379,0.44923142,0.29004562,0.04178503
"Which of the following statements is correct about a trophic structure in which a leaf-eating grasshopper is eaten by a frog, which in turn is eaten by a snake?",The frog is a herbivore.,The snake is a secondary consumer.,The grasshopper is a primary consumer.,The snakes outnumber the grasshoppers in the community.,C,False,0.14734402,0.42635405,0.1833726,0.24292922
"People who believe their political views are important, that government will respect these views, and that their views can influence political affairs are said to have a strong sense of",political partisanship,political alienation,political allegiance,political efficacy,D,True,0.008627876,0.015623065,0.009184326,0.9665648
What was the average life expectancy of white males born in the U.S. just before the Civil War?,40 years,50 years,60 years,70 years,A,True,0.53837985,0.23890461,0.16940872,0.053306825
"What does the Yiddish word""'meshuga' mean?",crazy,sacred,stingy,sweet,A,True,0.89432126,0.02103242,0.07574066,0.008905686
What is the last letter of the Greek alphabet?,omicron,omega,upsilon,zeta,B,True,0.030177379,0.9387907,0.010929521,0.020102467
An elementary school student is able to follow fast and slow songs by playing appropriate rhythm patterns on the drum. Which of the following attributes of music does the student understand?,Dynamics,Pitch,Tempo,Harmony,C,True,0.01314136,0.067788295,0.89293563,0.026134714
When FDR carried states in the presidential election of 1932 how many states did he not carry?,six,seven,eight,ten,A,False,0.19620037,0.44214436,0.152801,0.2088542
Which of these is a member of the cucumber family?,green pepper,watermelon,potato,green bean,B,True,0.107004546,0.69775724,0.10371236,0.09152583
"I became what I am today at the age of twelve, on a frigid overcast day in the winter of 1975. I remember the precise moment, crouching behind a crumbling mud wall, peeking into the alley near the frozen creek. That was a long time ago, but it's wrong what they say about the past, I've learned, about how you can bury it. Because the past claws its way out. Looking back now, I realize I have been peeking into that deserted alley for the last twenty-six years. The excerpt is an example of which of the following types of writing?",Informative,Persuasive,Descriptive,Narrative,D,True,0.053325124,0.0935885,0.0935885,0.7594979
Which of the following defenses may NOT be used to legally avoid payment on a negotiable instrument?,Breach of contract,Diminished economic resources,Fraud in the inducement,Mental incapacity,B,False,0.09458577,0.29134467,0.17670949,0.43736017
"Simple accompaniments, light texture and smooth melodies are qualities of",galant style,partitas,Sturm und Drang,serenade,A,True,0.5902375,0.054900642,0.038930383,0.31593138
Which of the following is true about a monopoly?,It competes with many firms selling the same product in the market.,It has to lower its price on all units to sell more output.,Its marginal revenue increases as output sold increases.,It sets a price below average variable cost to drive its competitors out of the market.,B,False,0.08682595,0.17267403,0.11867701,0.6218231
Which of these names has never belonged to a Pope?,Leo,Lando,Linus,Lawrence,D,False,0.10310563,0.5236136,0.14092869,0.23235211
Which of the following best helps explain why some localities have normally large tidal ranges (up to 60 feet) and others have one- to two-foot tidal ranges?,The position of the Sun is different at different localities.,The Coriolis effect and rotation of Earth tend to enhance tidal flow in the higher latitudes.,Ocean floor topography and the shape of the coastline serve to amplify tidal flow at specific localities.,Trade winds push the water into large tidal bulges near rocky shorelines.,C,False,0.015488933,0.638343,0.2745479,0.0716201
"Which of these is typically not ""used as a spice?",Dill,Thyme,Hemlock,Marjoram,C,True,0.12501091,0.15079194,0.5780446,0.14615256
Who is the patron saint of animals?,St Isidore of Seville,St Anthony of Padua,St Francis of Assisi,St Joan of Arc,C,True,0.008343752,0.036814358,0.94945484,0.005387131
The dissolved salts in Earth's oceans are principally derived from,marine biological activity,atmospheric deposition,the weathering of continental rocks,the eruptions of undersea hot-spot volcanoes,C,False,0.041352164,0.5798386,0.35168988,0.027119413
What is the baseball term for a batter who substitutes for another batter?,Switchhitter,Shadow hitter,Clip hitter,Pinch hitter,D,True,0.0038433427,0.03589929,0.005012664,0.95524466
In 1960 Nazi official Adolph Eichmann was finally captured in what country?,Brazil,East Germany,Argentina,Paraguay,C,True,0.011311683,0.13356471,0.79301023,0.062113363
What is the square root of 81 squared?,9,27,81,729,C,False,0.1903611,0.5338809,0.1964038,0.07935431
Which of the following has provided evidence that the Sun's atmosphere contains sodium atoms?,Absorption lines in the solar spectrum are consistent with the presence of sodium.,Stars with the same spectral class as the Sun are made mostly of sodium.,Solar samples returned to Earth by the Voyager spacecraft contained sodium.,The Sun gives off energy produced by the nuclear fusion of sodium in its core,A,True,0.74610984,0.047697205,0.18864611,0.017546821
What letters are on the '3' button of a touch-tone telephone?,ABC,DEF,GHI,WXY,B,True,0.09619609,0.32038188,0.29171103,0.29171103
"To best encourage student engagement in the classroom, a teacher should select texts based on which of the following?",The instructional objectives,The culture of the local community,The instructional reading level of the class,Topics that are interesting for the students,D,True,0.011430611,0.0346629,0.031560928,0.9223455
When born a Dalmatian puppy is always?,Black,black with white spots,white,white with black spots,C,False,0.104710914,0.77371484,0.05604772,0.06552642
Which of these countries is not in Europe?,Italy,Spain,Greece,Israel,D,True,0.016153377,0.06192222,0.039979987,0.8819444
What famous radio personality was also the voice of Shaggy on the cartoon 'Scooby-Doo'?,Rush Limbaugh,Casey Kasem,Larry King,Howard Stern,B,True,0.013058331,0.9745018,0.008698724,0.0037412746
Many scientists think that some of the dinosaurs did not go extinct but rather evolved into what kind of creature?,amphibians,reptiles,birds,mammals,C,True,0.025966235,0.101106256,0.8465523,0.026375143
What are fans of the TV show 'Mystery Science Theater 3000' known as?,Mysterians,MiSTies,Bot Brigade,Gizmonics,B,True,0.014538573,0.9574805,0.021824984,0.006156019
What automobile company makes the Sonata?,Toyota,Honda,Subaru,Hyundai,D,True,0.0030169697,0.024104001,0.010048043,0.96283096
Force equals mass times what?,Velocity,Distance,Acceleration,Weight,C,False,0.02159597,0.025248246,0.0057223625,0.9474335
To create a tapestry one must traditionally engage in what activity?,Weaving,Sculpting,Baking,Singing,A,True,0.9862693,0.0106193675,0.0022259403,0.0008854179
What element do organic compounds contain?,Carbon,Oxygen,Hydrogen,Nitrogen,A,False,0.21373038,0.7696727,0.013451497,0.0031454763
What is the technical term for someone who studies fish?,entomologist,ichthyologist,marinologist,herpetologist,B,True,0.0037520344,0.99269474,0.0026193422,0.00093395525
A person uses a remote control to change the volume level on a television. The signal that travels from the remote to the television is most likely encoded in a,visible light pulse,radio wave signal,series of infrared pulses,series of intense infrared beams,C,False,0.034304217,0.88471746,0.07730575,0.003672576
When it comes to measuring horses how long is a 'hand'?,four inches,seven inches,ten inches,two feet,A,False,0.2990701,0.613652,0.07329028,0.013987695
What is the (approximate) value of lemon juice on the pH scale?,14,2,7,0,B,True,0.056238122,0.60461676,0.25204176,0.08710331
Which of the following best describes the situation after the price is raised on a product that has an inelastic demand?,The quantity demanded will not change.,The quantity demanded will increase.,Total revenue will decrease.,Total revenue will not change.,A,True,0.5756505,0.18113646,0.08827887,0.15493424
Which of the following statements reflects the Confucian worldview that figured prominently in classical Chinese culture?,Having faith in God will be rewarded in the afterlife.,Life's ultimate goal is to escape the suffering inherent in the endless cycle of death and reincarnation.,A life of quiet contemplation and isolation from worldly temptations will result in self-perfection.,Observing rules of proper behavior toward others will ensure social and political harmony.,D,True,0.004151827,0.042592302,0.042592302,0.91066355
Which of these Democrats lost to Ronald Reagan in the 1984 presidential elections?,Michael Dukakis,Walter Mondale,Gary Hart,Jimmy Carter,B,True,0.07183484,0.8482026,0.04495309,0.0350095
Real gross domestic product (GDP) is defined as the ratio of nominal GDP to the,money supply,unemployment rate,government's budget deficit,GDP deflator,D,True,0.041563097,0.06337616,0.04709716,0.84796363
Which of these is another name for a golf course?,Pitch,Links,Steps,Suite,B,True,0.034541775,0.94829863,0.010869052,0.0062905247
"When Corporation X pays out $300,000 in salaries, which of the following is the impact on assets and liabilities?","Salary expense is increased by $300,000; cash is increased by $300,000","Salary expense is increased by $300,000; cash is decreased by $300,000","Salary expense is decreased by $300,000; cash is increased by $300,000","Salary expense is decreased by $300,000; cash is decreased by $300,000",B,True,0.28097838,0.5087861,0.07329759,0.13693792
Who was not one of the Cartwright sons on the TV series 'Bonanza'?,Adam,Little Joe,Hoss,Ben,D,False,0.4050345,0.17694648,0.19433768,0.22368132
How long is a single term in the US Senate?,two years,four years,six years,eight years,C,False,0.48929805,0.48929805,0.015244546,0.0061593535
On what body part should you wear a babushka?,head,hands,foot,legs,A,True,0.7688647,0.18841839,0.022857746,0.019859152
A kindergarten teacher has students determine the following. ‚Ä¢ How many students are absent that day ‚Ä¢ If there are enough snack cups for each student to have one during snack time ‚Ä¢ How many balls are taken outside during recess and how many are brought back inside after recess. Which of the following concepts is most closely aligned with the determinations the teacher is having the students make?,Classifying,Counting,Patterning,Ordering,B,True,0.22941986,0.50109905,0.19019575,0.07928538
"Grammar may be taught in two main ways‚Äî by experience with discourse that entails the varieties of word forms and sentence construction, or by analyzing dummy sentences and diagramming parts. Plentiful discursive experience is what really teaches grammar, for it exercises judgment and provides language intake, whereas formal grammar study has been proved irrelevant. Politics more than pedagogy retards the changing of the curriculum to fit this truth. The author of the passage above argues that",using language in a wide variety of situations improves grammar,good judgment can be improved by studying the rules of formal grammar,analyzing and diagramming provide exercise in logical thinking,formal study of grammar improves writing ability,A,True,0.71896726,0.16042328,0.053735066,0.06687438
Who was the mother of the Greek god Zeus?,Gaia,Phoebe,Rhea,Hera,C,False,0.45454603,0.11139129,0.40113547,0.032927204
Which of these evangelists is a cousin of rocker Jerry Lee Lewis?,Billy Graham,Oral Roberts,Jerry Falwell,Jimmy Swaggart,D,False,0.29879168,0.43473932,0.15993166,0.10653745
Which of the following prescribes standards for wages and overtime pay that affect most private and public employment?,The Employee Retirement Income Security Act,The American Recovery and Reinvestment Act,The Fair Labor Standards Act,The Federal Employees' Compensation Act,C,True,0.005214438,0.020623501,0.96312314,0.011038966
What organelle is primarily responsible for photosynthesis?,Nucleus,Chloroplast,Mitochondria,Golgi Apparatus,B,True,0.0022084343,0.993922,0.0027058301,0.001163763
In what city is TV's 'The Mary Tyler Moore Show' set?,Dallas,Chicago,New York,Minneapolis,D,False,0.009805089,0.73172265,0.035309482,0.22316281
What Greek poet wrote 'The Iliad' and 'The Odyssey'?,Sophocles,Plato,Homer,Socrates,C,True,0.0022867112,0.012754251,0.98202294,0.0029361956
What is Delta Burke's character's job on the sitcom 'Designing Women'?,fashion designer,graphic designer,interior designer,website designer,C,False,0.6465475,0.1398257,0.19718586,0.016440893
Which of the following activities will best help a teacher collect data that will inform instruction to meet the individual needs of students?,Concentric circles,K-W-L chart,Book pass,Reciprocal teaching,B,True,0.014698545,0.9382332,0.022065131,0.025003068
On average what length of time passes between high tides?,3 hours 25 minutes,6 hours 25 minutes,12 hours 25 minutes,24 hours 25 minutes,C,False,0.112124175,0.25267574,0.16313972,0.4720604
An increase in the real interest rate in the United States relative to its trading partners will most likely result in which of the following?,An increase in United States imports,An increase in United States exports,A decrease in the demand for the United States dollar,A decrease in the United States trade deficit,A,False,0.16495948,0.42123878,0.15019731,0.2636045
The legal basis for the escalation of United States involvement in the Vietnam War was the,declaration of war by Congress,passage of the Gulf of Tonkin Resolution by Congress,United Nations resolution condemning the North Vietnamese invasion of South Vietnam,mutual defense provisions of the North Atlantic Treaty Organization (NATO),B,True,0.005012006,0.9854381,0.0077627474,0.001787086
What professional sports team plays its home games in the Alamodome?,New York Jets,Detroit Tigers,Boston Bruins,San Antonio Spurs,D,True,0.0037886547,0.042024843,0.027133279,0.9270532
What is the name of Howard Stern's female on-air sidekick?,Allison Norris,Jackie Reeses,Jackie Martling,Robin Quivers,D,True,0.010887113,0.058855176,0.009607844,0.9206499
In what decade did Israel become an independent state?,1920s,1940s,1950s,1960s,B,False,0.07298686,0.3170405,0.23931472,0.3706579
In cooking the term 'au gratin' is sometimes used to describe a dish with what topping?,cheese,fruit,gravy,whipped cream,A,True,0.85867316,0.06831561,0.062202077,0.0108091
Which of the following is the most effective way to evaluate the development of a student's drafting skills throughout the school year?,Baseline assessment,Portfolio assessment,Short-answer unit assessment,Teacher-created assessment,B,True,0.019456517,0.9672259,0.008907842,0.004409702
In the sci-fi movie 'Fantastic Voyage' where do the voyagers travel?,through outer space,through a human body,to the ocean floor,to the center of the earth,B,True,0.023330562,0.91748774,0.045679025,0.013502694
What would be the most likely thing one would do with the compound MgSO4 7H2O?,power a car,blow up a building,soak ones feet,fertilize a lawn,C,True,0.0017006253,0.009485326,0.50985223,0.47896186
Who originally proposed the idea of daylight-saving time?,Benjamin Franklin,Henry David Thoreau,Galileo,Albert Einstein,A,True,0.7360048,0.23159419,0.02222542,0.010175539
If you ask for 'gai' at a Thai restaurant what will you get?,shrimp,chicken,beef,pork,B,True,0.3265948,0.5384638,0.07063107,0.06431033
On a set of jumper cables what color designates the negative connector?,black,red,orange,blue,A,False,0.39457428,0.57410216,0.017609391,0.013714207
Which of these is a commonly-known investment account?,CNN,EMC,IRA,IRS,C,True,0.019609896,0.026803551,0.9157875,0.037799064
If you are 'riding fakie' inside a 'half pipe' what are you probably doing?,skiing,biking,snowboarding,surfing,C,False,0.09475563,0.3989361,0.3989361,0.107372195
Which of these people was not alive in the 20th century?,Mark Twain,Thomas Edison,Sigmund Freud,Ulysses S Grant,D,False,0.20052303,0.23443517,0.33060658,0.23443517
What color is cartoon character Marge Simpson's hair?,yellow,purple,blue,brown,C,False,0.8961993,0.049004532,0.039376248,0.01541996
Which of these is not a fabric?,Velveteen,Celotex,Seersucker,Tencel,B,True,0.15690856,0.40068007,0.2753831,0.1670283
How is 4:00 pm expressed in military time?,1600,4,400,4:00,A,True,0.3684475,0.24543895,0.099166304,0.28694722
Which of the following is most likely to cause a rise in the average temperature of Earth's atmosphere in the future?,Atomic warfare,CO2 from fossil fuels,Dust clouds from volcanoes,Depletion of Earth's ozone layer,B,True,0.0026706373,0.98099476,0.012740898,0.0035937352
Which of the following activities is likely to have the greatest impact on biodiversity?,Copper mining in Chile,Soil erosion on the slopes of the Rocky Mountains,Large-scale deforestation of the Amazon or Congo basin tropical forests,Increased use of ethanol fuels in the United States,C,True,0.017465316,0.060014848,0.88191175,0.04060808
Whom did Billie Jean King defeat in the famous 'Battle of the Sexes' tennis match?,Jimmy Connors,Pete Sampras,John McEnroe,Bobby Riggs,D,True,0.017655248,0.08163705,0.023026785,0.8776809
Which of the following structures is most susceptible to damage by acid precipitation?,A monument made of granite,A roof made of slate,A tombstone made of marble,A statue made of gabbro,C,False,0.38620263,0.3007749,0.26543292,0.047589503
Who is an archenemy of the cartoon superhero Underdog?,OverCat,Muttley,Mr Whoopie,Dick Dastardly,A,False,0.07857091,0.20063785,0.020496445,0.70029485
Mohair is made from the fleece of what animal?,camel,llama,goat,mole,C,True,0.028536122,0.11111278,0.8470805,0.01327053
"The Burgess Shale is a rock formation in Canada that has a large number of fossils from the Cambrian period preserved in exquisite detail. Many primitive members of modern phyla, including arthropods, mollusks, and chordates, can be found among the fossils exposed in this region. Based on these fossils, it can be concluded that most of the modern groups of animal life first appeared roughly",3 billion years ago,540 million years ago,65 million years ago,"200,000 years ago",B,True,0.03966047,0.90266806,0.049358245,0.008313285
The Strauss family of composers popularized what dance?,waltz,tango,fox-trot,square dance,A,True,0.84543467,0.09193676,0.029847495,0.03278106
What was Ludwig Van Beethoven's final symphony?,Ninth,Tenth,Eleventh,Twelfth,A,False,0.29406312,0.35470784,0.17287078,0.1783583
A portrait that comically exaggerates a person's physical traits is called a what?,Landscape,Caricature,Still life,Impressionism,B,True,0.0018649446,0.9967314,0.0009675205,0.00043609564
The government establishes a price floor in a market for a good in order to,eliminate a surplus in the market,eliminate a shortage in the market,help buyers of the good,help sellers of the good,D,False,0.35642484,0.5520416,0.068024874,0.023508765
A student is standing in front of the class delivering a presentation. Some students in the back of the room note that they are having trouble hearing what the presenter is saying. Which of the following suggestions to the presenter would best address this problem?,Engage your audience by making eye contact with people in the back of the room,Entertain your audience with exaggerated body language,Emphasize your main points by reading them directly from a paper,Project your voice by relaxing the rib cage and maintaining good posture,D,True,0.008200127,0.01656471,0.0125037,0.96273154
"A passage from Zora Neale Hurston's Their Eyes Were Watching God is as follows. The people all saw her come because it was sundown. The sun was gone, but he had left his footprints in the sky. It was the time for sitting on porches beside the road. It was the time to hear things and talk. These sitters had been tongueless, earless, eyeless conveniences all day long. Mules and other brutes had occupied their skins. But now, the sun and the bossman were gone, so the skins felt powerful and human. They became lords of sounds and lesser things. They passed nations through their mouths. They sat in judgment. The description of the sun in the second sentence contains which of the following literary devices?",Foreshadowing,Irony,Flashback,Personification,D,True,0.086952135,0.16244796,0.06666851,0.68393147
Which of these is not one of the 3 methods of heat transfer?,Conduction,Radiation,Convection,Induction,D,True,0.042743493,0.14918944,0.096323945,0.71174306
Which of these is not an ingredient in Yorkshire pudding?,eggs,milk,chocolate,meat drippings,C,True,0.12541398,0.11781553,0.5799084,0.17686206
"Anna feels that she is confusing ""who"" and ""whom"" in her narrative. She wants to correct her error. Which of the following reference materials will best help Anna accomplish such a task?",A dictionary,A thesaurus,A glossary,A grammar guide,D,True,0.0322112,0.082254186,0.028426284,0.8571083
Where was the chicken First domesticated?,France,India,Peru,Zaire,B,True,0.17135632,0.41106245,0.34614927,0.07143194
Which of the following is not in Nevada?,Liberace Museum,Pikes Peak,Lake Mead,Hoover Dam,B,True,0.28082117,0.338735,0.19913203,0.1813118
What famous folksinger founded the Institute for the Study of Non-Violence in 1965?,Bob Dylan,Woody Guthrie,Joan Baez,Peter Yarrow,C,False,0.2406162,0.542237,0.11365905,0.10348774
Phoebe Dione and Helene are moons of what planet?,Jupiter,Saturn,Neptune,Pluto,B,True,0.08588195,0.36157653,0.31909016,0.23345135
Which of these companies is not an online stock brokerage?,E*Trade,EDigital,Datek Online,DLJ Direct,B,True,0.12349305,0.5039288,0.22361705,0.14896107
Which of these is not the name of one of rock musician Frank Zappa's children?,Dweezil,Ahmet,Moon Unit,Lumpy Gravy,D,False,0.07878343,0.54686534,0.16678451,0.20756668
How much does Peanuts character Lucy charge for her psychiatric advice?,5 cents,10 cents,75 cents,$125,A,False,0.35988125,0.43409967,0.14540517,0.060613897
Which of the following is the most reasonable action to take for an artist whose work requires the use of a specific hazardous product?,Finding a nontoxic product to use and adapting the art-making process as necessary,Reading the product's label and proceeding according to the label directions,Making sure no children are present when using the product,Checking with a qualified toxicologist before using the material,B,False,0.5284155,0.14673568,0.050710496,0.27413836
What children's storybook character believes that the sky is falling?,Chicken Little,Curious George,Jack Sprat,Tom Thumb,A,True,0.97737426,0.016299259,0.0045261406,0.0018003744
Pop icon Tiny Tim was famous for playing what musical instrument?,ukulele,kazoo,accordion,fiddle,A,False,0.31923422,0.67581886,0.0028944644,0.0020524825
Which of the following is the highest level taxonomic rank?,Domain,Class,Phylum,Kingdom,A,False,0.16750903,0.08555525,0.041696295,0.7052394
When daylight-saving time arrives in the spring how do most Americans turn their clocks?,one hour forward,one hour backward,two hours forward,two hours backward,A,True,0.7651958,0.21923228,0.011618884,0.0039531263
Which of these fashion designers was born in the United States?,Laura Ashley,Helmut Lang,Donna Karan,Christian Dior,C,True,0.07820422,0.28162423,0.5428449,0.097326726
Who was on the $500 bill?,Calvin Coolidge,Andrew Jackson,Aaron Burr,William McKinley,D,False,0.09054436,0.859061,0.032284588,0.018110013
For a man and woman on a date 'dutch treat' means what?,The man pays,The woman pays,The Dutch pay,Each pays their own way,D,True,0.013845495,0.093149886,0.009223089,0.88378155
What city's residents are known as 'Knickerbockers'?,Boston,Philadelphia,New York City,London,C,True,0.044095565,0.24594532,0.6897707,0.020188421
Which of these college football programs has produced the most Heisman Trophy winners?,Notre Dame,USC,Oklahoma,Michigan,A,False,0.23170717,0.22109652,0.40665874,0.1405375
What does a pH level measure?,acidity,density,wavelength,humidity,A,True,0.9686792,0.015414499,0.01425608,0.0016502611
If a hertz is equal to one cylce per second how many cycles per second does a megahertz equal?,-328716,1000,1000000,1000000000,C,True,0.026662309,0.43030787,0.4439673,0.0990625
"Every day was a happy day, and every night was peaceful. The sentence above can best be classified as",simple,compound,complex,compound-complex,B,False,0.39739987,0.29074398,0.14619525,0.1656609
Which of these holidays is not attached to a specific date?,Independence Day,New Year's Day,Thanksgiving,Christmas,C,False,0.17361653,0.44334537,0.17361653,0.20942152
Where is the Louvre museum?,Paris,Lyon,Geneva,Vichy,A,True,0.9717245,0.016719444,0.0057780854,0.0057780854
Which of the following guidance systems is principally a materials-handling device?,Escalator,Conveyor,Highway,Railroad,B,True,0.10545243,0.77919394,0.063960135,0.051393412
"A preschool teacher is teaching students about a color wheel, which is an organization of hues around a circle. Red, yellow, and blue are examples of which of the following kinds of colors on the color wheel?",Complementary,Primary,Secondary,Tertiary,B,True,0.23363735,0.63509214,0.08074291,0.050527617
A second-grade teacher has each student select a card at random that is marked with a three-digit number. Students then model their numbers with base ten blocks on a place value mat. Which of the following whole number concepts does the lesson best reinforce?,Comparing quantities,Describing quantities,Ordering quantities,Decomposing quantities,D,False,0.5221894,0.28838038,0.1165162,0.072913975
Which brand of cat food claims it's so tasty that 'cats ask for it by name'?,Fancy Feast,Cat Chow,Meow Mix,9-Lives,C,False,0.75805116,0.09943467,0.10920763,0.033306442
In the phrase 'Y2K' what does 'K' stand for?,millennium,computer code,catastrophe,thousand,D,False,0.12303434,0.80228466,0.054596156,0.020084802
What is the approximate speed of light?,165 miles per hour,122000 miles per hour,186000 miles per second,293000 miles per second,C,True,0.002210778,0.16758144,0.7510479,0.07915986
Which of these people was buried in the Valley of the Kings?,Louis XIV,Elvis Presley,Julius Caesar,King Tut,D,True,0.0031256452,0.029655296,0.015384965,0.9518341
After Prince Charles who is next in line to be the king of England?,Prince William,Prince Andrew,Prince Edward,Fresh Prince,A,True,0.81753725,0.121516064,0.050655432,0.010291276
The disco band ABBA comes from what country?,Norway,Sweden,Switzerland,The Netherlands,B,True,0.0065853945,0.97735924,0.0037522446,0.012303137
When it's noon in New York during daylight-saving time what time is it in Honolulu?,6:00 AM,6:30 AM,7:00 AM,8:00 AM,A,False,0.11014468,0.3611505,0.25609407,0.2726107
"The total retail market value of all the goods and services produced in a nation, usually stated in annual terms, is the",ratio of profit to sales,current ratio,gross domestic product,trade surplus,C,True,0.0033825296,0.0075044697,0.98289156,0.006221424
What is the world‚Äôs most venomous fish?,Scorpion fish,Lion fish,Stonefish,Toadfish,C,True,0.17245762,0.044988256,0.7491217,0.033432435
What force causes an ice cream cone to fly off of a spinning merry-go-round?,centrifugal,Vehicular,Gravitational,Torsal,A,True,0.6930144,0.18078361,0.093789294,0.032412715
Which of these words is spelled correctly?,decieve,foriegn,hygiene,wierd,C,False,0.21990807,0.49557048,0.15114047,0.133381
The term 'chili con carne' refers to chili with what?,beans,meat,cheese,chili peppers,B,True,0.05468608,0.89648736,0.01667831,0.03214829
At what age can someone first attend an R-rated movie without an accompanying adult?,15,17,18,21,B,False,0.54341644,0.25669175,0.15090129,0.04899048
On TV's 'Seinfeld' what type of doctor did Mr Costanza go to when he sat on 'fusilli Jerry'?,ophthalmologist,cardiologist,neurologist,proctologist,D,True,0.043933906,0.13532595,0.0659526,0.75478756
In the comic strip 'Peanuts' what is Schroeder known for doing?,Dancing,playing football,playing the piano,Flying an imaginary plane,C,True,0.009398403,0.02085127,0.94380045,0.025949823
How is the Arabic numeral for '2' written?,2,II,I,ii,A,False,0.29632828,0.34644285,0.051494133,0.30573472
What country gave us the fashionable headgear called the beret?,Switzerland,China,Mexico,France,D,True,0.0018872942,0.0035814552,0.0014929726,0.99303824
How many spikes are on the Statue of Liberty's crown?,five,seven,nine,thirteen,B,True,0.17274831,0.3657082,0.32273635,0.13880718
In a game with no wild cards what is the highest possible poker hand?,straight flush,royal flush,full house,four of a kind,B,True,0.08037705,0.76259625,0.100030854,0.056995865
Moderate and frequent irrigation is normally most appropriate for a corn crop growing in a,dispersed alluvial fan soil,"heavy-textured soil, such as silty clay","light-textured soil, such as loamy sand",region of low humidity,C,True,0.14714864,0.3019294,0.41268855,0.13823335
What is the capital of North Dakota?,Bismarck,Fargo,Sioux Falls,Pierre,A,True,0.8452618,0.12563695,0.014096075,0.015005194
A fiscal policy to combat a recession would call for,an increase in taxes,an increase in government spending,a decrease in the reserve requirement,a decrease in the discount rate,B,True,0.00895664,0.97252446,0.013872316,0.004646644
An electric fence installed to keep both mature cattle and sheep in a field should have a wire placed at which of the following heights? I. 6 inches II. 18 inches III. 40 inches IV. 60 inches,I only,II only,II and III only,III and IV only,C,False,0.1943025,0.26558003,0.25740898,0.28270847
How much chicken excrement is produced in the United States every year?,4*10^10 kg,4*10^12 kg,4*10^14 kg,4*10^16 kg,A,False,0.22172919,0.5155358,0.14770347,0.115031585
According to the American Kennel Club what is the most popular breed Of dog in the US as of 1999?,Poodle,Beagle,German shepherd,Labrador retriever,D,True,0.01994477,0.06539638,0.039664913,0.8749939
What singer appeared in the 1992 baseball film 'A League of Their Own'?,Brandy,Madonna,Garth Brooks,Whitney Houston,B,True,0.08114158,0.74616414,0.06519909,0.107495144
How is the word 'ambulance' normally written on the front of American ambulances?,in French,in reverse,in braille,in gibberish,B,True,0.022282586,0.93279034,0.021937126,0.022989912
What is the colored part of the eye called?,iris,pupil,retina,cochlea,A,True,0.72518915,0.2667822,0.0058939857,0.0021346603
If you work as a 'dolly grip' what business are you in?,sheep farming,film production,construction,moving,B,True,0.0018975835,0.98297256,0.010919838,0.004209973
Who was the longest reigning monarch in French history?,Louis XIII,Louis XIV,Louis XV,Louis XVI,B,True,0.06924809,0.8980229,0.025079995,0.0076489667
The principles of xeriscaping are best exemplified by a homeowner who,installs an in-ground sprinkler system that operates on a timer,lowers the cutting height on the lawn mower to reduce the surface area in contact with the cutting blade,increases the use of fertilizer on the turfgrass to promote growth,replaces nonnative ornamentals with native shrubs that do not require irrigation,D,True,0.0025823433,0.015818771,0.0029261785,0.9786727
What was the revenue for flat screen televisions sold in Australia in the past 12 months (as of 2013)?,$120 million annual Revenue,$1.2 billion annual Revenue,$12 billion annual Revenue,$120 billion annual Revenue,B,True,0.061966665,0.8825774,0.038777746,0.0166781
What native empire controlled Large areas of South African Territory during the 19th century?,Hutu,Zulu,Aztec,Masai,B,True,0.011775274,0.9651195,0.013343134,0.009762045
How many keys are on a Standard piano?,20,54,88,100,C,True,0.06130096,0.040835243,0.8730959,0.024767825
The most important consideration in designing successful messages to be transmitted through graphic communications is knowledge and understanding of,current technologies,the capabilities of the designer,the limitations of the printer,the nature of the audience,D,True,0.0019155258,0.011918802,0.009282373,0.9768833
Which one of these world leaders was assassinated?,Indira Gandhi,Ferdinand Marcos,Golda Meir,Neville Chamberlain,A,True,0.44620237,0.3368112,0.078759395,0.13822705
Which of these candy bars was named for a baseball player?,Baby Ruth,Clark Bar,Reggie Bar,Butterfinger,C,False,0.2827502,0.24184905,0.10081768,0.37458313
The common term for someone who has difficulty seeing objects in the distance is what?,farsighted,nearsighted,hindsighted,hypermetropic,B,True,0.06477176,0.9225297,0.0053167893,0.0073816306
Where did jazz great Sun Ra claim he was born?,Atlantis,Mount Olympus,Saturn,in a saxophone,C,True,0.20547862,0.07678175,0.6632931,0.054446414
By what name is Bob Keeshan better known?,Bozo the Clown,Pee Wee Herman,Captain Kangaroo,Buffalo Bob,C,True,0.28984767,0.33886626,0.34962305,0.021662997
Where would you typically find a bailiff?,grocery store,courtroom,football stadium,doctor's office,B,True,0.0021394573,0.9934435,0.0021394573,0.0022774404
Girls of what religious community traditionally wear bonnets?,Amish,Sikh,Roman Catholic,Christian,A,True,0.788329,0.113569565,0.07805514,0.020046217
What New Age musician released a 1998 album titled 'King of the Pan3Flute'?,Zamfir,Yanni,Vangelis,Kenny G,A,False,0.06676379,0.20564695,0.09415203,0.6334372
Which of these is a fish?,sea horse,sea cow,sea snake,sea lion,A,True,0.626365,0.20335095,0.093100846,0.07718331
How many airplanes are in the air worldwide right now (as of 2014)?,"5,000","20,000","80,000","320,000",B,True,0.13331147,0.42366296,0.19396703,0.24905859
Reindeer herding as an economic activity of the Sami in Norway is an example of which of the following types of diffusion?,Stimulus,Hierarchical,Relocation,Contagious,A,False,0.13320285,0.5186598,0.18493383,0.16320354
"When cool air flows from a high mountain region to a region of lower elevation, the air will",increase in moisture content,"condense, forming large amounts of dew",undergo adiabatic warming,undergo adiabatic cooling,C,False,0.034276795,0.64675564,0.1023316,0.216636
In Greek mythology what is the name of Zeus' father?,Apollo,Cronus,Prometheus,Hercules,B,True,0.0368241,0.8921663,0.066679835,0.0043298267
What disease does a carcinogen cause?,cancer,influenza,emphysema,heart disease,A,True,0.9761431,0.010843971,0.010843971,0.0021689306
Who sang lead vocals for the band Big Brother and the Holding Company?,Grace Slick,Janis Joplin,Mama Cass,Karen Carpenter,B,True,0.023499845,0.9684955,0.004774283,0.0032304416
Which Pope immediately preceded John Paul II?,John XXIII,Paul VI,John Paul I,Hank II,C,False,0.20026432,0.72117954,0.06708015,0.01147606
Which of these is not a spice?,dill,aniseed,cucumber,cayenne,C,True,0.15987152,0.28948995,0.39568582,0.1549528
Which of the following protocols is used to transport HTML pages from Web servers to Web browsers?,BOOTP,HTTP,SNMP,SMTP,B,True,0.0030525855,0.9895387,0.0025306821,0.0048780176
What is the correct spelling of New Mexico's largest city?,Albuqerque,Albuquerque,Albequerque,Santa Fe,B,True,0.043261256,0.8965083,0.009652891,0.050577536
Which of the following best defines federalism?,A government in which the political leader is also the religious leader,The concentration of government power in the hands of a small group of people,The division of national power into different branches of government,The division of a country's power into national and subnational units,D,True,0.00087328366,0.010151588,0.01622219,0.9727529
What sport is known as 'The Sport of Kings'?,polo,archery,yachting,horse racing,D,True,0.015898937,0.025406428,0.005325477,0.9533692
Which of the following is matched with its correct function?,Ovule ..... production of pollen,Vascular cambium ..... formation of apical meristem,Xylem ..... transport of sugars,Guard cell ..... regulation of transpiration rate,D,True,0.2328138,0.28082708,0.13686419,0.34949493
Which of the following protocols is usually associated with hyperinflation?,A rapid decrease in total spending,A rapid increase in money supply,A slow increase in exports,A slow increase in labor productivity,B,True,0.032315437,0.9443955,0.017846279,0.005442808
In which century was the greatest number of chemical elements discovered?,17th,18th,19th,20th,C,True,0.07499407,0.31573683,0.4054141,0.20385501
"The term ""Cold War"" refers to the",race between the United States and the Soviet Union to claim ownership of Antarctica,contest between the United States and the European Union for economic domination in the West,struggle between the United States and the Soviet Union to gain political hegemony in world affairs,competition between the Soviet Union and China for the resources of the Pacific Rim,C,True,0.0010589147,0.0034720479,0.9932621,0.002206968
Which of the following articles of clothing has a hood?,Parka,kilt,lederhosen,sarong,A,True,0.7578295,0.13169102,0.03544416,0.07503528
Which of these measurements is equal to one square foot?,50 square inches,77 square inches,100 square inches,144 square inches,D,True,0.17254627,0.27572814,0.26724488,0.2844807
Which of the following is a disorder in ruminants that is characterized by an excessive accumulation of gas in the rumen?,Agalactia,Bloat,Bovine pleuropneumonia,Grass tetany,B,True,0.0108730765,0.94864976,0.012711913,0.027765373
"_Whenever the mood strikes her_, Angela takes a short walk around the block. In the sentence above, the underlined portion can best be described as",an adjective clause,a relative clause,a subordinate clause,an independent clause,C,False,0.36409184,0.49765453,0.11104174,0.027211947
"What term is used to describe a""group of geese?",gaggle,gang,gander,grist,A,True,0.9414137,0.03650257,0.018354645,0.0037289723
If you dial '411' on a telephone who are you calling?,the police,the White House,directory assistance,Moviefone,C,True,0.0047582085,0.013137835,0.96523464,0.016869314
Which of these are not legumes?,beans,peas,radishes,peanuts,C,True,0.16370668,0.19746795,0.3689187,0.2699067
"In 1989 scientists from Norway discovered that there are far more viruses in oceans lakes, and streams than previously believed. How many viruses did they find that a milliliter of natural water might contain?",up to 250,up to 25000,up to 2500000,up to 250000000,D,False,0.114882916,0.6407655,0.17245969,0.0718919
Which company holds an annual self-named 'Bake-Off'?,Betty Crocker,Duncan Hines,Pillsbury,Keebler,C,True,0.08231744,0.17979781,0.6474768,0.09040802
Which of the following fiscal policy actions is most expansionary?,Increasing both government spending and taxes,Increasing government spending and decreasing taxes,Decreasing government spending and increasing taxes,Decreasing both government spending and taxes,B,True,0.071115054,0.8938599,0.021021571,0.014003385
Which of the following steps should be taken first to effectively present new information to coworkers?,Analyzing the audience,Determining the objective,Creating three to five key messages,Choosing a communication tool,B,False,0.5733354,0.19813943,0.19813943,0.030385664
What is the name of the character Played by Woody Allen in the 1967 James Bond film 'Casino Royale'?,Dr Evil,Q,Little Jimmy Bond,M,C,False,0.09387723,0.81097555,0.060611695,0.0345355
Which of the following is generally the first step taken in a large-scale commercial construction venture?,Filing applications for building permits and variances,Ordering the materials needed for the building foundation,Drafting a contract that spells out the details of the building plan,Holding a discussion between the developer and the designer/contractor about the scope of the construction,D,True,0.23082237,0.13569348,0.07977008,0.5537141
How many eyes does a Giraffe have?,one,two,three,four,B,True,0.08471049,0.40413117,0.39169735,0.11946095
What pro wrestler grapples with Sylvester Stallone in the movie-'Rocky III'?,Dolph Lundgren,Hulk Hogan,Andre the Giant,The Iron Sheik,B,True,0.2720304,0.5581702,0.14112753,0.028671797
Which of the following activities will be most effective in introducing kindergartners to the concept of how plants transport water?,Demonstrating that a celery stalk can be peeled lengthwise but not crosswise,Placing celery stalks in water colored with a dye and observing the results,Collecting rainwater in a rain gauge and comparing the amount of rainfall to a plant's growth rate,"Planting bean seeds in paper cups, placing them on the windowsill, and watering them daily",B,False,0.030662136,0.17101966,0.07829851,0.7200197
What is the function of mitochondria in the cell?,To generate energy,To process waste,To kill viruses or other antigens,To repair damage,A,True,0.9428556,0.049969517,0.0046478887,0.0025270134
Which of these is not one of the four basic forces in nature?,electromagnetic,gravitational,nuclear,centrifugal,D,True,0.060598843,0.17263004,0.15474457,0.61202663
Which of these is a slang term for 'police'?,fuzz,shrinks,bean counters,aardvarks,A,True,0.9634376,0.021960773,0.008872953,0.0057288096
What is the name of the fruit that is half tangerine and half grapefruit?,graperine,tangefruit,tangelo,kumquat,C,True,0.011304572,0.03220373,0.7329535,0.22353819
What are the Smothers Brothers'(first names?,Frank and Bill,Tom and Dick,Dave and George,Ed and Pete,B,False,0.51984996,0.41771117,0.031219415,0.031219415
Which of the following great apes (the Hominidae) is NOT native to Africa?,Gorilla,Human,Chimpanzee,Orangutan,D,False,0.0986509,0.40255728,0.14353622,0.35525554
In the movie 'Star Wars' what kind of creature is Chewbacca?,Woolie,Woobie,Wookiee,Klingon,C,True,0.008396198,0.014282415,0.9704686,0.006852777
In the film 'Easy Rider' what emblem is on the back of Peter Fonda's leather jacket?,peace symbol,American flag,two white doves,Harley-Davidson logo,B,False,0.40913776,0.29012212,0.088482246,0.21225788
What are the tallest trees on Earth?,Coast Redwood,Coast Douglas Fir,Giant Sequoia,Sitka Spruce,A,False,0.066100046,0.029331718,0.8844089,0.020159377
Which of these painting tools has bristles on it?,Easel,Knife,Brush,Palette,C,True,0.0041653956,0.014313259,0.9725644,0.008957008
Astronaut John Glenn served as a pilot in what branch of the military?,Army,Air Force,Marines,Navy,C,False,0.03422816,0.9107776,0.012396619,0.04259764
On the TV show 'CHiPs' what was Officer Frank Poncherello's-nickname?,Franky,Ponch,Chipper,Hot Dog,B,True,0.036123004,0.93162453,0.021235619,0.011016894
Which of the following criteria is the most important when assessing reading comprehension?,Ability to spell inventively,Ability to decode new words,Ability to identify the main idea,Ability to recognize rhyming patterns,C,True,0.0025920717,0.008632916,0.9823596,0.006415439
Which of these games is not played with cards?,baccarat,rummy,craps,solitaire,C,False,0.2396924,0.27160707,0.18092932,0.30777115
In American football how many points is a touchdown worth?,two,three,six,seven,C,False,0.04828548,0.82954794,0.04003007,0.08213637
What is the most likely impact of an increase in interest rates?,Investment levels diminish,Employment increases,The value of the U.S. dollar increases,Mortgage rates decline,A,True,0.7682677,0.107274204,0.094669156,0.029788971
Whose profile can you see on the front of dimes that are currently in circulation?,George Washington,Thomas Jefferson,Benjamin Franklin,Franklin Roosevelt,D,False,0.9391055,0.027486028,0.029258726,0.00414977
Who is considered the owner of a 'publicly held' company?,the CEO,the stockholders,the president,the government,B,True,0.0016165876,0.99445266,0.0019499768,0.0019806847
Which of the following candies is traditionally fruit flavored?,M&M's,Skittles,Reese's Pieces,Junior Mints,B,False,0.1279802,0.23909849,0.2625983,0.37032297
In 1926 the Harlem Globetrotters basketball team was formed in what city?,Boston,Philadelphia,Chicago,New York City,C,False,0.013992684,0.057098884,0.03573157,0.89317685
Which of the following steps in the design of a dog house would be earliest?,Acquiring all the tools necessary for the building,Purchasing all the materials for building the structure,"Identifying the color, shape, and style of the exterior surface",Accessing the measurements of the dog and all the interior materials,D,False,0.35633734,0.33474794,0.19678818,0.112126514
What was the name of the 1999 art exhibit that sparked a national debate about censorship?,Sticks & Stones',Pulsation',Black & White',Sensation',D,True,0.07808978,0.07808978,0.030106293,0.8137142
What was the title of Beethoven's only completed opera?,Faust',The Silence',Immortal Beloved',Fidelio',D,True,0.02058487,0.04638872,0.029950807,0.90307564
What is the name of the StarKist tuna mascot?,Charlie,Sam,Al,Morris,A,True,0.43223616,0.29707128,0.19789213,0.07280045
Which of the following groups was converted to Christianity in the tenth century C.E. by missionaries from the Byzantine Empire?,Franks,Visigoths,Russians,Anglo-Saxons,C,False,0.19815026,0.48282325,0.12995012,0.1890763
Which of these words is an adverb?,hurried,fast,speedy,quickly,D,True,0.13067468,0.26812702,0.08436991,0.51682836
On which part of a car would you find the 'caliper'?,battery,engine,radiator,brakes,D,True,0.010636013,0.07268395,0.017263955,0.899416
Which of these plants is the national emblem of Scotland?,ivy,thistle,rose,linden,B,True,0.014866003,0.9790444,0.003700441,0.0023891842
How much does it cost to air condition all American automobiles for a year (as of 2018)?,$10m,$100m,$1 billion,$10 billion,C,False,0.19345233,0.42253876,0.23334807,0.15066083
What fictional character claims to be 'smarter than the average bear'?,Paddington Bear,Fozzie Bear,Smokey Bear,Yogi Bear,D,True,0.017099878,0.06763133,0.010371601,0.9048972
If you are truly afraid of the dark what do you suffer from?,hypnophobia,cryptophobia,hadephobia,nyctophobia,D,True,0.068422526,0.07514745,0.048518836,0.80791116
Which of the following is a way in which Congress can influence the federal bureaucracy?,Increasing or decreasing departmental salaries,Appropriating funds,Appointing agency heads,Dismissing cabinet secretaries,B,True,0.01157884,0.9791445,0.006394442,0.002882201
What country was once ruled by shoguns?,China,Japan,North Korea,Taiwan,B,True,0.001619827,0.99644536,0.0009522471,0.0009824747
On what continent can you find tigers in the wild?,Africa,Asia,Europe,South America,B,True,0.005455669,0.9920568,0.0008236829,0.0016638852
"The construction of a transportation network that included roads, canals, and steamboats that took shape in the United States in the early decades of the nineteenth century had which of the following effects in the years before the Civil War?",It decreased the need for immigrant labor.,It stimulated the development of a market revolution.,It weakened the plantation system in the southern states.,It transformed the United States into an international military power.,B,True,0.05886842,0.8650651,0.064654306,0.011412163
What is the more common name for the disease 'pertussis'?,whooping cough,tennis elbow,black lung,German measles,A,True,0.9472472,0.029512389,0.01905463,0.004185747
The primary purpose of a Supervised Agricultural Experience ( SAE ) program is to,provide a basis for students to apply for and win proficiency awards,provide students with an income to be used to learn money management skills,"give students a chance to earn enough money to qualify for local, state, and national FFA degrees",allow students to apply skills learned in the classroom and learn new skills in a specialized area,D,True,0.006716181,0.018256472,0.03864895,0.9363784
An early-nineteenth-century railroad steam engine is an excellent example of which of the following power systems?,Internal combustion engine,External combustion engine,Rotary engine,Reaction engine,B,True,0.027661651,0.9451059,0.023660263,0.0035721655
With which of the following statements would both Thomas Hobbes and John Locke most probably have agreed?,Government authority is created as the result of a social contract.,Government must enforce religious law to prevent moral decay.,Government must enforce the majority's will regardless of the wishes of the minority.,Government must bend to the will of the educated minority.,A,True,0.8436469,0.08096233,0.049106136,0.026284622
In the classic song 'Take Me Out to the Ballgame' for whom do we 'root root root'?,the umpire,the home team,the bat boy,Mighty Casey,B,True,0.013593726,0.9529938,0.018008761,0.01540371
Who was Charlie McCarthy?,a US senator,a Chicago gangster,a famous baseball pitcher,a wooden dummy,D,True,0.0020383783,0.014828181,0.006579966,0.9765535
How many states were in the Confederate States of America?,11,13,16,22,A,True,0.5924726,0.38252908,0.016807156,0.008191153
Who were the Chicago Seven?,war protesters,bluegrass musicians,bank robbers,mobsters,A,True,0.9628541,0.022644158,0.008594752,0.0059070815
Which dwarf planet is closest to the Sun?,Pluto,Eris,Ceres,Makemake,C,True,0.24317683,0.31224522,0.38859546,0.055982485
What company makes perfumes called 'Beautiful' and 'Pleasures'?,Estee Lauder,Ralph Lauren,Elizabeth Arden,Calvin Klein,A,True,0.36017027,0.2718708,0.18685387,0.18110499
What nationality was Karl Marx?,Russian,German,Danish,English,B,True,0.00961684,0.9809444,0.0021795987,0.007259172
In America what is the main ingredient in pepperoni?,Fish,pepper,wheat,meat,D,True,0.0073987907,0.04749819,0.020428717,0.9246743
A student in the process of solving a fabrication problem in the manufacturing laboratory asks the teacher what assembly procedures should be used. The teacher's best response would be to,give an opinion as to the best assembly procedure for the particular problem,suggest two or three possible assembly procedures and have the student select one,place the responsibility completely on the student for making the judgment,use leading questions to help the student review and analyze the relative merits of several assembly procedures,D,False,0.04354987,0.90248924,0.015528184,0.038432624
"If the government places a price ceiling on leather garments that is below the equilibrium price, which of the following will occur in the market for leather garments?",There will be a shortage.,There will be a surplus.,The demand curve for leather garments will shift leftward.,The supply curve for leather garments will shift rightward.,A,True,0.36589962,0.25147888,0.24374169,0.13887984
"During President Dwight Eisenhower's administration in the 1950s, the federal government promoted significant changes in transportation in the United States by",establishing generous subsidies for urban mass transit,sponsoring research to develop less polluting automobiles,funding the construction of the interstate highway system,funding the establishment of a national railroad passenger system,C,True,0.0026469212,0.010306473,0.97228324,0.014763341
Animals in which of the following groups may have a backbone and a spinal cord?,Mollusks,Chordates,Invertebrates,Echinoderms,B,True,0.0078361975,0.9641566,0.020645631,0.0073614265
Which of the following statements best illustrates active listening on the part of a second-grade teacher who is helping a student solve a personal problem?,"I have gathered the facts, and I know what really happened.","I understand you, and I know what is best for you.",I believe you understood the class rules.,I respect you as a person with your own ideas and feelings.,D,False,0.030070169,0.9066746,0.023418672,0.039836504
Which of the following stages is the first step in the writing cycle?,Outlining,Brainstorming,Publishing,Editing,B,True,0.29215708,0.7008484,0.00450603,0.0024884662
Which of these is a government agency established to protect investors?,AAA,NBA,SEC,MADD,C,True,0.0033318643,0.006626203,0.9834157,0.006626203
What character did Woody replace on the TV show 'Cheers'?,Coach,Diane,Norm,Frasier,A,False,0.27364725,0.26111603,0.29129598,0.17394076
Which of the following rocks would most likely form from the metamorphism of a shale?,Granite,Quartzite,Schist,Marble,C,True,0.05614275,0.25960144,0.5495763,0.13467945
"Which of the following states of matter is characterized by a closely packed arrangement of particles, resulting in a stable, definite shape and definite volume?",Solid,Liquid,Gas,Plasma,A,False,0.37638545,0.04937103,0.4400392,0.13420437
How old is the Earth approximately?,"50,000 years",300 million years,4.5 billion years,no one knows,C,True,0.0020939107,0.07043276,0.91338587,0.014087438
"As part of a staffing strategy, a human resources manager hires new personnel through a hidden market. Which of the following best represents the use of a hidden market?",Posting the job opening to a social media Web site,Advertising the job opening on job posting Web sites,Receiving a recommendation from a current employee,Participating in a career fair at a local community college,C,True,0.14687805,0.03277292,0.7940152,0.026333781
What liqueur is used to make a Pink Lady cocktail pink?,grenadine,schnapps,triple sec,pernod,A,False,0.3887634,0.06755695,0.53137654,0.012303034
What is the proper nautical use of an anchor?,to catch large fish,to calculate water depth,to hold a ship in place,to damage other boats,C,True,0.0022980585,0.006445064,0.986896,0.0043609487
In ice hockey which of the following is not a penalty?,hooking,charging,carving,butt-ending,C,True,0.1317804,0.20094112,0.4599588,0.20731968
"Ethan, a new preschool student, does not talk or play with other students during center time. Which of the following strategies will best help him develop interpersonal relationships?",Demonstrating empathy for Ethan when there is a conflict during center time,Modeling how to show appropriate affection in the classroom,Encouraging students to name and discuss their feelings throughout the day,Identifying a student to be Ethan's partner and participate in center time with him,D,True,0.088661924,0.13732228,0.30946052,0.46455526
If a business files under Chapter 11 what is it doing?,declaring bankruptcy,selling stock,buying a smaller,company suing the government,A,True,0.9780391,0.014170675,0.006387223,0.0014030867
How many $100 bills does it take to equal one million dollars?,one thousand,five thousand,ten thousand,one hundred thousand,C,False,0.1647316,0.24729142,0.2802179,0.30775914
A prekindergarten teacher is planning a lesson with a teaching objective of categorizing geometric objects by type of shape. Which of the following actions must children be able to perform successfully before the teacher teaches the lesson?,Identifying attributes of objects,Recognizing the position of whole numbers,Creating sets of objects using counters,Matching values with their numerical representatives,A,False,0.056312118,0.046684388,0.88086975,0.016133692
What former 'Today' show personality played a neighbor on the TV sitcom 'The Hogan Family'?,Jane Pauley,Willard Scott,Deborah Norville,Joe Garagiola,B,True,0.07761453,0.808762,0.055036947,0.058586527
"If one party to a contract is forced to sign, the contract is defined as",enforceable,executory,unilateral,voidable,D,True,0.13964736,0.22315583,0.17931074,0.45788604
What was the name of the first ship to sail around the world?,Triton,Victoria,Magellan,Elizabeth II,B,False,0.11077642,0.22729847,0.6178613,0.044063814
Which of the following was a direct result of the First Opium War of 1839-1842?,The Chinese commissioner of trade in Canton (Guangzhou) banned the opium trade in that city.,China was forced to open some of its ports to international trade.,Chinese revolutionaries toppled the Qing dynasty.,Chinese leaders set out to remake their economy along Western lines.,B,True,0.03435475,0.9431641,0.012638406,0.009842801
What animal is considered sacred in India?,Sheep,Cow,Chicken,Dog,B,True,0.005725232,0.9779984,0.011747412,0.004529031
In computer terminology what does the acronym 'FTP' stand for?,file transfer protocol,full time portal,full text processor,free to print,A,True,0.96275914,0.029995676,0.005906499,0.0013386722
What is the art of elegant handwriting called?,calligraphy,engraving,decoupage,lithography,A,True,0.9690508,0.02208872,0.007633657,0.0012268403
By what collective name do Christians refer to God the Father God the Son and the Holy Ghost?,the Trio,the Troika,the Triumvirate,the Trinity,D,True,0.003353075,0.013056065,0.009258136,0.9743327
In what year did the United States last win an Olympic gold medal in men's ice hockey?,1976,1980,1984,1988,B,True,0.21163993,0.3832304,0.2183581,0.18677157
What term describes the passing of genetic traits from one generation to the next?,heredity,heresy,homogeneity,hemoglobin,A,True,0.9659268,0.023437519,0.005068719,0.0055668987
Modern computer microchips are primarily composed of what element?,Sodium,Silicon,Aluminum,Silver,B,True,0.0060498677,0.9861282,0.005338989,0.0024828606
The film 'Stand By Me' is based on a novel by what author?,Anne Proulx,Stephen King,Dean Koontz,Frank McCourt,B,True,0.0029288563,0.99499434,0.001543399,0.0005333844
What kind of car did Burt Reynolds drive in the movie 'Smokey and the Bandit'?,Lamborghini,Camaro,Corvette,Transam,D,False,0.020151926,0.9121458,0.03649042,0.031211913
Which of the following is the best description of traditional phonics instruction?,Students study lists of high-frequency words in order to increase reading speed and comprehension.,"Students are taught individual letter sounds first, followed by letter combination sounds and the rules of putting these combinations together to make words.","Students are immersed in written language, and encouraged to decode entire words using context clues.",Students analyze patterns of organization and syntax as a way of learning to recognize common structures.,B,True,0.0036331126,0.99174374,0.0020063953,0.002616833
Who composed the 'Moonlight Sonata'?,Mozart,Handel,Bach,Beethoven,D,True,0.0024738077,0.010914952,0.004078619,0.9825326
The first commercial radio station was located in what city?,Chicago,Austin,Pittsburgh,Cleveland,C,False,0.7460855,0.10097169,0.11804787,0.034894887
Which of these is not a position on an American football team?,quarterback,tight end,striker,free safety,C,False,0.17616424,0.3395655,0.13935739,0.34491286
Which of these is not a type of primate?,baboon,marmot,orangutan,chimpanzee,B,True,0.080318645,0.6830901,0.152418,0.08417322
In 1986 Libyan leader Muammar Qaddafi drew a so-called 'Line of Death' overwhat body of water?,Gulf of Sidra,Gulf of Oman,Red Sea,Persian Gulf,A,True,0.7487878,0.12611645,0.05095565,0.074140035
What is the nickname of Florida's controversial death row electric chair?,Old Yeller,Old Geezer,Old Smoky,Old Sparky,D,True,0.020570977,0.07179977,0.11120565,0.7964236
The dance known as the 'fandango' is of what origin?,Australian,African,Native American,Spanish,D,True,0.0039064595,0.016191823,0.038842168,0.9410596
In what restaurant can you order a Grand Slam breakfast?,Denny's,McDonald's,Burger King,Hardee's,A,False,0.37271255,0.4937639,0.07812479,0.055398773
Which of these minerals is hardest on the Mohs scale?,Corundum,Quartz,Apatite,Calcite,A,True,0.7241784,0.21406671,0.019602612,0.042152237
Which of the following beverages is brewed from the leaves of a plant?,tea,coffee,ginger ale,wine,A,True,0.9406759,0.04005881,0.0138439555,0.005421371
"According to Erik Erikson, the primary dilemma faced in adolescence is",industry vs. inferiority,identity vs. identity confusion,generativity vs. stagnation,integrity vs. despair,B,True,0.02875042,0.9520831,0.014011835,0.005154666
What literary work is the source of the quote 'Abandon every hope all you who enter here'?,Paradise Lost',The Wizard of Oz',The Divine Comedy',Beowulf',C,False,0.45058918,0.2819715,0.23376259,0.03367669
What's the popular name of the breakfast meal consisting of sausages wrapped in pancakes?,ducks in a pond,pigs in a blanket,cows in a pasture,dogs in the oven,B,True,0.0039834967,0.97472954,0.01730352,0.0039834967
Which of the following is not a TV cartoon duo?,Chip and Dale,Beavis and Butt-head,Simon and Garfunkel,Tom and Jerry,C,True,0.1270291,0.304727,0.3453009,0.22294302
Which of these is not a 'lock' function on a standard desktop computer keyboard?,print lock,number lock,scroll lock,caps lock,A,False,0.20592557,0.24839365,0.27710316,0.26857758
The American patriot Paul Revere was named for his father whose original name was what?,John Paul Revere,Paul Silver,Apollos Rivoire,Paolo Reverini,C,False,0.2163072,0.645774,0.09598573,0.041933063
Which of these movies does not star Jim Carrey?,Patch Adams',The Truman Show',Dumb and Dumber',The Mask',A,False,0.23502977,0.52143633,0.14707787,0.09645603
What is the name of Mario's brother in the 'Super Mario' video games?,Louis,Luigi,Luciano,Zelda,B,True,0.006678613,0.99119407,0.0015617163,0.0005656161
Who wrote the lyrics of the Frank Sinatra anthem 'My Way'?,Frank Sinatra,Kris Krist offerson,Carole King,Paul Anka,D,False,0.04627204,0.7949569,0.016243014,0.14252792
In the movie Austin Powers: The Spy Who Shagged Me what is the name of Dr Evil's diminutive clone?,Little Buddy,Mini-Me,Small Fry,Dr Evil Jr,B,True,0.01886359,0.9675176,0.009786301,0.0038323707
What is the chemical process wherein a solid is turned to a liquid via the application of heat?,distillation,photosynthesis,freezing,melting,D,True,0.0077045914,0.019069048,0.025262384,0.94796395
In what state is the 1999 movie Magnolia' set?,California,South Carolina,Georgia,Texas,A,True,0.6543736,0.2483722,0.073418684,0.023835557
How long is the time on an NBA shot clock?,18 seconds,24 seconds,30 seconds,35 seconds,B,True,0.3507289,0.38520035,0.21948056,0.04459018
The Pointillist paintings of Georges Seurat are most notable for containing which of the following characteristics?,An expressionistic use of broad brushstrokes and tactile surface texture,Lively figures created through the use of forceful lines,Static figures and a sense of optical surface movement,An emotional use of strident colors with a high degree of simplification,C,True,0.0037409842,0.017029952,0.95931906,0.019910032
Backgammon is a how many player game?,Two,Three,Four,Six,A,False,0.2278388,0.5465569,0.11103977,0.114564545
According to the children's nursery rhyme what type of ocean did Columbus sail in 1492?,calm,blue,windy,really big,B,True,0.2972468,0.474999,0.12009856,0.10765565
Which of these refers to an alcoholic drink laced with a knockout drug?,Zombie,Kamikaze,Mickey Finn,Molotov cocktail,C,True,0.15864904,0.1636851,0.64738715,0.030278701
"Students are reading the following passage from the National Park Service's Web site. Ten miles long and nearly 500 feet deep (152.4 m meters), Lake McDonald, the largest lake in the park, is a direct result of glacial carving. High peaks surrounding the lake all show evidence of the power of glaciers to carve even the hardest of rock. The powerful glaciers that carved the broad U-shaped valley that Lake McDonald sits in also carved smaller hanging valleys with wonderful waterfalls that are accessible by numerous hiking trails. Which of the following best identifies the intended audience of the passage?",Scientists researching glacier development,Teachers interested in creating virtual park field trips,Academics studying the historical context of national parks,Families interested in visiting Lake McDonald,D,True,0.0022872782,0.022042835,0.008632097,0.9670378
How do you express 3/4 as a decimal?,0.25,0.5,0.75,0.9,C,True,0.18031062,0.2706783,0.4462731,0.1027379
What tea is known for its distinctive bergamot flavor?,Earl,Grey Darjeeling,English Breakfast,Prince of Wales,A,False,0.017438449,0.9521071,0.023835534,0.0066188886
"Science fiction: readers claim to either love it or loathe it; either they avoid it like poison or they devour favorite works and authors like chocolate addicts gulping down fudge truffles. The author of the passage compares certain readers with ""chocolate addicts"" primarily in order to",suggest that science fiction is not a serious literary genre,indicate the depth of certain readers' feelings about science fiction,explain why some readers consider science fiction to be dangerous,contrast the characteristics of science fiction with those of other literary genres,B,True,0.07615122,0.79351395,0.06313158,0.06720322
Which of these foods could contain small amounts of naturally occurring opium?,chocolate truffles,poppy seed bagels,carbonated soda,sesame chicken,B,True,0.024701206,0.9563291,0.011668024,0.007301663
What is the slowest wind speed a hurricane can have according to the Saffir-Simpson scale?,50 m.p.h.,74 m.p.h.,96 m.p.h.,110 m.p.h.,B,True,0.27772585,0.4169159,0.20318858,0.10216963
In which of the following bands did Jimmy Page not play guitar?,Bad Company,The Firm,Led Zeppelin,The Yardbirds,A,False,0.23540498,0.34251222,0.20774417,0.21433868
Which of these magazines does not focus on natural science?,Tiger Beat,Outside,National Geographic,Smithsonian,A,True,0.48854223,0.25345236,0.14899696,0.109008506
Which of the following artists is an English landscape painter who created a poetic sense of changing atmospheric effects by using tiny applications of local color?,John Constable,William Morris,William Hogarth,Joshua Reynolds,A,True,0.9029851,0.03393531,0.059558325,0.003521303
A flashing red traffic light signifies that a driver should do what?,stop,speed up,proceed with caution,honk the horn,A,True,0.81217235,0.019706776,0.16500282,0.0031180647
Which composer was famous for writing approximately 600 lieder?,Schubert,Beethoven,Liszt,Mozart,A,True,0.92051774,0.053580556,0.015351087,0.010550638
"Students in a fourth-grade science class are learning about processes that change Earth's surface. Which of the following is the best example of an agent that gradually shapes Earth's surface by taking bits of rock, soil, and other substances away from their original locations and depositing them in other locations?",Fire,Lightning,Water,Sunlight,C,True,0.030109003,0.024574254,0.90784556,0.03747126
What country does Bordeaux wine come from?,France,Spain,Australia,United States,A,True,0.9673894,0.017718356,0.0076205693,0.007271598
What is the loudest animal on earth?,African elephant,sperm whale,blue whale,Indian elephant,C,False,0.26688212,0.51442873,0.17231205,0.04637716
Which of these household pets should be vaccinated for parvovirus?,hamster,cat,dog,bird,C,True,0.019985469,0.19871674,0.73832226,0.042975508
Which color is not considered to be one of the primary colors of light?,red,yellow,green,blue,B,False,0.36512947,0.27134117,0.21132073,0.15220861
If someone has cataracts what part of their body might need an operation?,ear,hand,eye,knee,C,True,0.0068873833,0.007564311,0.9753694,0.010178894
"""I counted seven ministers all preaching at once . . . . Some of the people were singing, others praying, some crying for mercy in the most piteous accents."" The quotation above describes group participation in an event that was most characteristic of which of the following?",A meeting of the Pennsylvania Quakers during the time of the Revolution,A frontier camp meeting of the Second Great Awakening during the early nineteenth century,A presentation to a Chautauqua Assembly during the late nineteenth century,A convention of the Women's Christian Temperance Union during the late nineteenth century,B,True,0.05394277,0.89822775,0.02798514,0.019844437
In baseball how many balls make a walk?,one,two,three,four,D,False,0.19636318,0.752737,0.032055404,0.018844401
What term describes a tribe that has no set homeland and wanders from place to place?,Nomadic,Pedantic,Schematic,Cathartic,A,True,0.96771705,0.014694007,0.013379047,0.0042099035
What is the official language of The Netherlands?,Danish,Swedish,German,Dutch,D,True,0.0022238554,0.0052520437,0.0071786926,0.9853454
Which of these foods is not traditionally considered kosher?,citrus fruits,barley,chicken,shellfish,D,True,0.22330737,0.26107275,0.23770945,0.2779105
The use of inexpensive labor in Asian countries by footwear companies based in the United States and Europe is an example of which of the following?,Primary economic activity,Global division of labor,Intervening opportunity,Global-local continuum,B,True,0.054747347,0.8563926,0.06603791,0.02282209
Which one of the following instruments is used to measure humidity?,anemometer,ammeter,hygrometer,barometer,C,True,0.0032567214,0.010678378,0.96123695,0.024827972
"Jacques, Hedwig, and Reyes want to form a business entity through which they can raise capital by selling equity shares to the public. Which of the following business structures should they adopt?",LLC,PC,Corporation,LLP,C,True,0.092863314,0.09000621,0.68617225,0.13095827
In the Arthurian legend who is married to Guinevere?,Merlin,King Arthur,Lancelot,Camelot,B,True,0.047207292,0.8907363,0.051847067,0.010209293
What does the 'ROM' in CD-ROM stand for?,Really Obscure Memory,Run-Other Memory,Random Object Memory,Read-Only Memory,D,True,0.003212441,0.014397162,0.004124856,0.97826546
In the card game blackjack how much are a queen and a king worth-together?,11,15,20,21,C,False,0.12456541,0.43477598,0.19293067,0.2477279
Which of these performers made her film debut in Spike Lee's 'Dothe Right Thing'?,Jennifer Lopez,Rosie Perez,Paula Abdul,Tisha Campbell,B,True,0.028404668,0.9554462,0.009078677,0.007070481
"A farmer buys a new tractor for $40,000 and expects to use it for 20 years, after which the tractor will have a salvage value of $10,000. What is the straight-line depreciation that can be taken for the first year of ownership?",1500,1667,2000,2250,A,False,0.25772402,0.37498623,0.22044303,0.14684671
In which kind of geometry is the sum of the angles inside a triangle exactly equal to 180 degrees?,elliptical,euclidean,hyperbolic,linear,B,True,0.005250248,0.9850086,0.005250248,0.0044907755
Which of the following short-run costs always increases as output increases?,Average total cost,Marginal cost,Total fixed cost,Total variable cost,D,False,0.023190202,0.9557342,0.008268721,0.012806845
"The book announced an insane world of dehumanization through terror in which the individual was systematically obliterated by an all-powerful elite. Its key phrases‚ÄîBig Brother, doublethink, Newspeak, the Ministry of Peace (devoted to war), the Ministry of Truth (devoted to lies), the Ministry of Love (devoted to torture)‚Äîburned their way at once into the modern consciousness. The passage above discusses",E.M. Forster's A Passage to India,Thomas Pynchon's V.,George Orwell's 1984,Flannery O'Connor's The Violent Bear It Away,C,True,0.015551464,0.037306022,0.9325332,0.014609248
What is the capital of New Zealand?,Sydney,Wellington,Auckland,Melbourne,B,True,0.015498793,0.9588764,0.02118434,0.0044404785
What popular toy is featured in the film 'The Hudsucker Proxy'?,Beanie Babies,Hula Hoop,Lincoln Logs,Lite Brite,B,True,0.13096398,0.42941436,0.13512121,0.3045004
What is the most popular month for weddings in America?,January,May,August,November,C,False,0.06485944,0.6349032,0.19978115,0.10045627
Which of the Three Stooges was not related to the others?,Moe,Larry,Curly,Shemp,B,False,0.16566081,0.31931958,0.1416972,0.3733224
What is the name for the thin board used to mix colors while painting?,pestle,easel,shoe,palette,D,True,0.008924222,0.020111045,0.0019603914,0.9690044
Which of these foods could you catch at sea?,shallot,stollen,scallop,scone,C,True,0.07151691,0.06311345,0.8184677,0.046901934
If a ring has the number 925 stamped into it it is most likely made of what material?,platinum,gold,steel,silver,D,True,0.0032478662,0.07277505,0.00925231,0.91472477
Which of the following questions can a student ask to best determine whether an author is using the persuasive technique of pathos in a passage?,Does the author use tone and style to convey authority on the subject to the audience?,Does the author use credible and reliable sources to convince the audience of the argument?,Does the author use facts and sound reasoning to substantiate claims made to the audience?,Does the author use personal connections and stories to appeal to the audience's emotions?,D,True,0.0055159726,0.019863779,0.017529724,0.9570905
During which war did US troops fight the Battle of New Orleans?,American Revolution,Civil War,Mexican War,War of 1812,D,True,0.016133277,0.036356896,0.038701717,0.9088081
What animal is used to make lard?,pig,cow,snake,chicken,A,True,0.61131537,0.3825514,0.0036350142,0.0024983063
"If the permeability of subsoil is rapid, the subsoil texture is most likely classified as",coarse,medium,fine,silty,A,False,0.2559673,0.27247578,0.181508,0.29004896
"A passage Jane Eyre is as follows. This was all the account I got from Mrs. Fairfax of her employer and mine. There are people who seem to have no notion of sketching a character, or observing and describing salient points, either in persons or things: the good lady evidently belonged to this class; my queries puzzled, but did not draw her out. Mr. Rochester was Mr. Rochester in her eyes, a gentleman, a landed proprietor‚Äìnothing more: she inquired and searched no further, and evidently wondered at my wish to gain a more definite notion of his identity. Mrs. Fairfax differs from the speaker in that Mrs. Fairfax",has more interest in the complexities of people's personalities,judges people by their social station in life,is more willing to take people at face value,has a more positive opinion of Mr. Rochester,C,False,0.33318353,0.2594836,0.2594836,0.14784929
Earth's seasons are caused by which of the following?,The tilt of Earth's axis of rotation relative to the ecliptic as Earth revolves around the Sun,The varying amount of sunspot activity,Earth's orbit about the Sun as an ellipse rather than a circle,The rotation of Earth during a 24-hour day,A,True,0.9449241,0.03780172,0.008839495,0.008434704
According to the Bible Moses and Aaron had a sister named what?,Jochebed,Ruth,Leah,Miriam,D,False,0.31996685,0.31996685,0.16599661,0.19406971
Where is the Frank Lloyd Wright-designed house known as Falling Water?,Connecticut,Pennsylvania,Illinois,New York,B,True,0.0019025919,0.97028726,0.024673188,0.003136844
In the story 'Jack and the Beanstalk' what does Jack trade to get the magic beans?,a cow,a hat,a harp,a goose,A,False,0.36285773,0.6172418,0.010957354,0.008943132
Which of these vitamins was the first to be named?,Vitamin A,Vitamin-12,Vitamin E,Vitameat avegimen,A,True,0.8591791,0.075074226,0.05001022,0.015736414
How many water molecules are in a human head?,8*10^21,8*10^23,8*10^25,8*10^27,C,False,0.1811505,0.39566907,0.24760339,0.17557709
Who wrote musicals with Oscar Hammerstein II?,Richard Rodgers,Rogers Hornsby,Gilbert O' Sullivan,George Rogers Clark,A,True,0.91281676,0.0640898,0.0138603905,0.00923301
If Christmas Day is on a Saturday then the following New Year's Day falls on what day of the week?,Sunday,Monday,Friday,Saturday,D,False,0.23552318,0.41335604,0.16187255,0.18924817
What Mexican holiday takes place on May 5th?,Mexican Independence Day,Santa Anna's Birthday,Cinco de Mayo,Christmas,C,True,0.019759485,0.02383449,0.95206535,0.004340583
Which of the following is a type of bacterium that produces a toxin in food under anaerobic conditions?,Clostridium botulinum,Clostridium tetani,Mycobacterium bovis,Staphylococcus aureus,A,True,0.8617256,0.1130338,0.01845226,0.006788207
Which of the following lists the gases that were most likely the largest components of Earth's early atmosphere?,N_2 and O_3,C_2H_4 and O_2,"Ne, Ar, Kr, and Rn","N_2, H_2O, CO_2, CH_4, and NH_3",D,False,0.052109163,0.08070824,0.7421792,0.12500338
What disease is characterized by a body's inability to properly metabolize glucose?,Influenza,Septicemia,Diabetes,Arthritis,C,True,0.00082997297,0.0072827814,0.98413473,0.00775248
Who co-founded Microsoft with Bill Gates?,Steve Jobs,Steve Wozniak,Paul Williams,Paul Allen,D,False,0.014323509,0.8861641,0.0031464573,0.09636588
Who was the first First Lady to run for political office?,Hillary Clinton,Rosalynn Carter,Bess Truman,Eleanor Roosevelt,A,False,0.14873163,0.58824503,0.13972044,0.123302855
Who or what was Big Bertha?,a comet,a World War I gun,a pro wrestling champion,a giant Muppet,B,True,0.009499661,0.96899176,0.015180415,0.0063281385
To ward off bad luck what do many people do to wood?,knock on it,kiss it,thank it,scratch it,A,False,0.2253752,0.5937846,0.086889885,0.09395036
What kind of flying contraption is featured in the movie 'Chitty Chitty Bang Bang'?,boat,car,truck,bike,B,True,0.10764749,0.84671307,0.030841522,0.014797924
"What is the name of the disease that has been referred to as the ""disease of kings""?",hemophilia,jaundice,rubella,syphilis,A,False,0.31853455,0.040497128,0.026976902,0.61399144
Among these elements which one has the highest atomic mass?,Helium,Sodium,Uranium,Copper,C,True,0.013668673,0.008035399,0.94339174,0.034904182
What car company once manufactured and sold the 'Datsun' line of automobiles?,Nissan,Mazda,Toyota,Daihatsu,A,True,0.66839767,0.25369513,0.053177387,0.024729783
Which part of the electromagnetic spectrum has the shortest wavelength?,Gamma rays,X-rays,Radio waves,Microwaves,A,True,0.6404572,0.11482765,0.19532843,0.04938676
Which of the following is a renewable energy source?,Wood,Oil,Natural gas,Coal,A,True,0.4042141,0.20325162,0.30511683,0.08741743
A _ is a plant cell that helps control the passage of materials into and out of the stomates.,Cell membrane,Cytoplasm,Guard cell,Cellulose,C,True,0.04643593,0.040979564,0.9039947,0.008589783
Which of the following has reduced the power of political parties?,An increase in the number of direct primary elections,A surge in soft-money campaign contributions,Stricter voter registration requirements,A decline in the number of political action committees,A,False,0.15100695,0.21295394,0.51084995,0.12518916
Poverty as defined by the United States government is best understood as,the index value of government services such as Medicaid and public housing,the concept of relative deprivation and is based on changes in the distribution of income,an absolute level set in the 1960s and since adjusted to reflect inflation at the consumer level,a concept based on lifestyle and measured on a sliding scale based on the needs of an individual,C,True,0.123292476,0.093066044,0.75525796,0.028383538
What internet company goes by the acronym AOL?,America Over Lines,America Online,Americans On Links,Americans On LOR,B,True,0.0146689685,0.9660681,0.012547034,0.006715943
What was the original name of the Apple Macintosh XL computer?,Lisa 2,Mac Daddy,Granny Smith,Orange XL,A,True,0.5633193,0.28325474,0.104203604,0.049222294
What country is famous for making wooden shoes?,Russia,Thailand,The Netherlands,Australia,C,True,0.0016594386,0.0049541686,0.9894056,0.003980786
A knish is traditionally stuffed with what filling?,potato,creamed corn,lemon custard,raspberry jelly,A,True,0.8663835,0.09131615,0.032054983,0.010245388
Including the bottom how many sides are on a square-based pyramid?,three,four,five,six,C,False,0.18628447,0.4068827,0.23183478,0.17499807
Which of these is not a traditional Greek dish?,sukiyaki,souvlaki,moussaka,finikia,A,True,0.39346915,0.2970061,0.16922899,0.14029574
What color is Pepto-Bismol liquid?,pink,blue,clear,green,A,True,0.5286797,0.040767405,0.27427542,0.15627743
Which of the following groups was converted to Christianity in the tenth century AD by missionaries from the Byzantine Empire?,Franks,Visigoths,Russians,Anglo-Saxons,C,False,0.2062995,0.45059955,0.15817532,0.18492568
"A passage from Zora Neale Hurston's Their Eyes Were Watching God is as follows. The people all saw her come because it was sundown. The sun was gone, but he had left his footprints in the sky. It was the time for sitting on porches beside the road. It was the time to hear things and talk. These sitters had been tongueless, earless, eyeless conveniences all day long. Mules and other brutes had occupied their skins. But now, the sun and the bossman were gone, so the skins felt powerful and human. They became lords of sounds and lesser things. They passed nations through their mouths. They sat in judgment. Which of the following is the best way of describing the last three sentences of the passage (""They became . . . in judgment"") ?",The sentences emphasize the weariness the sitters feel after a long day's work.,The sentences are used to paint a picture of the way in which the sitters wish they spent their evenings.,The sentences are a vivid way of describing the ease and authority the sitters feel during the evening.,The sentences highlight the contrast between the feelings of the sitters and the feelings of the bossman.,C,True,0.043736763,0.10491904,0.4851407,0.36620343
What Native American tribe did chief Crazy Horse lead?,Apache,Comanche,Sioux,Iroquois,C,True,0.013749354,0.021971406,0.9342479,0.030031351
Which of the following people would benefit most if the value of the United States dollar increased relative to the Japanese yen?,A United States car dealer importing Japanese cars,A Japanese tourist vacationing in the United States,A worker in the United States beer industry,A Japanese baker buying United States wheat,A,False,0.2193705,0.63476956,0.08863369,0.057226215
What is the fundamental basis of competition in a market with poorly differentiated products?,Promotion,Product placement,Price,Value proposition,C,True,0.01577914,0.008990684,0.9610859,0.014144329
The phrase 'hospital corners' refers to what?,bed sheets,paint,landscaping,scissors,A,True,0.96675515,0.019447047,0.010573177,0.0032246367
What sporting event is held annually on Memorial Day weekend?,Iditarod,Kentucky Derby,Indianapolis 500,Super Bowl,C,False,0.05986045,0.53353035,0.35540783,0.05120135
"A student comes across the unfamiliar words ""intercontinental,"" ""interglacial,"" ""interface,"" and ""intercept"" in his reading. The student can use his knowledge of affixes to understand that all of the words share which meaning?",between; among,not; opposite of,earth; environment,under; too little,A,True,0.33455804,0.30461857,0.29989588,0.060927544
"Ballad opera, opera buffa and opéra comique shared which feature?",They contained da capo arias,They began with a French overture.,They focused on everyday problems.,They contained obbligato recitative.,C,True,0.32310417,0.23638806,0.366125,0.074382804
What is the national animal of Australia?,koala,kangaroo,platypus,alligator,B,True,0.0176242,0.9622487,0.012894139,0.007232957
"In weaving, the vertical and horizontal threads in a loom are called the",bobbin and quill,shuttle and paddle,ply and twist,warp and weft,D,True,0.010085391,0.049642038,0.003596057,0.9366765
The majority of calcium in the human body is found where?,Hair,Blood,Bones,Digestive tract,C,True,0.0040845643,0.031629495,0.95369136,0.010594554
Which of these is made from cacao seeds?,marzipan,soy sauce,chocolate,anchovies,C,True,0.006095223,0.023365378,0.96295375,0.0075856275
Which of the following charts is used in advanced manufacturing to record results data for a preproduction process?,R chart,Run chart,X-bar chart,Pareto chart,B,True,0.24883917,0.6556039,0.06291639,0.032640595
A first-grade teacher is planning activities to introduce students to nonstandard units of measurement. Which of the following activities will best meet the teacher's goal?,"Asking students to stand in a line, from the shortest person to the tallest",Asking students to use pencils to measure the length of a desk,Asking students to determine how many one-liter bottles of water can fill a onegallon container,Asking students to use a measuring tape to measure the length of the classroom door,B,True,0.19917685,0.29899988,0.2898006,0.21202266
"When scanning a drive for viruses, it is typically important to check files having which of the following extensions?",.jpg,.pdf,.wav,.exe,D,True,0.003494606,0.0072833844,0.005005792,0.9842163
What term describes a word created by rearranging the letters of another word?,onomatopoeia,malapropism,anagram,antonym,C,True,0.17152336,0.16113128,0.65751624,0.009829071
What biological process replicates DNA?,molting,mitosis,diffusion,peristalsis,B,True,0.0095327515,0.9723671,0.013870072,0.004230133
Louis Pasteur developed which vaccine?,polio,rabies,smallpox,anthrax,B,False,0.03684705,0.43507808,0.5086578,0.019417029
Which of these planets has no known moon?,Neptune,Mercury,Mars,Saturn,B,True,0.2131275,0.6167048,0.10716723,0.063000366
According to a Yale University study what smell is the most recognizable to American adults?,tuna,laundry,popcorn,coffee,D,False,0.088864975,0.49564904,0.34065428,0.07483181
According to the USDA which food group should you eat the most servings of per day?,vegetables,dairy,meats,breads,D,False,0.772175,0.09222315,0.08138665,0.054215197
Which of these organs comes in A pair?,liver,kidney,stomach,gallbladder,B,True,0.25991818,0.47065103,0.07927057,0.1901602
"Carmen spends her entire weekly income on two goods: X and Y. At her current consumption level of the two goods, the marginal utility of the last dollar spent on good X is 5 and the marginal utility of the last dollar she spent on good Y is 10. To maximize her utility, Carmen should",maintain her current consumption level of the two goods,buy fewer units of X and more units of Y,buy fewer units of Y and more units of X,buy fewer units of both X and Y,B,True,0.3696971,0.3935405,0.14032118,0.09644125
The British dish 'bangers and mash' is made up of sausage and what?,eggs,bacon,liver,potatoes,D,True,0.01336652,0.10350584,0.043147657,0.83998
Where are fireworks first known to have been developed?,Italy,China,Great Britain,Greece,B,True,0.01565412,0.9684862,0.01257844,0.003281282
What is the name of the Swedish company that specializes in affordable furniture?,Gambro,Electrolux,Saab,IKEA,D,True,0.0012818923,0.013567976,0.0037676906,0.9813825
A committee of middle school teachers is meeting to begin the process of finding a software program to improve students' drafting skills. Which of the following steps should the committee take first in the process?,Downloading a trial version of the most popular software for evaluation,Conducting a survey to determine the importance of drafting skills in the classroom,Defining the learning objectives they would like the software to meet,Deciding what type of user interface would be most appropriate,C,False,0.30570644,0.43111518,0.23808442,0.025093913
Which of the following words cannot be decoded through knowledge of letter-sound relationships?,Flight,Said,Things,Lamp,B,False,0.210476,0.23116265,0.17723855,0.38112277
In what country are police officers referred to as 'bobbies'?,Israel,Greece,England,France,C,True,0.004468709,0.024157614,0.9649725,0.0064011305
The ability to do which of the following is a characteristic of all living organisms?,Move from place to place,Detect and respond to changes in the environment,Produce sugars by photosynthesis,Produce heat to maintain a constant internal temperature,B,True,0.026153903,0.95122296,0.016112953,0.0065102214
In 1924 the United States Congress passed a bill that significantly altered immigration patterns by,suspending further immigration from Latin America,making it illegal for employers to hire or recruit undocumented workers,"promoting family unification, enabling close relatives of people already resident in the United States to be admitted","reducing immigration quotas sharply, leading to a dramatic decline in immigration",D,True,0.017907126,0.06348627,0.095304176,0.82330245
Astronomers have proposed that the solar system formed from a vast rotating cloud of gas and dust. This explanation is known as which of the following?,Kepler's laws,Big bang theory,Cosmic string theory,Nebular hypothesis,D,False,0.008071244,0.4993502,0.008591794,0.4839868
"The term that best describes an artwork that incorporates theatrical elements such as body movement, audience participation, music, and projected images is",mimesis,installation art,performance art,digital collage,C,True,0.004781053,0.017217234,0.96986884,0.008132845
What substance was used for blood in the famous shower scene from the movie 'Psycho'?,tomato juice,red wine,chocolate syrup,ketchup,C,False,0.5607437,0.2488285,0.115716,0.07471187
What is actor Antonio Banderas native language?,Spanish,Russian,German,French,A,True,0.9375016,0.034148496,0.018566214,0.009783708
A preschool teacher is teaching students to forward roll. Which of the following is a problem most characteristic of preschoolers' forward rolling?,Keeping the chin tucked,Keeping the knees and hips flexed,Losing the curl,Using the hands to cushion the head contact,C,False,0.37849393,0.2857022,0.2090242,0.12677959
John Rockefeller made his fortune in what industry?,automobile,oil,steel,railroad,B,True,0.008999904,0.977222,0.010198227,0.0035799143
What is the name of the South African political party that was headed by Nelson Mandela?,African National Congress,South African Democrats,Inkatha Freedom Party,Aryan National Assembly,A,True,0.9060163,0.049541328,0.041071206,0.0033713297
A kindergarten teacher notices that a new student who is from a foreign country is being excluded from play by a majority of the other students. Which of the following activities is best to help the class become aware of the common interests they share with the new student?,Inviting a member of the new student's family to discuss the family's culture with the class,Creating a chart with the class that shows the many ways students in the class are similar,Using a globe to show the class which country the new student's family comes from,Asking the class to help the new student learn the classroom rules by having students role-play,B,True,0.04286319,0.7363926,0.06638781,0.15435627
How many periods are there in an ice hockey game?,One,Two,Three,Four,C,False,0.06442885,0.52285886,0.23201722,0.18069519
Which of the following parts of the Sun is easily visible only during a total solar eclipse?,Core,Photosphere,Sunspots,Corona,D,True,0.028274799,0.058016118,0.034105916,0.87960315
In what decade was the Hula-Hoop invented?,1890s,1920s,1950s,1970s,C,False,0.0073624076,0.46995503,0.46995503,0.052727494
Which of the following sequences of events is consistent with the presence of a layer of sandstone in bedrock just above a layer of shale?,"A volcano erupted, sending lava out over a layer of shale. The lava cooled and hardened into sandstone.",The water level of a large lake lowered. A beach then formed where previously there had been lake bottom.,"One-celled organisms developed a colony on the seafloor. Shells made by these organisms accumulated and lithified, forming the sandstone.",Mud was deposited and lithified. Subsequent contact metamorphism resulted in localized recrystallization of the shale into sandstone.,B,False,0.35850796,0.33678707,0.19189548,0.11280953
In what US city can you find the Basketball Hall of Fame?,Canton Ohio,Cooperstown New York,Springfield Massachusetts,Lawrence Kansas,C,False,0.005008074,0.9693991,0.022096658,0.0034961991
Which of the following concepts in Robert's Rules of Order requires that motions be dealt with in order of importance?,Order of business,Orders of the day,Order of precedence,Point of order,C,True,0.38835734,0.12220205,0.44006652,0.049374096
When it first appeared on the Internet amazoncom sold only what?,Books,Compact discs,Cars,Clothes,A,True,0.9202052,0.07095861,0.0035328208,0.0053033927
How many digits are in a standard Visa credit card number?,12,15,16,20,C,True,0.12502447,0.38510248,0.42295232,0.06692077
"A passage Jane Eyre is as follows. This was all the account I got from Mrs. Fairfax of her employer and mine. There are people who seem to have no notion of sketching a character, or observing and describing salient points, either in persons or things: the good lady evidently belonged to this class; my queries puzzled, but did not draw her out. Mr. Rochester was Mr. Rochester in her eyes, a gentleman, a landed proprietor‚Äìnothing more: she inquired and searched no further, and evidently wondered at my wish to gain a more definite notion of his identity. The passage suggests that the speaker would describe the ""account"" mentioned in the first sentence as",enlightening,mystifying,deficient,erroneous,C,False,0.15240982,0.6620381,0.1345012,0.051050898
What is the birthstone for the month of January?,topaz,garnet,opal,diamond,B,False,0.07780663,0.07084374,0.014849654,0.83650005
Who kills Tony at the end of the film 'West Side Story'?,Riff,Chino,Bernardo,He kills himself,B,False,0.25761238,0.19445601,0.1612097,0.38672197
In what country did Magic Johnson play professional basketball during the 1999 season?,United States,Sweden,Israel,Turkey,B,True,0.16523612,0.43533918,0.29920396,0.10022077
According to the Mother Goose nursery rhyme which child is full of woe?,Monday's child,Wednesday's child,Thursday's child,Saturday's child,B,True,0.2539768,0.34714508,0.07276556,0.32611263
What is called a 'lorry' in Britain?,a toaster,a truck,a babysitter,an elevator,B,True,0.0019818088,0.9950171,0.0016175052,0.0013835254
What newspaper do Lois Lane and Clark Kent work for?,The Bugle,The Daily Planet,The Metropolis Tribune,The New York Times,B,True,0.016171101,0.96968937,0.009506499,0.0046330984
Which of the following should a computer user do to prevent screen-induced eyestrain?,Use eye drops regularly,Change choice of software programs,Limit the resolution on the monitor,Take periodic breaks to view natural lighting,D,True,0.0027782347,0.02254618,0.015987635,0.95868796
What percent of the observable universe has received radio transmissions from Earth?,10^-24 %,10^-29 %,10^-34 %,10^-39 %,A,False,0.17094466,0.30954078,0.2194973,0.3000172
Where is Ghirardelli Square located?,Milan,Rome,Washington DC,San Francisco,D,True,0.0019177872,0.013950942,0.0060947156,0.9780366
"A research report states that a special education program for children aged 3-5 under study increases their chances of success in future schooling. Therefore, implementing a similar education program for all children will improve them in the future opportunities for success in school education. Which of the following best illustrates the logical loopholes summarized above?",Children's cognitive abilities are constantly changing at the age of 3-5,Establishing such education and training programs on a national basis requires a special public expenditure,Many parents mistakenly believe that early formal education will occupy the time that children would have been able to better explore the world independently,Investigators are unaware that they include a large group of children who have previously received another education,A,False,0.14478257,0.36971527,0.31623423,0.16926798
"The traitor is a traitor, so you are a traitor, so I am a patriot.The words of a patriot are the most valuable, so my words are good.Since my words are good, you are undoubtedly a traitor! Which of the following makes the same logical mistake as above?","Literature and art are not worthy of attention. Modernization must relies on science and technology, so science and technology are worthy of our attention. But literature and art are not science and technology.","Non-university can also become an outstanding talent. Gorky, Edison, Faraday, Franklin, etc. have not attended college, but they have all become outstanding talents.","The earth is a sphere, which can be proved from the fact that when we stand at a height and watch the sailing boat in the sea, we always see the mast first and then the hull. The reason for this is because the earth is a sphere.",I saw them coming out of this chemical plant several times before I realized that this young man who was eager to help patients was originally a worker in this chemical plant.,C,False,0.36454716,0.24284075,0.25850266,0.13410941
"The tobacco industry has a lot of money, and it is expected to continue to do so. Last year, the total amount of tobacco sold by American tobacco farmers increased significantly, but the number of smokers in the country continued to decline. If the following are true, they can be the reason for the above phenomenon, except:",More women start smoking this year than men who have quit.,People who continue to smoke consume more tobacco than in previous years.,The number of people who started smoking grass or taking snuff this year is more than the number who have given up smoking.,More cigarettes produced in the U.S. are exported to other countries this year than last year.,A,False,0.15136433,0.38652235,0.22023381,0.24187952
Which of the following is most characteristic of gesture drawing?,An outline,Action and movement,Gradual shading,Carefully observed details,B,True,0.028946592,0.9585794,0.008556595,0.0039174953
What type of meat is on a traditional Reuben sandwich?,turkey,bologna,corned beef,pepperoni,C,True,0.0056386064,0.011390298,0.978369,0.004602096
Which of the following is the best source of objective information about a prospective employer that is publicly traded?,Annual reports,Press releases,Newspaper articles,10-K filings with the SEC,D,True,0.008251048,0.016409168,0.006629903,0.9687099
What children's TV character is known as 'Da Niao' in China?,Barney,Big Bird,Mickey Mouse,Tinky Winky,B,True,0.22640584,0.35066423,0.18192221,0.24100778
On Valentine's Day 2000 NASA's NEAR spacecraft began a yearlong orbit of what asteroid?,Eros,Cupid,Aphrodite,Venus,A,True,0.8750509,0.061438218,0.049366992,0.01414388
"The gasoline tank in a car holds 15 gallons when full. If there are 7 gallons of gasoline in the tank, how many gallons of gasoline are needed to fill the tank? Which of the following is most appropriate to use to correctly answer the question shown?",Multiplication,Subtraction,Estimation,Division,B,True,0.22632822,0.43625906,0.18185984,0.15555295
What cartoon character traveled in a time machine with Mr Peabody?,Rocky,Jonny Quest,Underdog,Sherman,D,False,0.1310576,0.6866928,0.070150085,0.11209951
Which of these is a type of a artwork consisting of pieces of wood inlaid in geometric patterns?,marquetry,parquetry,harquetry,sharquetry,B,True,0.23154652,0.7358534,0.026803458,0.005796654
What term describes someone who does not believe in the existence of God?,hedonist,deist,agnostic,atheist,D,True,0.0019464414,0.0076983245,0.01309529,0.97726
What animated character has a crush on the Little Red Haired Girl?,Richie Rich,Charlie Brown,Bugs Bunny,Jonny Quest,B,True,0.09110607,0.78703636,0.113383345,0.008474184
Which of these dishes is made from pig intestines?,haggis,chitlins,grits,chop suey,B,False,0.8243425,0.15248804,0.015577633,0.0075919316
Water's high heat capacity allows it to,change density significantly as its temperature changes,gain and lose large amounts of heat without significantly changing the temperature of the water,conduct sound efficiently without significant loss of velocity as the sound waves travel long distances,cause the ocean's surface temperature to fluctuate rapidly as the seasons change,B,True,0.062628314,0.89200115,0.022330811,0.023039667
Which of the following is the government regulator for all securities firms operating in the United States?,Federal Trade Commission,Federal Deposit Insurance Corporation,Federal Reserve Board,Financial Industry Regulatory Authority,D,True,0.0169042,0.10036486,0.24840541,0.63432544
Which of the following elements is a metal?,S,Se,I,Ga,D,True,0.14735098,0.24294071,0.111226365,0.49848196
How many ribs are there in the human body?,18,24,30,42,B,True,0.2971631,0.47486526,0.17469317,0.053278405
Which of these snakes is poisonous?,anaconda,boa constrictor,copperhead,python,C,False,0.21605667,0.3675248,0.31436062,0.10205795
What's unique about a skeleton key?,It opens many locks,It's made of bone,It's extremely old,It hangs in a closet,A,False,0.3149368,0.6667212,0.014055265,0.0042866133
What color is a ruby?,red,black,yellow,blue,A,True,0.9847355,0.008790073,0.0033888752,0.003085606
In the 1960s 'Batman' TV series who was not a guest villain?,The Minstrel,The Archer,The Bookworm,The Squeegee Guy,D,False,0.1395752,0.33482352,0.23012061,0.29548073
Which of these is commonly used to treat allergies?,antimatter,anticoagulants,antiseptics,antihistamines,D,True,0.0019065402,0.006251305,0.0042298445,0.9876123
"How many ships did Columbus set sail with on his initial voyage to ""the New World""?",Two,Three,Five,Ten,B,True,0.109149024,0.83210963,0.045500085,0.01324128
What does the acronym 'REM' stand for?,random energy module,rapid eye movement,red entertainment machine,really energetic music,B,True,0.0023838102,0.99222517,0.0034146502,0.001976248
Where did the Exxon Valdez run aground in March of 1989?,Monterey Bay,Prince William Sound,Cape Cod,Gulf of Mexico,B,True,0.0020385333,0.9920075,0.0041827993,0.0017711086
What is the name of the baby who appears in cartoons and comic strips with Popeye the Sailor?,Pun'kin,Lamikins,Suga'baby,Swee'pea,D,True,0.022398666,0.038101412,0.016387213,0.92311275
A geographer beginning a study of the cultural landscape within a specific region would most likely benefit from which of the following activities?,Describing and mapping the building types on a plat map,Determining how many cars travel along the highway system,Establishing the percentage of adults with a college education,Graphing and analyzing economic data for the past century,A,True,0.7916399,0.12525563,0.037025493,0.04607897
Fragile works of sculpture can be displayed most securely by placing the works,in glass-paneled cases,on a series of pedestals,on wall-mounted shelves with sturdier works around them,"in shadow boxes with signs that read ""Do Not Touch""",A,False,0.11514361,0.75083065,0.09545741,0.038568277
In the Jimmy Buffet song 'Margaritaville' what is the singer searching for?,a lime,a shaker of salt,his car keys,the bartender,B,False,0.086567275,0.23531425,0.22453842,0.45358008
Which of the following actions by the Federal Reserve System would be most likely to increase consumer spending?,Increasing the discount rate to member banks,Decreasing the discount rate to member banks,Selling large amounts of government securities,Keeping reserve requirements of member banks constant,B,True,0.027559925,0.91265935,0.032220818,0.027559925
Which one of these is NOT a mineral?,Quartz,Lithium,Diamond,Calcite,B,True,0.15434687,0.4328765,0.21766397,0.19511274
According to the title of a popular children's TV show what color is Bear's big house?,red,green,purple,blue,D,False,0.5236883,0.19265416,0.09100338,0.19265416
Which of these rocks will float In water?,granite,limestone,shale,pumice,D,True,0.011769977,0.041081257,0.012143597,0.9350051
Who is the twin sister of 'Dear Abby' columnist Abigail VanBuren?,Martha Stewart,Dr Ruth Westheimer,Ann Landers,Miss Manners,C,True,0.050500177,0.18763092,0.7081117,0.05375716
Which of the following would be provided in the marketing segment of a business plan?,How the products and services will be priced,The organizational structure of the business,Any factors that could affect employee retention,The details of the budget plan,A,True,0.6916783,0.068485424,0.015281164,0.22455506
"From the very beginning, I wrote to explain my own life to myself, and I invited any readers who chose to make the journey with me to join me on the high wire. I would work without a net and without the noise of the crowd to disturb me. The view from on high is dizzying, instructive. I do not record the world exactly as it comes to me but transform it by making it pass through a prism of fabulous stories I have collected on the way. I gather stories the way a lepidopterist hoards his chloroformed specimens of rare moths, or Costa Rican beetles. Stories are like vessels I use to interpret the world to myself. ----------Pat Conroy Which of the following best describes the organization of the passage?",The author provides several explanations for taking a certain course of action.,The author uses analogies to explain his experience of a particular action.,The author makes a comparison between his own experiences and that of others in his profession.,The author chronicles the various phases of his work in a particular discipline.,B,False,0.53683704,0.2457819,0.07733871,0.14004232
What is the normal playback speed of a 12'' long-playing record?,12 1/2 rpm,33 1/3 rpm,45 rpm,100 rpm,B,True,0.1703087,0.5084478,0.28079158,0.04045186
During what war did Francis Scott Key write the words to 'The Star-Spangled Banner'?,American Revolution,War of 1812,Civil War,World War I,B,True,0.017859563,0.9750991,0.003685529,0.0033557124
What are the names of Donald Duck's three nephews?,Quick Quack Quock,Alvin Simon Theodore,Robbie Chip Ernie,Huey Dewey Louie,D,True,0.006531291,0.03164973,0.00751747,0.95430154
What company makes Oreo cookies?,General Mills,Nabisco,Keebler,Kraft,B,True,0.062712945,0.89320654,0.028712079,0.015368467
A student is conducting a research project and has learned of a website that may have useful information. The domain extension for the site is .org. Which of the following assumptions about the website is correct?,All of the information on the site is current.,The site has been evaluated for bias.,The site might belong to a nonprofit agency.,The author of the site is well respected in his or her field.,C,True,0.0038733517,0.026059182,0.9477779,0.0222896
To make an international telephone call from within the US what are the first numbers you should dial?,11,101,888,911,B,True,0.29697126,0.59059787,0.09344615,0.018984739
The 'Arkansas toothpick' is better known by what name?,Scottie Pippen,spare rib,pinkie finger,Bowie knife,D,False,0.09983132,0.4474129,0.3075021,0.1452537
What colors are the two circles in the MasterCard logo?,pink and orange,blue and green,black and white,red and yellow,D,False,0.6175708,0.15614636,0.10081567,0.12546712
Which of the following was a significant reason for the electoral success of Franklin Roosevelt's New Deal coalition during the 1930s?,A major shift of African American voters from the Republican to the Democratic Party,A major shift of urban voters in Northern states from the Republican to the Democratic Party,A focus on a bipartisan approach to major social and economic legislation,A focus on mobilizing young voters,A,False,0.0982627,0.84886014,0.03291388,0.019963278
What is the name of the mountain where the mythological Greek gods live?,Jupiter,Olympus,Vesuvius,Valhalla,B,True,0.01453428,0.9571977,0.02181854,0.0064495476
The first sound recording to be made and reproduced was a recitation of what nursery rhyme?,Humpty Dumpty',Mary Had a Little Lamb',Jack Be Nimble',Home Sweet Home',B,True,0.32940367,0.5430948,0.100462444,0.027039098
Which actress played a pointy-eared Vulcan in the movie 'Star Trek II: The Wrath of Khan'?,Whoopi Goldberg,Jennifer Grey,Kirstie Alley,Helen Hunt,D,False,0.27754655,0.055512805,0.6353104,0.03163024
Which of the following is most likely to result from a collision between a continental lithospheric plate and an oceanic lithospheric plate?,A chain of coastal volcanic mountains,A magnetic reversal,A mid-oceanic ridge,A transform fault,A,False,0.14174688,0.16062026,0.17097937,0.5266535
The process of drilling holes in the skull is called what?,bifurcation,trepanation,aeronomy,skullduggery,B,True,0.004319125,0.99282336,0.0016393547,0.001218265
Who is the creator of the comic strip 'The Far Side'?,Jim Davis,Gary Larson,Garry Trudeau,Charles Schulz,B,True,0.0033060259,0.99115586,0.0025747353,0.0029635024
Which of these is not a type of chili pepper?,habanero,cheyenne,jalapero,guajillo,B,True,0.14029574,0.39346915,0.16922899,0.2970061
"In the definition of a public good, the term ""nonrival"" means that",one person's use of the public good does not reduce the amount available to others,the public good is produced by the government without any competition,the public good is produced at zero marginal cost,the public good is mostly consumed by free riders,A,True,0.9049098,0.046482936,0.03096431,0.017642932
Which of these foods is poisonous to dogs?,peanut butter,bananas,chocolate,olives,C,True,0.029457876,0.024806019,0.9022001,0.043535918
What type of substance is 'terra-cotta'?,metal,ceramic,wood,glass,B,True,0.0077407085,0.98264045,0.0075025526,0.0021161921
What disease causes a buildup of fluid pressure in the eyeball and damages the optic nerve at the back of the eye?,astigmatism,cataract,glaucoma,retinitis,C,True,0.0019375054,0.08633855,0.8996684,0.012055563
What article of clothing best describes a 'pashmina'?,shoes,pants,scarf,underwear,C,True,0.0039620246,0.008257569,0.9847425,0.0030377898
Who was the first American in space?,John Glenn,Buzz Aldrin,Alan Shepard,Neil Armstrong,C,False,0.5892234,0.13564692,0.051485766,0.22364397
Stevie Wonder and Michael Jackson have both recorded duets with which former Beatle?,Paul McCartney,John Lennon,George Harrison,Ringo Starr,A,False,0.35788465,0.36924514,0.14918852,0.123681635
In which layer of Earth is the geomagnetic field generated?,Outer core,Crust,Mantle,Inner core,A,False,0.18252686,0.3203446,0.15612349,0.34100506
Which of these is not one of Aesop's fables?,The Dog and the Squirrel',The Hare and the Tortoise',The Eagle and the Beetle',The Ox and the Frogs',A,False,0.10161405,0.31299332,0.38952646,0.1958662
An accounts payable entry appears in the,asset section of the balance sheet,liability section of the balance sheet,cost of goods sold section of the income statement,operating expense section of the income statement,B,True,0.011429119,0.9367481,0.017701766,0.034121048
What is a balalaika?,musical instrument,Russian peasant,type of hat,breed of shark,A,True,0.98550296,0.008526271,0.0041553727,0.0018153479
From what language does the term 'RSVP' originate?,Russian,Italian,Portuguese,French,D,True,0.11318621,0.21817213,0.09383466,0.574807
Which of the following is a true statement about the flow of energy in an ecosystem?,Smaller organisms need less energy per gram of body weight than do larger organisms.,Energy transfer between organisms normally involves conservation of heat energy.,Energy flow between trophic levels is inefficient.,"Chemical energy is converted into radiant energy, which is then converted into chemical energy at the next trophic level.",C,False,0.178585,0.41522253,0.11175563,0.29443687
The Federal Reserve implements an expansionary policy by doing which of the following?,Buying Treasury bonds in the open market,Raising the federal funds rate,Raising the discount rate,Raising the required reserve ratio,A,True,0.8851002,0.09930549,0.011495445,0.004098827
"Determining how a product can be useful, identifying the target price, finding a place to sell the product, and deciding how to promote it best exemplifies using",market research,positioning,marketing mix,segmenting,C,False,0.83706677,0.08551175,0.062561736,0.014859715
In golf what is one stroke overpar called?,eagle,bogey,dormy,birdie,B,True,0.061487,0.6820314,0.16977103,0.086710565
What actress starred on 'Charlie's Angels' for the show's entire run?,Cheryl Ladd,Farrah Fawcett,Jaclyn Smith,Kate Jackson,C,False,0.054866947,0.8062639,0.0726869,0.066182174
If you are watching a Shavian play who is the author?,Shakespeare,Aeschylus,George Bernard Shaw,Anton Chekhov,C,True,0.005436941,0.035453305,0.9433775,0.015732309
In which of these sports do competitors use a 'funny car'?,supercross,dogsledding,gymnastics,drag racing,D,True,0.004599258,0.023356957,0.009437064,0.96260667
The TV show 'House of Style' airs on what network?,E,WB,MTV,Home Shopping Network,C,True,0.02529213,0.04041671,0.9198801,0.014411022
By what nickname is the Federal National Mortgage Association known?,Morty,FEMA,Freddie Mac,Fannie Mae,B,False,0.004895923,0.04944707,0.14762169,0.7980353
In computer terminology what does the acronym 'ISP' stand for?,Individual Site Privacy,Investment Stability Plan,Internal Security Position,Internet Service Provider,D,True,0.0007600317,0.0045835776,0.004879193,0.98977715
Which of these television series was not set in the United States?,Picket Fences',M*A*S*H',Northern Exposure',The Paper Chase',B,True,0.1769495,0.3630768,0.2656327,0.19434102
What day of the week is sometimes called 'hump day'?,Wednesday,Thursday,Friday,Saturday,A,True,0.76267195,0.21850918,0.0075947177,0.011224265
Which of the following figures is a contemporary installation artist who uses image projection and videos?,Bill Viola,Betye Saar,Damien Hirst,Rachel Whiteread,A,True,0.8566816,0.062057808,0.064027734,0.017232832
Scientists believe that a worldwide catastrophic event occurred during the late Cretaceous period and that this event likely caused which of the following?,The movement of aquatic animals onto land,The sudden demise of the dinosaurs,The emergence of Homo sapiens on the grasslands of Africa,The first appearance of mammals,B,True,0.012751821,0.95162797,0.019750407,0.015869899
"According to Article III, Section 1, of the United States Constitution, judges ""shall hold their offices during good behavior..."" A consequence of this clause is that:",Congress cannot remove federal judges from office,federal judges have political independence to fulfill their duties,the president has no influence over the composition of the Supreme Court,federal judges lack opportunity for advancement or promotion,B,True,0.17148292,0.81809926,0.0034495152,0.0069682123
How many cups of coffee were consumed in the United States in the past week (as of 2013)?,300 million cups per week,1 billion cups per week,3 billion cups per week,9 billion cups per week,C,False,0.3173012,0.46167052,0.12425694,0.0967714
In what city would you find people studying art and design at the Fashion Institute of Technology?,Paris,New York,Los Angeles,Melbourne,B,True,0.01086234,0.97779673,0.0077025527,0.0036384282
What is the traditional 20th wedding anniversary gift?,paper,leather,china,silver,C,False,0.0060275528,0.01799495,0.22267562,0.7533019
"Many employers rely on temporary workers to provide flexibility in times of fluctuating need. However, an important consideration in hiring temporary workers is that they",are often less experienced and less committed to the job than full-time employees,are limited to 30 days on the job before they must be offered a permanent position,must be offered health care and other benefits like regular full-time employees,are required to receive pay equal to that of regular full-time employees doing the same job,A,False,0.25880414,0.64054644,0.0542483,0.04640103
Someone would most likely contract salmonella poisoning from eating which of the following?,carrots,chicken,tofu,rice,B,True,0.009512446,0.9552528,0.027098438,0.008136426
Amps are a unit of measurement of what?,electric charge,electric current,electric field strength,electric potential,B,False,0.52448475,0.4348131,0.03859186,0.0021102182
The maximum depth that plant roots can readily penetrate without encountering a restrictive soil layer is referred to as the,effective depth,depth to the subsoil,depth to a parent material,O horizon,A,False,0.17714758,0.59928256,0.15633221,0.06723764
How much more electrical energy will the United States need to generate if everyone drives electric cars?,2*10^19 J,2*10^21 J,2*10^23 J,2*10^25 J,A,False,0.11326288,0.6122933,0.15004893,0.12439493
Which of the following must be obtained by foreigners wishing to permanently reside in the US?,visa,bill of landing,driver's license,carte blanche,A,True,0.96385187,0.024129558,0.0058215274,0.006196983
What is the largest moon in the Solar System?,Ganymede,The Earth's Moon,Pluto,Europa,A,False,0.13576953,0.48892486,0.30596137,0.06934429
Islam first spread to Indonesia through,military conquest by the Mughal empire,mass migrations of African Muslims across the Indian Ocean,Dutch colonization in the 18th century,increased commercial contacts with Indian and Arab merchants,D,True,0.014516297,0.35169768,0.05393459,0.57985145
Which of these is not a city in the state of New York?,Perskippity,Kerhonkson,Schenectady,Lackawanna,A,False,0.2194125,0.33983272,0.19977733,0.2409775
In the original 'Get Smart' TV series what is agent Maxwell Smart's code name?,Agent 86,Agent 99,Larrabee,The Chief,A,False,0.3640154,0.49755004,0.09495909,0.043475438
In horse racing what is the term for a wager on the 1st 2nd and 3rd place finishers in a specific race?,triple action,trifecta,exacta,triple crown,B,True,0.015389231,0.789317,0.17070177,0.024591923
What principle explains why cold food warms up and hot food cools off when stored at room temperature?,entropy,chemical equilibrium,momentum,relativity,A,True,0.96290225,0.03346757,0.003017193,0.00061297993
How much does our highway gas mileage decrease in a heavy rain?,About 0.1%,About 2%,About 10%,About 50%,C,False,0.12949248,0.33067062,0.27413556,0.26570132
"What quantity of oxygen, O_2 , contains very nearly the same number of molecules as 36.0 grams of water, H_2O ?",64.0 grams,32.0 grams,16.0 grams,8.0 grams,A,False,0.2458431,0.48891738,0.14911138,0.11612806
The loss of water in the form of vapor from plants is referred to as the,transpiration,respiration,oxidation,condensation,A,True,0.6796616,0.037164163,0.017014993,0.2661593
"In a holistic evaluation of student essays, evaluations are made on the basis of the",number and variety of errors made by each student,average sentence length and the complexity demonstrated in each essay,ability of each student to communicate in a variety of discourse modes,overall quality of each student's essay in relation to the topic,D,True,0.026823247,0.16952814,0.29753113,0.5061175
Which of the following scenarios does not include a producer?,Direct selling,Reverse channels,Indirect channels,Dual distribution,B,True,0.3248837,0.3458369,0.18511316,0.14416628
In soccer which player is allowed to use his or her hands in the field of play?,midfielder,center,sweeper,goalkeeper,D,True,0.015285259,0.031363312,0.0076859104,0.9456655
As of 1999 which state has the most Girl Scouts?,California,Illinois,New York,Pennsylvania,D,True,0.23802754,0.25337902,0.13992918,0.36866426
In the 1992 animated film 'Aladdin' what device does the hero use to travel from place to place?,talking car,winged horse,magic carpet,hot air balloon,C,True,0.006172586,0.06042289,0.91609305,0.017311446
Which one of these World War II leaders was not at the Yalta Conference?,Stalin,Mussolini,Churchill,Roosevelt,B,True,0.17209482,0.70225435,0.0906876,0.034963183
What is the technical term for the offspring of a female donkey and a male horse?,burro,dorse,hinny,honker,C,True,0.27286592,0.041845344,0.67534965,0.009939141
The atmospheric concentration of which of the following gases is most likely to be directly affected by widespread deforestation?,Carbon dioxide,Ozone,Nitrous oxide,Argon,A,True,0.8566814,0.082213216,0.05476581,0.0063396026
Which of the following words does not appear in the Lewis Carroll poem 'Jabberwocky'?,brillig,bandersnatch,wabe,grelp,D,False,0.27346295,0.28658673,0.20967135,0.23027891
What is the final word of the Pledge of Allegiance?,America,stands,indivisible,all,D,False,0.34286946,0.073001124,0.267027,0.3171024
Which of the following is a sports award?,Oscar,Emmy,Nobel,Espy,D,True,0.010236881,0.044466984,0.02380146,0.92149466
What term is used to describe a group of fish?,Knot,Drape,School,Gaggle,C,True,0.03722439,0.044901185,0.9018644,0.01601001
"Assume that the marginal propensity to consume increased from 0.75 in year 1 to 0.80 in year 2. Based on this information, which of the following is a correct conclusion?","In year 1, a $100 billion increase in government spending would have increased real output by a maximum of $75 billion.","From year 1 to year 2, the spending multiplier increased from 4 to 5.",A given change in government spending would have had a more powerful effect in year 1 than in year 2.,The marginal propensity to save increased from year 1 to year 2.,B,True,0.2036754,0.50410146,0.1797429,0.11248024
At the equator how fast is the earth's surface turning?,about 100 miles per hour,about 500 miles per hour,about 1000 miles per hour,about 2000 miles per hour,C,False,0.34792942,0.37036893,0.13205911,0.14964257
Which of the following components is present in both pneumatic and hydraulic systems?,Exhaust,Reservoir,Compressor,Control value,D,False,0.06702785,0.7670932,0.12522452,0.04065445
The primary purpose of antitrust laws is to,help businesses that are in financial trouble,encourage business investment,prevent business behavior that hampers competition,establish trust between government and businesses,C,True,0.000350072,0.0023187043,0.9957623,0.0015689139
How many pairs of chromosomes are in the genome of a typical person?,1,23,88,7921,B,True,0.011461494,0.96922135,0.012987573,0.006329638
"What was the acronym for the first computer, made back in 1946?",ENIAC,CASD,CNAC,CSREN,A,True,0.93388456,0.04233452,0.015573999,0.008206921
"When a gas turns into a liquid, the process is called",condensation,evaporation,deposition,sublimation,A,True,0.79266894,0.18248275,0.012036041,0.0128123
Which of the following types of stress dominates at divergent boundaries?,Compressional,Left-lateral shear,Right-lateral shear,Tensional,D,False,0.20149386,0.49870208,0.15692356,0.14288054
Which of the following terms refers to pottery that has not been bisque fired?,Raku,Greenware,Terracotta,Stoneware,B,True,0.098762825,0.88026345,0.016634373,0.0043393355
In what year did the Great Depression begin?,1884,1929,1953,1975,B,True,0.0027944893,0.9949071,0.0008931724,0.0014051575
Cheddar cheese got its name from a village in what country?,England,France,Switzerland,Denmark,A,False,0.26702031,0.5310333,0.17787386,0.02407261
Who is the mythological Roman goddess of flowers?,Diana,Echo,Flora,Niobe,C,True,0.023381475,0.02031418,0.9052345,0.051069837
According to legend if you give someone the 'evil eye' what are you doing?,cursing them,blessing a child,counting money,passing time,A,True,0.9688674,0.018889906,0.010763145,0.0014795719
"Which of these rivers flows""through France?",Volga,Seine,Mekong,Allegheny,B,True,0.016982706,0.92722434,0.038271118,0.017521795
What condition is caused by malfunctioning sebaceous glands?,bad breath,shingles,acne,carpal tunnel syndrome,C,True,0.0062005133,0.009603542,0.97958803,0.00460783
What was the name of Huey Lewis band?,The News,The Attractions,The Silver Bullet Band,Louie and Dewey,A,False,0.333895,0.11539102,0.53356266,0.017151345
What high school does the gang from the 'Archie' comic strip attend?,Ridgemont High,Riverdale High,Rumson High,Riker's Island High,B,True,0.10488639,0.85118353,0.025703516,0.018226521
Cheese is a necessary ingredient in which of these dishes?,sushi,french fries,veal parmigiano,chicken pot pie,C,True,0.020091798,0.1052735,0.7307429,0.14389181
What city's airport uses the code ORD?,Chicago,Orlando,New York City,Portland,A,True,0.75284064,0.13926151,0.089913994,0.01798393
Which of the following digital camera settings can be used to keep colors accurate under a variety of light conditions?,White balance,Aperture,ISO speed,Shutter speed,A,True,0.8680472,0.04321752,0.080740966,0.007994438
At what speed will a sedan flip over when it slides sideways into a curb?,10 mph,20 mph,40 mph,80 mpg,B,False,0.10453542,0.37644655,0.4401106,0.07890748
"The intention of making traditional, saleable art objects was abandoned by",Impressionists,Pop artists,Abstract Expressionists,Conceptual artists,D,True,0.03567685,0.37176126,0.10005819,0.49250367
Which of these popular games relies on bluffing?,Outburst,Balderdash,Pictionary,Scattergories,B,True,0.035011888,0.90296847,0.04495615,0.017063431
What sport is featured in the 1996 movie 'Kingpin'?,wrestling,golf,chess,bowling,D,True,0.008030477,0.059337646,0.004434851,0.92819697
Which of the following is an example of a chemical change?,Tearing up a piece of paper,Melting ice,Mixing vinegar with baking soda,Filling a balloon with air,C,True,0.0038315763,0.032586604,0.9523202,0.01126163
Soil structure refers to which of the following?,Arrangement of soil particles,"Proportion of sand, silt, and clay",Organic composition,Profile depth,A,True,0.91846216,0.060579147,0.013946111,0.007012545
"At the border of two countries there is a port where fishermen work. The fishermen do not speak the same language, so they communicate using one that has been invented by them for the purpose of trade. The scenario above most accurately describes which of the following types of language?",A dialect,A creole,A pidgin,A regionalism,C,False,0.057077818,0.69535017,0.23291314,0.014658797
"With what would you use a""wah-wah pedal?",bicycle,stock car,electric guitar,baby,C,True,0.0067401826,0.012592319,0.96955484,0.0111126825
Who is the career hit leader among players never elected to Baseball's Hall of Fame?,Steve Garvey,Jim Rice,Pete Rose,Ken Griffey Jr,C,False,0.30883378,0.43552542,0.19939806,0.05624281
Which of these is not one of the official languages of the United Nations?,Japanese,English,Russian,Spanish,A,True,0.5651116,0.19529735,0.16190718,0.07768391
What people ruled the Andes Mountains until they were conquered by the Spanish in 1532?,Pueblo,Aztec,Inca,Apache,C,True,0.008427769,0.012262331,0.97411764,0.005192198
Which of these organizations is not part of the US government?,NAACP,NASA,CIA,FBI,A,True,0.45468298,0.40125632,0.09833209,0.04572867
Which of these men has never been a head coach in the NFL?,Dick Vermeil,Bill Parcells,Chuck Noll,Pat Riley,D,False,0.28417745,0.36489108,0.10786159,0.24306986
Which of these is not a style of shoe?,gingham,brogan,espadrille,docksider,A,True,0.39851874,0.35169154,0.15364267,0.09614712
Which of these words means 'yes'-in French?,qui,oui,ja,okey-dokey,B,True,0.022251552,0.9461601,0.017879624,0.013708783
Which of these sounds is commonly associated with owls?,chirp,bark,growl,hoot,D,True,0.0103323255,0.018709423,0.01134784,0.9596104
What do the initials 'E E' in poet E E Cummings' name stand for?,Edward Estlin,Edmund Earl,Ernest Eakins,Eugene Evan,A,True,0.80575645,0.14446416,0.034313247,0.015466193
"The true length of a block of wood is 1.010 cm. Three measurements of this block produced the following values: 1.4 cm, 1.2 cm, and 0.9 cm. Which of the following statements is true concerning these measurements?",They are precise and accurate.,They are precise but not accurate.,They are accurate but not precise.,They are neither precise nor accurate.,D,False,0.06218679,0.3930326,0.16384037,0.38094026
What is the medical term for a doctor's identification of a disease?,Hypnosis,Prognosis,Trichinosis,Diagnosis,D,True,0.004370517,0.114492156,0.008293784,0.87284356
Gerry Adams is the president of what organization?,Greenpeace,NASCAR,Sinn Fein,PLO,C,True,0.0068446733,0.022442821,0.954293,0.016419517
What was the birth name of civil rights leader Malcolm?,Michael Brown,Malcolm Little,Malcolm Lincoln,Michael Lloyd,B,True,0.020908073,0.97641265,0.0018556968,0.0008234605
Which of the following dental topics is developmentally appropriate for toddlers?,Growth of permanent teeth,Correct use of incisors while eating,Correct toothbrushing technique,Evolution of the human tooth,C,True,0.17254935,0.34315535,0.35404828,0.13024709
What topic does Spin magazine primarily cover?,politics,washing machines,books,music,D,True,0.00050763297,0.0053729564,0.0017173,0.9924021
What is the name of Raggedy Ann's doll brother?,Red,Freckles,Randy,Andy,D,True,0.16368353,0.24571809,0.18547773,0.40512064
Which of the following tools is LEAST likely to be used in the process of creating a wood sculpture?,A rasp,A gouge,A lathe,An extruder,D,True,0.23729408,0.17911896,0.2160587,0.36752826
What exercise apparatus is used during a 'Spinning' class?,stationary bicycle,treadmill,rowing machine,barbells,A,True,0.9313376,0.027258676,0.039661136,0.0017425888
In the 1976 remake of the classic film 'KingKong' what New York landmark does the giant ape climb?,Statue of Liberty,Empire State Building,World Trade Center,Chrysler Building,C,False,0.17739563,0.72388494,0.0739495,0.02476998
Which of these items is useful for removing ink stains?,baking soda,nail polish,hair spray,butter,C,False,0.7681685,0.12540007,0.07371889,0.03271256
How much angular momentum did Hurricane Florence have when it hit land?,L = 10^16 kg * m^2 / s,L = 10^19 kg * m^2 / s,L = 10^22 kg * m^2 / s,L = 10^25 kg * m^2 / s,B,True,0.2826383,0.3409269,0.2343154,0.14211947
Which of the following responsibilities of a human resources manager would have the most negative impact on a company if performed incorrectly?,Recruiting and hiring new employees,Providing professional development opportunities for employees,Ensuring company compliance with laws and regulations,Filing employee compensation and benefits forms,C,False,0.49577588,0.1214951,0.34074146,0.041987587
A car-manufacturing factory is considering a new site for its next plant. Which of the following would community planners be most concerned with before allowing the plant to be built?,The amount of materials stored in the plant,The hours of operations of the new plant,The effect the plant will have on the environment,The work environment for the employees at the plant,C,True,0.004310513,0.009866862,0.97548217,0.010340382
What team has won the most World Series?,Chicago Cubs,Los Angeles Dodgers,New York Yankees,San Francisco Giants,C,True,0.073386766,0.14824533,0.707239,0.0711289
What is the name of the Newtonian law that states 'An object in Motion tends to stay in motion'?,Law of Inertia,Law of Thermodynamics,Law of Relativity,Law of Gravitation,A,False,0.4547034,0.04363656,0.017630763,0.48402923
Who was the WNBA's Most Valuable Player of 1999?,Rebecca Lobo,Sheryl Swoopes,Lisa Leslie,Yolanda Griffith,D,False,0.08453502,0.6860262,0.17896064,0.050478164
Ada Lovelace is credited with being the first person to have made what?,a computer program,a souffle,a brassiere,a mystery novel,A,True,0.863285,0.09098957,0.039134126,0.0065912623
Which of the following is true of a profitmaximizing firm in the short run?,The firm will shut down to minimize losses if product price falls below average total cost.,The firm will shut down if marginal revenue equals marginal cost but exceeds average variable cost.,"The firm will continue to produce as long as total revenue exceeds total variable cost, even if it incurs loss.",The firm will continue to produce as long as average variable cost is less than average fixed cost.,C,False,0.09035727,0.45887205,0.16361587,0.2871548
From 1971 to 1997 the Democratic Republic of Congo was known as what?,Zaire,Angola,Rhodesia,Belgian Congo,A,True,0.5294147,0.14701316,0.08118838,0.24238372
What is New Mexico's nickname?,The Desert State',Gateway to Paradise',Land of Enchantment',The Garden State',C,True,0.03780946,0.064316064,0.8878559,0.010018511
A kindergarten teacher sets up a literacy center with an activity that asks students to match pictures of objects with pictures of letters to correctly indicate the beginning sound. Which of the following is the teacher trying to develop in students through the center?,Phonics,Vocabulary,Letter recognition,Phonemic awareness,D,False,0.9115381,0.038817972,0.027526066,0.022117816
Which of the following is the best description of a consumer checking account?,An asset for the consumer and a liability for the bank,A liability for the consumer and an asset for the bank,An asset for both the consumer and the bank,A liability for both the consumer and the bank,A,True,0.49396753,0.309117,0.11371779,0.083197705
What was the name of the first nuclear-powered submarine?,Nautilus,Neptune,Nordenfelt III,Nicholas,A,True,0.8460577,0.10104719,0.040826753,0.012068365
What is Andromeda?,The nearest major galaxy to the Milky Way,A bacteria that can cause death,An array of radio telescopes,An element of the Periodic Table,A,True,0.79945153,0.095480874,0.081669115,0.023398593
Which of these is not one of superhero Captain Marvel's abilities?,the power of Apollo,the strength of Hercules,the courage of Achilles,the wisdom of Solomon,A,False,0.11561485,0.24475662,0.26054206,0.37908646
Which of these animals is a rodent?,Bat,Wolverine,Beaver,Koala,C,True,0.120139994,0.29734933,0.4463742,0.13613644
Which two planets are most similar in size diameter wise?,Mars and Mercury,Venus and Earth,Uranus and Neptune,Jupiter and Saturn,B,True,0.4270672,0.51514137,0.04362766,0.0141638275
Which of these stores is not owned by Gap Inc?,Gap,Banana Republic,Old Navy,J Crew,D,True,0.08423351,0.22897041,0.20206568,0.48473036
What is the largest city in Pennsylvania?,Philadelphia,Stewartsville,Harrisburg,Pittsburgh,A,False,0.13290563,0.10679267,0.04182061,0.71848106
A prekindergarten teacher uses a basket of red and yellow apples to reinforce concepts during a mathematics lesson. Which of the following tasks is best targeted at teaching students to compare quantities?,Having students count all the apples in the basket,Having students put one apple in the middle of the place mat on their desks,Having students make a Venn diagram for the color of the apples,Having students determine whether the numbers of red and yellow apples are equal,D,True,0.0161781,0.07480677,0.15349354,0.75552166
